date,power_yoy,ma6,ma12,trend
2003-12-31,15.29,,,震荡
2003-12-31,15.29,,,震荡
2004-03-31,15.7,,,震荡
2004-03-31,15.7,,,震荡
2004-09-30,14.92,15.303333333333333,,震荡
2004-09-30,14.92,15.303333333333333,,震荡
2004-10-31,15.17,15.27,,震荡
2004-10-31,15.17,15.27,,震荡
2004-11-30,15.13,15.242,,震荡
2004-11-30,15.13,15.241999999999999,,震荡
2005-02-28,13.01,14.87,14.87,震荡
2005-02-28,13.01,14.87,14.87,震荡
2005-03-31,13.38,14.551666666666668,14.657142857142857,下行
2005-03-31,13.38,14.551666666666668,14.657142857142857,下行
2005-04-30,13.46,14.178333333333336,14.5075,下行
2005-04-30,13.46,14.178333333333336,14.5075,下行
2005-05-31,13.98,14.021666666666668,14.448888888888888,下行
2005-05-31,13.98,14.021666666666668,14.448888888888888,下行
2005-06-30,13.91,13.811666666666667,14.395,下行
2005-06-30,13.91,13.811666666666667,14.395,下行
2005-08-31,14.12,13.643333333333336,14.37,下行
2005-08-31,14.12,13.643333333333336,14.37,下行
2005-09-30,13.95,13.8,14.335,下行
2005-09-30,13.95,13.799999999999999,14.335,下行
2005-10-31,13.75,13.861666666666666,14.206666666666669,下行
2005-10-31,13.75,13.861666666666666,14.206666666666669,下行
2005-11-30,13.19,13.816666666666665,13.9975,下行
2005-11-30,13.19,13.816666666666665,13.9975,下行
2006-02-28,11.7,13.436666666666666,13.729166666666666,下行
2006-02-28,11.7,13.436666666666666,13.729166666666666,下行
2006-03-31,11.81,13.086666666666666,13.449166666666663,下行
2006-03-31,11.81,13.086666666666666,13.449166666666663,下行
2006-04-30,12.33,12.788333333333334,13.215833333333334,下行
2006-04-30,12.33,12.788333333333334,13.215833333333334,下行
2006-05-31,12.54,12.553333333333336,13.176666666666668,下行
2006-05-31,12.54,12.553333333333336,13.176666666666668,下行
2006-06-30,12.89,12.410000000000002,13.135833333333332,下行
2006-06-30,12.89,12.410000000000002,13.135833333333332,下行
2006-07-31,13.26,12.421666666666669,13.119166666666668,下行
2006-07-31,13.26,12.421666666666669,13.119166666666668,下行
2006-08-31,13.71,12.756666666666668,13.096666666666666,下行
2006-08-31,13.71,12.756666666666668,13.096666666666666,下行
2006-09-30,13.7,13.071666666666667,13.079166666666667,下行
2006-09-30,13.7,13.071666666666667,13.079166666666667,下行
2006-10-31,14.05,13.358333333333334,13.073333333333332,上行
2006-10-31,14.05,13.358333333333334,13.073333333333332,上行
2006-11-30,14.15,13.626666666666663,13.089999999999998,上行
2006-11-30,14.15,13.626666666666663,13.089999999999998,上行
2006-12-31,14.0,13.811666666666666,13.110833333333332,上行
2006-12-31,14.0,13.811666666666666,13.110833333333332,上行
2007-02-28,16.75,14.393333333333336,13.4075,上行
2007-02-28,16.75,14.393333333333336,13.407499999999999,上行
2007-03-31,14.92,14.595,13.675833333333337,上行
2007-03-31,14.92,14.595,13.675833333333337,上行
2007-04-30,15.47,14.89,13.980833333333337,上行
2007-04-30,15.47,14.89,13.980833333333337,上行
2007-05-31,15.83,15.186666666666667,14.2725,上行
2007-05-31,15.83,15.186666666666667,14.272499999999999,上行
2007-06-30,15.56,15.421666666666669,14.524166666666666,上行
2007-06-30,15.56,15.421666666666667,14.524166666666666,上行
2007-07-31,15.68,15.701666666666668,14.756666666666668,上行
2007-07-31,15.68,15.701666666666668,14.756666666666668,上行
2007-08-31,15.2,15.443333333333335,14.918333333333331,上行
2007-08-31,15.2,15.443333333333335,14.918333333333331,上行
2007-09-30,15.12,15.476666666666668,15.035833333333334,上行
2007-09-30,15.12,15.476666666666668,15.035833333333334,上行
2007-10-31,15.0,15.398333333333332,15.144166666666663,上行
2007-10-31,15.0,15.398333333333332,15.144166666666665,上行
2007-11-30,14.94,15.25,15.218333333333334,上行
2007-11-30,14.94,15.25,15.218333333333334,上行
2007-12-31,14.42,15.059999999999995,15.240833333333336,下行
2007-12-31,14.42,15.059999999999997,15.240833333333335,下行
2008-02-29,11.93,14.435,15.068333333333332,下行
2008-02-29,11.93,14.435,15.068333333333332,下行
2008-03-31,13.04,14.074999999999998,14.759166666666667,下行
2008-03-31,13.04,14.074999999999998,14.759166666666667,下行
2008-04-30,12.71,13.673333333333334,14.574999999999998,下行
2008-04-30,12.71,13.673333333333334,14.574999999999998,下行
2008-05-31,12.42,13.243333333333334,14.320833333333333,下行
2008-05-31,12.42,13.243333333333334,14.320833333333333,下行
2008-06-30,11.67,12.698333333333336,13.974166666666669,下行
2008-06-30,11.67,12.698333333333336,13.974166666666667,下行
2008-07-31,10.91,12.113333333333332,13.586666666666666,下行
2008-07-31,10.91,12.113333333333332,13.586666666666666,下行
2008-08-31,10.19,11.823333333333332,13.129166666666668,下行
2008-08-31,10.19,11.823333333333332,13.129166666666668,下行
2008-09-30,9.67,11.261666666666663,12.668333333333337,下行
2008-09-30,9.67,11.261666666666663,12.668333333333337,下行
2008-10-31,8.27,10.521666666666668,12.097500000000002,下行
2008-10-31,8.27,10.521666666666667,12.097500000000002,下行
2008-11-30,6.67,9.563333333333333,11.403333333333334,下行
2008-11-30,6.67,9.563333333333333,11.403333333333334,下行
2008-12-31,5.23,8.49,10.594166666666668,下行
2008-12-31,5.23,8.49,10.594166666666668,下行
2009-02-28,-5.22,5.801666666666666,8.957500000000001,下行
2009-02-28,-5.22,5.801666666666666,8.957500000000001,下行
2009-03-31,-4.02,3.4333333333333336,7.628333333333333,下行
2009-03-31,-4.02,3.4333333333333336,7.628333333333333,下行
2009-04-30,-4.03,1.15,6.2058333333333335,下行
2009-04-30,-4.03,1.15,6.2058333333333335,下行
2009-05-31,-3.66,-0.8383333333333333,4.841666666666666,下行
2009-05-31,-3.66,-0.8383333333333333,4.841666666666666,下行
2009-06-30,-2.24,-2.3233333333333333,3.62,下行
2009-06-30,-2.24,-2.3233333333333333,3.6199999999999997,下行
2009-07-31,-0.89,-3.3433333333333337,2.5733333333333337,下行
2009-07-31,-0.89,-3.3433333333333337,2.5733333333333337,下行
2009-08-31,0.36,-2.413333333333333,1.6941666666666666,下行
2009-08-31,0.36,-2.413333333333333,1.6941666666666666,下行
2009-09-30,1.4,-1.5100000000000005,0.9616666666666666,下行
2009-09-30,1.4,-1.5100000000000005,0.9616666666666666,下行
2009-10-31,2.79,-0.3733333333333333,0.3883333333333333,下行
2009-10-31,2.79,-0.37333333333333335,0.38833333333333336,下行
2009-11-30,4.77,1.0316666666666665,0.0966666666666666,上行
2009-11-30,4.77,1.0316666666666665,0.0966666666666666,上行
2009-12-31,5.96,2.398333333333333,0.0375,上行
2009-12-31,5.96,2.3983333333333334,0.03750000000000001,上行
2010-01-31,40.14,9.236666666666666,2.9466666666666668,上行
2010-01-31,40.14,9.236666666666666,2.9466666666666668,上行
2010-02-28,25.95,13.501666666666669,5.5441666666666665,上行
2010-02-28,25.95,13.501666666666669,5.5441666666666665,上行
2010-03-31,24.19,17.3,7.895,上行
2010-03-31,24.19,17.3,7.895,上行
2010-04-30,23.85,20.81,10.218333333333334,上行
2010-04-30,23.85,20.81,10.218333333333334,上行
2010-05-31,23.31,23.9,12.465833333333334,上行
2010-05-31,23.31,23.9,12.465833333333334,上行
2010-06-30,21.57,26.50166666666667,14.45,上行
2010-06-30,21.57,26.50166666666667,14.450000000000001,上行
2010-07-31,20.25,23.186666666666667,16.211666666666666,上行
2010-07-31,20.25,23.186666666666667,16.211666666666666,上行
2010-08-31,19.34,22.085,17.793333333333333,上行
2010-08-31,19.34,22.085,17.793333333333333,上行
2010-09-30,18.05,21.061666666666667,19.18083333333333,上行
2010-09-30,18.05,21.061666666666667,19.18083333333333,上行
2010-12-31,14.56,19.513333333333332,20.161666666666665,下行
2010-12-31,14.56,19.513333333333335,20.161666666666665,下行
2011-02-28,12.32,17.68166666666667,20.79083333333333,下行
2011-02-28,12.32,17.68166666666667,20.79083333333333,下行
2011-03-31,13.41,16.321666666666665,21.411666666666665,下行
2011-03-31,13.41,16.321666666666665,21.411666666666665,下行
2011-04-30,11.23,14.818333333333332,19.0025,下行
2011-04-30,11.23,14.818333333333332,19.0025,下行
2011-05-31,10.79,13.393333333333333,17.739166666666666,下行
2011-05-31,10.79,13.393333333333333,17.739166666666666,下行
2011-06-30,13.0,12.551666666666668,16.80666666666667,下行
2011-06-30,13.0,12.551666666666668,16.80666666666667,下行
2011-07-31,11.81,12.093333333333334,15.803333333333333,下行
2011-07-31,11.81,12.093333333333334,15.803333333333333,下行
2011-08-31,9.09,11.555,14.618333333333332,下行
2011-08-31,9.09,11.555,14.618333333333332,下行
2011-09-30,11.95,11.311666666666667,13.816666666666668,下行
2011-09-30,11.95,11.311666666666667,13.816666666666668,下行
2011-10-31,11.87,11.418333333333337,13.118333333333332,下行
2011-10-31,11.87,11.418333333333337,13.118333333333332,下行
2011-11-30,11.85,11.595,12.494166666666668,下行
2011-11-30,11.85,11.594999999999999,12.494166666666667,下行
2011-12-31,11.74,11.385,11.968333333333334,下行
2011-12-31,11.74,11.385,11.968333333333334,下行
2012-02-29,6.66,10.526666666666666,11.31,下行
2012-02-29,6.66,10.526666666666666,11.31,下行
2012-03-31,6.8,10.145,10.85,下行
2012-03-31,6.8,10.145,10.85,下行
2012-04-30,6.0,9.153333333333334,10.2325,下行
2012-04-30,6.0,9.153333333333334,10.2325,下行
2012-05-31,5.8,8.141666666666667,9.78,下行
2012-05-31,5.8,8.141666666666667,9.78,下行
2012-06-30,5.5,7.083333333333333,9.339166666666666,下行
2012-06-30,5.5,7.083333333333333,9.339166666666666,下行
2012-07-31,5.4,6.026666666666666,8.705833333333333,下行
2012-07-31,5.4,6.026666666666666,8.705833333333333,下行
2012-08-31,5.1,5.766666666666667,8.146666666666667,下行
2012-08-31,5.1,5.766666666666667,8.146666666666667,下行
2012-09-30,4.8,5.433333333333334,7.789166666666667,下行
2012-09-30,4.8,5.433333333333334,7.789166666666667,下行
2012-10-31,4.9,5.25,7.201666666666667,下行
2012-10-31,4.9,5.25,7.201666666666667,下行
2012-11-30,5.1,5.133333333333334,6.637499999999999,下行
2012-11-30,5.1,5.133333333333334,6.637499999999999,下行
2012-12-31,5.5,5.133333333333334,6.108333333333333,下行
2012-12-31,5.5,5.133333333333334,6.108333333333333,下行
2013-02-28,5.48,5.1466666666666665,5.586666666666666,下行
2013-02-28,5.48,5.1466666666666665,5.586666666666666,下行
2013-03-31,4.25,5.005,5.385833333333333,下行
2013-03-31,4.25,5.005,5.385833333333333,下行
2013-04-30,4.86,5.015,5.224166666666666,下行
2013-04-30,4.86,5.015,5.224166666666666,下行
2013-05-31,4.88,5.011666666666667,5.130833333333333,下行
2013-05-31,4.88,5.011666666666667,5.130833333333333,下行
2013-06-30,5.14,5.0183333333333335,5.075833333333333,下行
2013-06-30,5.14,5.0183333333333335,5.075833333333333,下行
2013-07-31,5.7,5.051666666666667,5.0925,下行
2013-07-31,5.7,5.051666666666667,5.0925,下行
2013-08-31,6.8,5.2716666666666665,5.209166666666667,上行
2013-08-31,6.8,5.2716666666666665,5.209166666666667,上行
2013-09-30,7.2,5.763333333333333,5.384166666666666,上行
2013-09-30,7.2,5.763333333333333,5.384166666666666,上行
2013-10-31,7.4,6.1866666666666665,5.600833333333334,上行
2013-10-31,7.4,6.1866666666666665,5.600833333333334,上行
2013-11-30,7.5,6.623333333333332,5.8175,上行
2013-11-30,7.5,6.623333333333332,5.8175,上行
2013-12-31,7.5,7.016666666666666,6.017500000000001,上行
2013-12-31,7.5,7.016666666666666,6.017500000000001,上行
2014-02-28,4.5,6.816666666666666,5.934166666666667,上行
2014-02-28,4.5,6.816666666666666,5.934166666666667,上行
2014-03-31,5.4,6.583333333333333,5.927499999999999,上行
2014-03-31,5.4,6.583333333333333,5.927499999999999,上行
2014-04-30,5.2,6.25,6.006666666666667,上行
2014-04-30,5.2,6.25,6.006666666666667,上行
2014-05-31,5.2,5.883333333333333,6.035,下行
2014-05-31,5.2,5.883333333333333,6.035,下行
2014-06-30,5.3,5.516666666666667,6.07,下行
2014-06-30,5.3,5.516666666666667,6.07,下行
2014-07-31,4.9,5.083333333333333,6.050000000000001,下行
2014-07-31,4.9,5.083333333333333,6.050000000000001,下行
2014-08-31,4.0,5.0,5.908333333333334,下行
2014-08-31,4.0,5.0,5.908333333333334,下行
2014-09-30,3.9,4.75,5.666666666666667,下行
2014-09-30,3.9,4.75,5.666666666666667,下行
2014-10-31,3.8,4.516666666666667,5.383333333333334,下行
2014-10-31,3.8,4.516666666666667,5.383333333333334,下行
2014-11-30,3.7,4.266666666666667,5.075,下行
2014-11-30,3.7,4.266666666666667,5.075,下行
2014-12-31,3.8,4.016666666666667,4.766666666666667,下行
2014-12-31,3.8,4.016666666666667,4.766666666666667,下行
2015-02-28,2.5,3.6166666666666663,4.3500000000000005,下行
2015-02-28,2.5,3.6166666666666667,4.3500000000000005,下行
2015-03-31,0.8,3.083333333333333,4.041666666666667,下行
2015-03-31,0.8,3.0833333333333335,4.041666666666667,下行
2015-04-30,0.9,2.583333333333333,3.6666666666666665,下行
2015-04-30,0.9,2.5833333333333335,3.6666666666666665,下行
2015-05-31,1.1,2.1333333333333333,3.3250000000000006,下行
2015-05-31,1.1,2.1333333333333333,3.3250000000000006,下行
2015-06-30,1.3,1.7333333333333334,3.0,下行
2015-06-30,1.3,1.7333333333333334,3.0,下行
2015-07-31,0.8,1.2333333333333334,2.6250000000000004,下行
2015-07-31,0.8,1.2333333333333334,2.6250000000000004,下行
2015-08-31,1.0,0.9833333333333334,2.3000000000000003,下行
2015-08-31,1.0,0.9833333333333334,2.3000000000000003,下行
2015-09-30,0.8,0.9833333333333334,2.033333333333333,下行
2015-09-30,0.8,0.9833333333333334,2.033333333333333,下行
2015-10-31,0.7,0.9500000000000002,1.7666666666666668,下行
2015-10-31,0.7,0.9500000000000002,1.7666666666666668,下行
2015-11-30,0.7,0.8833333333333333,1.5083333333333335,下行
2015-11-30,0.7,0.8833333333333333,1.5083333333333335,下行
2015-12-31,0.5,0.75,1.2416666666666667,下行
2015-12-31,0.5,0.75,1.2416666666666667,下行
2016-02-29,2.0,0.9499999999999998,1.0916666666666668,下行
2016-02-29,2.0,0.9499999999999998,1.0916666666666668,下行
2016-03-31,3.2,1.3166666666666669,1.15,上行
2016-03-31,3.2,1.3166666666666667,1.1500000000000001,上行
2016-04-30,2.9,1.6666666666666667,1.325,上行
2016-04-30,2.9,1.6666666666666667,1.325,上行
2016-05-31,2.7,2.0,1.475,上行
2016-05-31,2.7,2.0,1.4749999999999999,上行
2016-06-30,2.7,2.333333333333333,1.6083333333333334,上行
2016-06-30,2.7,2.333333333333333,1.6083333333333334,上行
2016-07-31,3.6,2.85,1.8,上行
2016-07-31,3.6,2.85,1.8,上行
2016-08-31,4.2,3.216666666666667,2.083333333333333,上行
2016-08-31,4.2,3.216666666666667,2.0833333333333335,上行
2016-09-30,4.5,3.4333333333333336,2.375,上行
2016-09-30,4.5,3.4333333333333336,2.375,上行
2016-10-31,4.8,3.75,2.708333333333333,上行
2016-10-31,4.8,3.75,2.708333333333333,上行
2016-11-30,5.0,4.133333333333334,3.0666666666666664,上行
2016-11-30,5.0,4.133333333333334,3.0666666666666664,上行
2016-12-31,5.0,4.516666666666667,3.4249999999999994,上行
2016-12-31,5.0,4.516666666666667,3.4249999999999994,上行
2017-02-28,6.3,4.966666666666666,3.908333333333333,上行
2017-02-28,6.3,4.966666666666666,3.908333333333333,上行
2017-03-31,6.9,5.416666666666667,4.316666666666666,上行
2017-03-31,6.9,5.416666666666667,4.316666666666666,上行
2017-04-30,6.7,5.783333333333334,4.608333333333333,上行
2017-04-30,6.7,5.783333333333334,4.608333333333333,上行
2017-05-31,6.4,6.05,4.9,上行
2017-05-31,6.4,6.05,4.9,上行
2017-06-30,6.3,6.266666666666667,5.2,上行
2017-06-30,6.3,6.266666666666667,5.2,上行
2017-07-31,6.9,6.583333333333333,5.55,上行
2017-07-31,6.9,6.583333333333333,5.55,上行
2017-08-31,6.8,6.666666666666667,5.816666666666667,上行
2017-08-31,6.8,6.666666666666667,5.816666666666667,上行
2017-09-30,6.9,6.666666666666667,6.041666666666667,上行
2017-09-30,6.9,6.666666666666667,6.041666666666667,上行
2017-10-31,6.7,6.666666666666667,6.2250000000000005,上行
2017-10-31,6.7,6.666666666666667,6.2250000000000005,上行
2017-11-30,6.5,6.683333333333334,6.366666666666667,上行
2017-11-30,6.5,6.683333333333334,6.366666666666667,上行
2017-12-31,6.6,6.733333333333333,6.5,上行
2017-12-31,6.6,6.733333333333333,6.5,上行
2018-02-28,13.3,7.8,7.191666666666667,上行
2018-02-28,13.3,7.8,7.191666666666667,上行
2018-03-31,9.8,8.3,7.483333333333334,上行
2018-03-31,9.8,8.3,7.483333333333334,上行
2018-04-30,9.3,8.700000000000001,7.683333333333334,上行
2018-04-30,9.3,8.700000000000001,7.683333333333334,上行
2018-05-31,9.8,9.216666666666669,7.941666666666666,上行
2018-05-31,9.8,9.216666666666669,7.941666666666666,上行
2018-06-30,9.4,9.7,8.191666666666668,上行
2018-06-30,9.4,9.7,8.191666666666668,上行
2018-07-31,9.0,10.1,8.416666666666666,上行
2018-07-31,9.0,10.1,8.416666666666666,上行
2018-08-31,9.0,9.383333333333333,8.591666666666667,上行
2018-08-31,9.0,9.383333333333333,8.591666666666667,上行
2018-09-30,8.9,9.233333333333334,8.766666666666667,上行
2018-09-30,8.9,9.233333333333334,8.766666666666667,上行
2018-10-31,8.7,9.133333333333336,8.916666666666666,上行
2018-10-31,8.7,9.133333333333336,8.916666666666666,上行
2018-11-30,8.5,8.916666666666666,9.066666666666666,下行
2018-11-30,8.5,8.916666666666666,9.066666666666666,下行
2018-12-31,8.5,8.766666666666667,9.233333333333333,下行
2018-12-31,8.5,8.766666666666667,9.233333333333333,下行
2019-02-28,4.5,8.016666666666667,9.058333333333334,下行
2019-02-28,4.5,8.016666666666667,9.058333333333334,下行
2019-03-31,5.5,7.433333333333334,8.408333333333333,下行
2019-03-31,5.5,7.433333333333334,8.408333333333333,下行
2019-04-30,5.6,6.883333333333334,8.058333333333334,下行
2019-04-30,5.6,6.883333333333334,8.058333333333334,下行
2019-05-31,4.9,6.25,7.691666666666666,下行
2019-05-31,4.9,6.25,7.691666666666666,下行
2019-06-30,5.0,5.666666666666667,7.291666666666667,下行
2019-06-30,5.0,5.666666666666667,7.291666666666667,下行
2019-07-31,4.6,5.016666666666667,6.891666666666667,下行
2019-07-31,4.6,5.016666666666667,6.891666666666667,下行
2019-08-31,4.4,5.0,6.508333333333333,下行
2019-08-31,4.4,5.0,6.508333333333333,下行
2019-09-30,4.4,4.816666666666666,6.125,下行
2019-09-30,4.4,4.816666666666666,6.125,下行
2019-10-31,4.4,4.616666666666666,5.75,下行
2019-10-31,4.4,4.616666666666666,5.75,下行
2019-11-30,4.5,4.55,5.400000000000001,下行
2019-11-30,4.5,4.55,5.400000000000001,下行
2019-12-31,4.5,4.466666666666667,5.066666666666667,下行
2019-12-31,4.5,4.466666666666667,5.066666666666667,下行
2020-02-29,-7.8,2.4000000000000004,3.7083333333333335,下行
2020-02-29,-7.8,2.4000000000000004,3.7083333333333335,下行
2020-03-31,-6.5,0.5833333333333335,2.7916666666666665,下行
2020-03-31,-6.5,0.5833333333333335,2.7916666666666665,下行
2020-04-30,-4.7,-0.9333333333333332,1.9416666666666669,下行
2020-04-30,-4.7,-0.9333333333333332,1.9416666666666669,下行
2020-05-31,-2.8,-2.1333333333333333,1.241666666666667,下行
2020-05-31,-2.8,-2.1333333333333333,1.241666666666667,下行
2020-06-30,-1.3,-3.1,0.7250000000000001,下行
2020-06-30,-1.3,-3.1,0.7250000000000001,下行
2020-07-31,-0.7,-3.966666666666667,0.25,下行
2020-07-31,-0.7,-3.966666666666667,0.25000000000000006,下行
2020-08-31,0.5,-2.583333333333333,-0.0916666666666665,下行
2020-08-31,0.5,-2.583333333333333,-0.0916666666666665,下行
2020-09-30,1.3,-1.2833333333333332,-0.3499999999999999,下行
2020-09-30,1.3,-1.2833333333333332,-0.3499999999999999,下行
2020-10-31,1.8,-0.1999999999999999,-0.5666666666666665,上行
2020-10-31,1.8,-0.1999999999999999,-0.5666666666666665,上行
2020-11-30,2.5,0.6833333333333332,-0.725,上行
2020-11-30,2.5,0.6833333333333332,-0.725,上行
2020-12-31,3.1,1.4166666666666667,-0.8416666666666667,上行
2020-12-31,3.1,1.4166666666666667,-0.8416666666666667,上行
2021-02-28,22.2,5.233333333333333,0.6333333333333333,上行
2021-02-28,22.2,5.233333333333333,0.6333333333333333,上行
2021-03-31,21.2,8.683333333333332,3.0499999999999994,上行
2021-03-31,21.2,8.683333333333332,3.0499999999999994,上行
2021-04-30,19.1,11.65,5.183333333333334,上行
2021-04-30,19.1,11.65,5.183333333333334,上行
2021-05-31,17.7,14.300000000000002,7.05,上行
2021-05-31,17.7,14.300000000000002,7.05,上行
2021-06-30,16.2,16.583333333333332,8.633333333333333,上行
2021-06-30,16.2,16.583333333333332,8.633333333333333,上行
2021-07-31,15.6,18.666666666666668,10.041666666666666,上行
2021-07-31,15.6,18.666666666666668,10.041666666666666,上行
2021-08-31,13.8,17.26666666666667,11.25,上行
2021-08-31,13.8,17.26666666666667,11.25,上行
2021-09-30,12.9,15.883333333333336,12.283333333333331,上行
2021-09-30,12.9,15.883333333333335,12.283333333333333,上行
2021-10-31,12.2,14.733333333333333,13.191666666666665,上行
2021-10-31,12.2,14.733333333333333,13.191666666666665,上行
2021-11-30,11.4,13.683333333333332,13.991666666666667,下行
2021-11-30,11.4,13.683333333333332,13.991666666666667,下行
2021-12-31,10.3,12.7,14.641666666666667,下行
2021-12-31,10.3,12.7,14.641666666666667,下行
2022-02-28,5.8,11.066666666666668,14.866666666666667,下行
2022-02-28,5.8,11.066666666666668,14.866666666666667,下行
2022-03-31,5.0,9.6,13.433333333333332,下行
2022-03-31,5.0,9.6,13.433333333333332,下行
2022-04-30,3.4,8.016666666666667,11.95,下行
2022-04-30,3.4,8.016666666666667,11.950000000000001,下行
2022-05-31,2.5,6.400000000000001,10.566666666666666,下行
2022-05-31,2.5,6.400000000000001,10.566666666666666,下行
2022-06-30,2.9,4.983333333333333,9.333333333333334,下行
2022-06-30,2.9,4.983333333333333,9.333333333333334,下行
2022-07-31,3.4,3.8333333333333335,8.266666666666667,下行
2022-07-31,3.4,3.8333333333333335,8.266666666666667,下行
2022-08-31,4.4,3.6,7.333333333333333,下行
2022-08-31,4.4,3.6,7.333333333333333,下行
2022-09-30,4.0,3.4333333333333336,6.516666666666667,下行
2022-09-30,4.0,3.4333333333333336,6.516666666666667,下行
2022-10-31,3.8,3.5,5.758333333333334,下行
2022-10-31,3.8,3.5,5.758333333333334,下行
2022-11-30,3.5,3.6666666666666665,5.033333333333334,下行
2022-11-30,3.5,3.6666666666666665,5.033333333333334,下行
2022-12-31,3.6,3.783333333333333,4.383333333333334,下行
2022-12-31,3.6,3.783333333333333,4.383333333333334,下行
2023-02-28,2.3,3.6,3.716666666666667,下行
2023-02-28,2.3,3.6,3.716666666666667,下行
2023-03-31,3.6,3.466666666666667,3.533333333333333,下行
2023-03-31,3.6,3.466666666666667,3.533333333333333,下行
2023-04-30,4.7,3.583333333333333,3.508333333333333,上行
2023-04-30,4.7,3.5833333333333335,3.508333333333333,上行
2023-05-31,5.2,3.8166666666666655,3.658333333333333,上行
2023-05-31,5.2,3.8166666666666655,3.658333333333333,上行
2023-06-30,5.0,4.066666666666666,3.8666666666666663,上行
2023-06-30,5.0,4.066666666666666,3.8666666666666667,上行
2023-07-31,5.2,4.333333333333333,4.058333333333334,上行
2023-07-31,5.2,4.333333333333333,4.058333333333334,上行
2023-08-31,5.0,4.783333333333334,4.191666666666667,上行
2023-08-31,5.0,4.783333333333334,4.191666666666667,上行
2023-09-30,5.6,5.116666666666666,4.291666666666667,上行
2023-09-30,5.6,5.116666666666666,4.291666666666667,上行
2023-10-31,5.8,5.3,4.441666666666667,上行
2023-10-31,5.8,5.3,4.441666666666667,上行
2023-11-30,6.3,5.483333333333333,4.65,上行
2023-11-30,6.3,5.483333333333333,4.6499999999999995,上行
2023-12-31,6.7,5.766666666666667,4.916666666666667,上行
2023-12-31,6.7,5.766666666666667,4.916666666666667,上行
2024-02-29,11.0,6.733333333333333,5.533333333333334,上行
2024-02-29,11.0,6.733333333333333,5.533333333333334,上行
2024-03-31,9.8,7.533333333333334,6.158333333333334,上行
2024-03-31,9.8,7.533333333333334,6.158333333333334,上行
2024-04-30,9.0,8.100000000000001,6.608333333333334,上行
2024-04-30,9.0,8.100000000000001,6.608333333333334,上行
2024-05-31,8.6,8.566666666666666,6.933333333333334,上行
2024-05-31,8.6,8.566666666666666,6.933333333333334,上行
2024-06-30,8.1,8.866666666666667,7.175,上行
2024-06-30,8.1,8.866666666666667,7.175,上行
2024-07-31,7.7,9.033333333333331,7.399999999999999,上行
2024-07-31,7.7,9.033333333333333,7.3999999999999995,上行
2024-08-31,7.9,8.516666666666667,7.625,上行
2024-08-31,7.9,8.516666666666667,7.625,上行
2024-09-30,7.9,8.2,7.866666666666667,上行
2024-09-30,7.9,8.2,7.866666666666667,上行
2024-10-31,7.6,7.966666666666668,8.033333333333333,下行
2024-10-31,7.6,7.966666666666668,8.033333333333333,下行
2024-11-30,7.1,7.716666666666668,8.141666666666667,下行
2024-11-30,7.1,7.716666666666668,8.141666666666667,下行
2024-12-31,6.8,7.5,8.183333333333332,下行
2024-12-31,6.8,7.5,8.183333333333332,下行
2025-02-28,1.3,6.433333333333333,7.733333333333334,下行
2025-02-28,1.3,6.433333333333333,7.733333333333334,下行
2025-03-31,2.5,5.533333333333332,7.025000000000001,下行
2025-03-31,2.5,5.533333333333332,7.025000000000001,下行
2025-04-30,3.1,4.733333333333333,6.466666666666666,下行
2025-04-30,3.1,4.733333333333333,6.466666666666666,下行
2025-05-31,3.4,4.033333333333333,6.0,下行
2025-05-31,3.4,4.033333333333333,6.0,下行
2025-06-30,3.7,3.466666666666667,5.591666666666666,下行
2025-06-30,3.7,3.466666666666667,5.591666666666666,下行
2025-07-31,4.5,3.083333333333333,5.291666666666667,下行
2025-07-31,4.5,3.083333333333333,5.291666666666667,下行
2025-08-31,4.6,3.633333333333333,5.033333333333333,下行
2025-08-31,4.6,3.633333333333333,5.033333333333333,下行
2025-09-30,4.6,3.983333333333333,4.758333333333333,下行
2025-09-30,4.6,3.983333333333333,4.758333333333333,下行
2025-10-31,5.1,4.316666666666666,4.525,下行
2025-10-31,5.1,4.316666666666666,4.525,下行
2025-11-30,5.2,4.616666666666666,4.325,上行
2025-11-30,5.2,4.616666666666666,4.325,上行
2025-12-31,5.0,4.833333333333333,4.15,上行
2025-12-31,5.0,4.833333333333333,4.1499999999999995,上行
2026-02-28,6.1,5.1,4.091666666666667,上行
2026-02-28,6.1,5.1,4.091666666666667,上行
2026-03-31,5.2,5.2,4.416666666666667,上行
2026-03-31,5.2,5.2,4.416666666666667,上行
2026-04-30,5.4,5.333333333333333,4.658333333333334,上行
2026-04-30,5.4,5.333333333333333,4.658333333333334,上行
2026-05-31,5.7,5.433333333333334,4.875,上行
2026-05-31,5.7,5.433333333333334,4.875,上行
2026-06-30,5.3,5.45,5.033333333333334,上行
2026-06-30,5.3,5.45,5.033333333333334,上行
