date,industry_count,divergence
2019-03-06,1,
2019-03-07,1,
2019-03-08,1,
2019-03-11,1,
2019-03-12,1,
2019-03-13,1,
2019-03-14,1,
2019-03-15,1,
2019-03-18,1,
2019-03-19,1,
2019-03-20,1,
2019-03-21,1,
2019-03-22,1,
2019-03-25,1,
2019-03-26,1,
2019-03-27,1,
2019-03-28,1,
2019-03-29,1,
2019-04-01,1,
2019-04-02,1,
2019-04-03,1,
2019-04-04,1,
2019-04-08,1,
2019-04-09,1,
2019-04-10,1,
2019-04-11,1,
2019-04-12,1,
2019-04-15,1,
2019-04-16,1,
2019-04-17,1,
2019-04-18,1,
2019-04-19,2,
2019-04-22,2,
2019-04-23,2,
2019-04-24,2,
2019-04-25,2,
2019-04-26,2,
2019-04-29,2,
2019-04-30,2,
2019-05-06,2,
2019-05-07,2,
2019-05-08,2,
2019-05-09,2,
2019-05-10,2,
2019-05-13,2,
2019-05-14,2,
2019-05-15,2,
2019-05-16,2,
2019-05-17,2,
2019-05-20,2,
2019-05-21,2,
2019-05-22,2,
2019-05-23,2,
2019-05-24,2,
2019-05-27,2,
2019-05-28,2,
2019-05-29,2,
2019-05-30,2,
2019-05-31,2,
2019-06-03,2,
2019-06-04,2,
2019-06-05,2,
2019-06-06,2,
2019-06-10,3,
2019-06-11,3,
2019-06-12,3,
2019-06-13,3,
2019-06-14,3,
2019-06-17,3,
2019-06-18,3,
2019-06-19,3,
2019-06-20,3,
2019-06-21,3,
2019-06-24,3,
2019-06-25,3,
2019-06-26,3,
2019-06-27,3,
2019-06-28,3,
2019-07-01,3,
2019-07-02,3,
2019-07-03,3,
2019-07-04,3,
2019-07-05,3,
2019-07-08,3,
2019-07-09,3,
2019-07-10,3,
2019-07-11,3,
2019-07-12,3,
2019-07-15,3,
2019-07-16,3,
2019-07-17,3,
2019-07-18,3,
2019-07-19,3,
2019-07-22,3,
2019-07-23,3,
2019-07-24,3,
2019-07-25,3,
2019-07-26,3,
2019-07-29,3,
2019-07-30,3,
2019-07-31,3,
2019-08-01,3,
2019-08-02,3,
2019-08-05,3,
2019-08-06,3,
2019-08-07,3,
2019-08-08,3,
2019-08-09,3,
2019-08-12,3,
2019-08-13,3,
2019-08-14,3,
2019-08-15,3,
2019-08-16,3,
2019-08-19,3,
2019-08-20,3,
2019-08-21,3,
2019-08-22,3,
2019-08-23,3,
2019-08-26,3,
2019-08-27,3,
2019-08-28,3,
2019-08-29,3,
2019-08-30,3,
2019-09-02,3,
2019-09-03,3,
2019-09-04,3,
2019-09-05,3,
2019-09-06,3,
2019-09-09,3,
2019-09-10,3,
2019-09-11,3,
2019-09-12,3,
2019-09-16,3,
2019-09-17,3,
2019-09-18,3,
2019-09-19,3,
2019-09-20,3,
2019-09-23,3,
2019-09-24,3,
2019-09-25,3,
2019-09-26,3,
2019-09-27,3,
2019-09-30,3,
2019-10-08,3,
2019-10-09,3,
2019-10-10,3,
2019-10-11,3,
2019-10-14,3,
2019-10-15,3,
2019-10-16,3,
2019-10-17,3,
2019-10-18,3,
2019-10-21,3,
2019-10-22,3,
2019-10-23,3,
2019-10-24,3,
2019-10-25,3,
2019-10-28,3,
2019-10-29,3,
2019-10-30,3,
2019-10-31,3,
2019-11-01,3,
2019-11-04,3,
2019-11-05,3,
2019-11-06,3,
2019-11-07,4,
2019-11-08,4,
2019-11-11,4,
2019-11-12,4,
2019-11-13,4,
2019-11-14,4,
2019-11-15,4,
2019-11-18,4,
2019-11-19,4,
2019-11-20,4,
2019-11-21,4,
2019-11-22,4,
2019-11-25,4,
2019-11-26,4,
2019-11-27,4,
2019-11-28,4,
2019-11-29,4,
2019-12-02,4,
2019-12-03,4,
2019-12-04,4,
2019-12-05,4,
2019-12-06,4,
2019-12-09,4,
2019-12-10,4,
2019-12-11,4,
2019-12-12,4,
2019-12-13,4,
2019-12-16,4,
2019-12-17,4,
2019-12-18,4,
2019-12-19,4,
2019-12-20,4,
2019-12-23,4,
2019-12-24,4,
2019-12-25,5,
2019-12-26,5,
2019-12-27,5,
2019-12-30,5,
2019-12-31,5,
2020-01-02,5,
2020-01-03,5,
2020-01-06,5,
2020-01-07,5,
2020-01-08,5,
2020-01-09,5,
2020-01-10,5,
2020-01-13,5,
2020-01-14,5,
2020-01-15,5,
2020-01-16,5,
2020-01-17,5,
2020-01-20,5,
2020-01-21,5,
2020-01-22,5,
2020-01-23,5,
2020-02-03,5,
2020-02-04,5,
2020-02-05,5,
2020-02-06,5,
2020-02-07,5,
2020-02-10,5,
2020-02-11,5,
2020-02-12,5,
2020-02-13,5,
2020-02-14,5,
2020-02-17,5,
2020-02-18,5,
2020-02-19,9,
2020-02-20,9,
2020-02-21,9,
2020-02-24,9,
2020-02-25,9,
2020-02-26,9,
2020-02-27,9,
2020-02-28,9,
2020-03-02,9,
2020-03-03,9,
2020-03-04,9,
2020-03-05,9,
2020-03-06,9,
2020-03-09,9,
2020-03-10,9,
2020-03-11,9,
2020-03-12,9,
2020-03-13,9,
2020-03-16,9,
2020-03-17,9,
2020-03-18,9,
2020-03-19,9,
2020-03-20,9,
2020-03-23,9,
2020-03-24,9,
2020-03-25,9,
2020-03-26,9,
2020-03-27,9,
2020-03-30,9,
2020-03-31,9,
2020-04-01,9,
2020-04-02,9,
2020-04-03,9,
2020-04-07,9,
2020-04-08,9,
2020-04-09,9,
2020-04-10,9,
2020-04-13,9,
2020-04-14,9,
2020-04-15,9,
2020-04-16,9,
2020-04-17,9,
2020-04-20,9,
2020-04-21,9,
2020-04-22,9,
2020-04-23,9,
2020-04-24,9,
2020-04-27,9,
2020-04-28,9,
2020-04-29,9,
2020-04-30,9,
2020-05-06,9,
2020-05-07,9,
2020-05-08,9,
2020-05-11,12,
2020-05-12,12,
2020-05-13,12,
2020-05-14,12,
2020-05-15,12,
2020-05-18,12,
2020-05-19,12,0.08274751349033282
2020-05-20,12,0.08108794565283106
2020-05-21,12,0.08075095306166069
2020-05-22,12,0.08065525527461603
2020-05-25,12,0.08023252874309128
2020-05-26,12,0.08132164223493943
2020-05-27,12,0.08238149503008274
2020-05-28,12,0.08094715791507623
2020-05-29,12,0.09034212155720944
2020-06-01,12,0.10179410696670232
2020-06-02,12,0.0965631355404738
2020-06-03,12,0.09596702515311661
2020-06-04,12,0.09407908249008756
2020-06-05,12,0.09329238069695278
2020-06-08,12,0.10262303317427723
2020-06-09,12,0.10542709022708274
2020-06-10,12,0.10628976678423796
2020-06-11,12,0.10705821605193022
2020-06-12,12,0.10686571531338274
2020-06-15,12,0.12750063491967678
2020-06-16,12,0.1282470097278663
2020-06-17,12,0.12665027249687322
2020-06-18,12,0.12469096309613925
2020-06-19,12,0.12105230799710776
2020-06-22,12,0.1438430809137421
2020-06-23,12,0.14662452622444688
2020-06-24,12,0.15352908447142732
2020-06-29,12,0.15504626534179866
2020-06-30,12,0.1543506675679751
2020-07-01,12,0.15715839113483265
2020-07-02,12,0.16188430171760038
2020-07-03,12,0.16795653738750327
2020-07-06,12,0.17609450324811482
2020-07-07,12,0.16521416358986096
2020-07-08,12,0.17578743468604663
2020-07-09,12,0.17033867215380438
2020-07-10,12,0.16121376694214873
2020-07-13,12,0.17058291337385378
2020-07-14,12,0.1659129384958925
2020-07-15,12,0.1673950883675318
2020-07-16,12,0.15952849470880714
2020-07-17,12,0.13526339262503695
2020-07-20,12,0.13543788631475395
2020-07-21,12,0.13359679327092633
2020-07-22,12,0.13378272048950046
2020-07-23,12,0.13306688500127728
2020-07-24,12,0.13650476105884357
2020-07-27,12,0.11919191786404892
2020-07-28,12,0.11949237439211702
2020-07-29,12,0.11702133373888524
2020-07-30,12,0.11211274999278764
2020-07-31,12,0.11072711058365114
2020-08-03,12,0.10966195746128682
2020-08-04,12,0.10628580137055244
2020-08-05,12,0.16589413033672773
2020-08-06,12,0.16590076048017555
2020-08-07,12,0.16894081776959047
2020-08-10,12,0.1666461409259279
2020-08-11,12,0.16916930443275535
2020-08-12,12,0.1658201488940545
2020-08-13,12,0.16442070046969426
2020-08-14,12,0.16475380556101216
2020-08-17,12,0.16670106031372167
2020-08-18,12,0.1647068810245056
2020-08-19,12,0.16938329631188576
2020-08-20,12,0.16082040551601084
2020-08-21,12,0.16427667963556214
2020-08-24,12,0.1662463012607439
2020-08-25,12,0.1684976310494486
2020-08-26,12,0.16638467357472742
2020-08-27,12,0.16602150222258139
2020-08-28,12,0.1638101738098301
2020-08-31,12,0.1638087437467357
2020-09-01,12,0.1634717109446474
2020-09-02,12,0.16372546036722457
2020-09-03,12,0.1632693518884557
2020-09-04,12,0.1614310707215154
2020-09-07,12,0.1609399951521988
2020-09-08,12,0.15646597624813674
2020-09-09,12,0.157468693637142
2020-09-10,12,0.1454613303690554
2020-09-11,12,0.1532429532285413
2020-09-14,12,0.15102662142798118
2020-09-15,12,0.14768726986587188
2020-09-16,12,0.14859528830200885
2020-09-17,12,0.14706241699110822
2020-09-18,12,0.14568550192899332
2020-09-21,12,0.14556651534936227
2020-09-22,12,0.14456051032778006
2020-09-23,12,0.14702045518109663
2020-09-24,12,0.1461627872234934
2020-09-25,12,0.14160058914705442
2020-09-28,12,0.1397140339194709
2020-09-29,12,0.13783979202312335
2020-09-30,12,0.13737375960174503
2020-10-09,12,0.1366342046263822
2020-10-12,12,0.1348404620344209
2020-10-13,12,0.12731814359270777
2020-10-14,12,0.13272325276399133
2020-10-15,12,0.1290891229567278
2020-10-16,12,0.12844282426366171
2020-10-19,12,0.1440087816540807
2020-10-20,12,0.1434535064761201
2020-10-21,12,0.14079244916687716
2020-10-22,12,0.13889125603853303
2020-10-23,12,0.1409348807336276
2020-10-26,12,0.13449267352420102
2020-10-27,12,0.15793267397578792
2020-10-28,12,0.156681008239428
2020-10-29,12,0.1573089648444136
2020-10-30,12,0.17371877969003535
2020-11-02,12,0.16702131367441775
2020-11-03,12,0.17931874973290252
2020-11-04,12,0.18731920634314625
2020-11-05,12,0.18780251590461694
2020-11-06,12,0.18816268866627417
2020-11-09,12,0.18904883808025175
2020-11-10,12,0.1832100122941107
2020-11-11,12,0.17835443917485783
2020-11-12,12,0.17643707582100543
2020-11-13,12,0.17297916877427955
2020-11-16,12,0.17286879861981297
2020-11-17,12,0.17619770715599647
2020-11-18,12,0.1774385104481837
2020-11-19,12,0.17726676893715232
2020-11-20,12,0.1843611104605537
2020-11-23,12,0.1831470138799458
2020-11-24,12,0.18635810019935772
2020-11-25,12,0.18656391764885016
2020-11-26,12,0.18382775921763328
2020-11-27,12,0.18814257853630634
2020-11-30,12,0.1890003354724994
2020-12-01,12,0.19154266018002697
2020-12-02,12,0.1867184634468323
2020-12-03,12,0.18891179161773175
2020-12-04,12,0.19336713521229643
2020-12-07,12,0.19531811026796864
2020-12-08,12,0.19439163409711036
2020-12-09,12,0.19714777870471845
2020-12-10,12,0.1921636738109611
2020-12-11,12,0.2119380333501093
2020-12-14,12,0.20341570826404587
2020-12-15,12,0.20886431589444254
2020-12-16,12,0.2094462612024024
2020-12-17,12,0.20807827506093124
2020-12-18,12,0.21112946585311754
2020-12-21,12,0.21147447763809213
2020-12-22,12,0.20905134809366532
2020-12-23,12,0.20558164231924603
2020-12-24,12,0.2067195330649474
2020-12-25,12,0.20658095184011216
2020-12-28,12,0.2173057733251581
2020-12-29,12,0.21854349897459846
2020-12-30,12,0.23273287330366177
2020-12-31,12,0.23552049466222702
2021-01-04,12,0.23096736096559456
2021-01-05,12,0.2461446855886893
2021-01-06,12,0.26838461848239026
2021-01-07,12,0.27589809165012746
2021-01-08,12,0.28466756497274004
2021-01-11,12,0.29043840000694654
2021-01-12,12,0.3033414412729868
2021-01-13,12,0.29578217758062475
2021-01-14,12,0.3083158805065045
2021-01-15,12,0.31245779015276987
2021-01-18,12,0.3158457900635605
2021-01-19,12,0.31663797915386216
2021-01-20,12,0.31285792177910243
2021-01-21,12,0.3145649900036247
2021-01-22,12,0.30481856080962355
2021-01-25,12,0.3110427336691528
2021-01-26,12,0.3266529916567662
2021-01-27,12,0.3034673217593329
2021-01-28,12,0.3078657591208369
2021-01-29,12,0.28729469634717886
2021-02-01,12,0.2867112889353699
2021-02-02,12,0.2791465349676333
2021-02-03,12,0.290726956583379
2021-02-04,12,0.30204193590814576
2021-02-05,12,0.316682156038798
2021-02-08,12,0.319115169030567
2021-02-09,12,0.31315212852543617
2021-02-10,12,0.30063306799813805
2021-02-18,12,0.29219927941419355
2021-02-19,12,0.3126312435159492
2021-02-22,12,0.32359440642919857
2021-02-23,12,0.33444499753850443
2021-02-24,12,0.3343957705503453
2021-02-25,12,0.33214105689020235
2021-02-26,12,0.3351844877484793
2021-03-01,12,0.3331018805859849
2021-03-02,12,0.3221144196327985
2021-03-03,12,0.3210093282453331
2021-03-04,12,0.3255666693196523
2021-03-05,12,0.3125494847081901
2021-03-08,12,0.309974274000423
2021-03-09,12,0.2986233281192985
2021-03-10,12,0.2871588019970336
2021-03-11,12,0.2915068662341511
2021-03-12,12,0.2894675827542117
2021-03-15,12,0.2912121837885806
2021-03-16,12,0.2905015223108246
2021-03-17,12,0.29164811832156157
2021-03-18,12,0.28941367623352765
2021-03-19,12,0.29086150554163326
2021-03-22,12,0.2891507860804595
2021-03-23,12,0.28536811291582354
2021-03-24,12,0.289877296462861
2021-03-25,12,0.29301390508195135
2021-03-26,12,0.2923955546416458
2021-03-29,12,0.2852462573600072
2021-03-30,12,0.28513109131643344
2021-03-31,12,0.2865738622385512
2021-04-01,12,0.2798557292238093
2021-04-02,12,0.27911855269336705
2021-04-06,12,0.2829301764986998
2021-04-07,12,0.2876524304799859
2021-04-08,12,0.2865663228439299
2021-04-09,12,0.2833032568928079
2021-04-12,12,0.2787302944357778
2021-04-13,12,0.27010267569455104
2021-04-14,12,0.2602900815224184
2021-04-15,12,0.26233972425623997
2021-04-16,12,0.2553885472563998
2021-04-19,12,0.2558177879339727
2021-04-20,12,0.24482061957850454
2021-04-21,12,0.24837690257429323
2021-04-22,12,0.24937585556022612
2021-04-23,12,0.24790448567270684
2021-04-26,12,0.2556001216891659
2021-04-27,12,0.2489516073017376
2021-04-28,12,0.25103694758322115
2021-04-29,12,0.25920207228329306
2021-04-30,12,0.25879554792818715
2021-05-06,12,0.27676474518703165
2021-05-07,12,0.2830153135400747
2021-05-10,12,0.279628411805561
2021-05-11,12,0.2820433607964933
2021-05-12,12,0.27909657506661745
2021-05-13,12,0.27693163135520216
2021-05-14,12,0.27335001160013694
2021-05-17,12,0.2705734052959965
2021-05-18,12,0.28340635817303816
2021-05-19,12,0.29664119758622365
2021-05-20,12,0.2820921252356735
2021-05-21,12,0.27479164979526904
2021-05-24,12,0.2612387477748733
2021-05-25,12,0.26161013773818254
2021-05-26,12,0.2550159015201948
2021-05-27,12,0.2594380031683662
2021-05-28,12,0.2622461883251176
2021-05-31,12,0.27449482854785157
2021-06-01,12,0.2727966228097296
2021-06-02,12,0.2742570726742338
2021-06-03,12,0.2842665619616406
2021-06-04,12,0.2820645309102947
2021-06-07,12,0.3005111872689523
2021-06-08,12,0.33084621548661286
2021-06-09,12,0.3213314065032161
2021-06-10,12,0.33149779800679113
2021-06-11,12,0.3279102838002327
2021-06-15,12,0.34269507108980046
2021-06-16,12,0.3447683770723394
2021-06-17,12,0.32664460770721426
2021-06-18,12,0.3224677691983562
2021-06-21,12,0.3326471861234118
2021-06-22,12,0.33746338424020483
2021-06-23,12,0.34052935691686237
2021-06-24,12,0.3455733618134461
2021-06-25,12,0.34083260783462144
2021-06-28,12,0.3569135180922687
2021-06-29,12,0.35486193794408305
2021-06-30,12,0.3462713691067507
2021-07-01,12,0.3434726757843799
2021-07-02,12,0.34317568071347804
2021-07-05,12,0.3360124495670491
2021-07-06,12,0.3365866783831676
2021-07-07,12,0.33747469241621
2021-07-08,12,0.33320689239235723
2021-07-09,12,0.3367034941923357
2021-07-12,12,0.3634428498151787
2021-07-13,12,0.34940096863597025
2021-07-14,12,0.36100389044157544
2021-07-15,12,0.3627805399910967
2021-07-16,12,0.36469337307992855
2021-07-19,12,0.38450275224163133
2021-07-20,12,0.39386528010886535
2021-07-21,12,0.3941956833414595
2021-07-22,12,0.3904029967297865
2021-07-23,12,0.39224470066006034
2021-07-26,12,0.3838885326532857
2021-07-27,12,0.37150409544721785
2021-07-28,12,0.3523271387972132
2021-07-29,12,0.3611410828052165
2021-07-30,12,0.3312737697931154
2021-08-02,12,0.3313706992440738
2021-08-03,12,0.3362345205029966
2021-08-04,12,0.3493108601038708
2021-08-05,12,0.34579507713391355
2021-08-06,12,0.3450944399534598
2021-08-09,12,0.3481090685004158
2021-08-10,12,0.35903470472369725
2021-08-11,12,0.35520872219619637
2021-08-12,12,0.35603180651906885
2021-08-13,12,0.35747197631867156
2021-08-16,12,0.35962689277887594
2021-08-17,12,0.3604485545688678
2021-08-18,12,0.3374718807703243
2021-08-19,12,0.3468118120782715
2021-08-20,12,0.346530890026412
2021-08-23,12,0.35017641032996083
2021-08-24,12,0.337709965305643
2021-08-25,12,0.3399366056562726
2021-08-26,12,0.3409324497215108
2021-08-27,12,0.3418780097345765
2021-08-30,12,0.34254047689866063
2021-08-31,12,0.3451223891395393
2021-09-01,12,0.3440055191187751
2021-09-02,12,0.3486924329682527
2021-09-03,12,0.35890506103824515
2021-09-06,12,0.36020110331478783
2021-09-07,12,0.3541869020495284
2021-09-08,12,0.3534206211666273
2021-09-09,12,0.36898774187411454
2021-09-10,12,0.3710747221626066
2021-09-13,12,0.37303163155711694
2021-09-14,12,0.37850365622260296
2021-09-15,12,0.38149704613234103
2021-09-16,12,0.381366825148756
2021-09-17,12,0.372517319552908
2021-09-22,12,0.3775486939462501
2021-09-23,12,0.3784993742330537
2021-09-24,12,0.37936033058568797
2021-09-27,12,0.38380078669192563
2021-09-28,12,0.3946031760024934
2021-09-29,12,0.40087803975162295
2021-09-30,12,0.38636816064262525
2021-10-08,12,0.3766127609756983
2021-10-11,12,0.38147551129424195
2021-10-12,12,0.3800284468921351
2021-10-13,12,0.3663701984282537
2021-10-14,12,0.37377818488662673
2021-10-15,12,0.3682942582490789
2021-10-18,12,0.36811126034107067
2021-10-19,12,0.36937811000986176
2021-10-20,12,0.366278546995076
2021-10-21,12,0.35953046591020954
2021-10-22,12,0.35772203129225666
2021-10-25,12,0.36578289993269963
2021-10-26,12,0.3622986430451386
2021-10-27,12,0.37092648338440104
2021-10-28,12,0.3705535085186029
2021-10-29,12,0.38194355153856197
2021-11-01,12,0.365332726446565
2021-11-02,12,0.39962458715745075
2021-11-03,12,0.39931831101237103
2021-11-04,12,0.4070694213455771
2021-11-05,12,0.39103249303010035
2021-11-08,12,0.3989822466977282
2021-11-09,12,0.4009650950852539
2021-11-10,12,0.3948192886409736
2021-11-11,12,0.39137729452888714
2021-11-12,12,0.3916690321304319
2021-11-15,12,0.3886010412349772
2021-11-16,12,0.3876533932473668
2021-11-17,12,0.38628940972349235
2021-11-18,12,0.3849276702322231
2021-11-19,12,0.41174988527293477
2021-11-22,12,0.4070913735508953
2021-11-23,12,0.4005486738531949
2021-11-24,12,0.39863565864884476
2021-11-25,12,0.42084862595101413
2021-11-26,12,0.4208696965222979
2021-11-29,12,0.422043782726663
2021-11-30,12,0.43423505101153836
2021-12-01,12,0.4357692378609307
2021-12-02,12,0.4369424169049154
2021-12-03,12,0.44019282529537573
2021-12-06,12,0.4344476516308856
2021-12-07,12,0.4149281092631706
2021-12-08,12,0.41396509374031654
2021-12-09,12,0.41332410509314776
2021-12-10,12,0.4069960064361784
2021-12-13,12,0.40045413103637584
2021-12-14,12,0.39594962622949026
2021-12-15,12,0.3944272553391931
2021-12-16,12,0.38769935354809293
2021-12-17,12,0.38368784543059153
2021-12-20,12,0.3761811798313929
2021-12-21,12,0.3807808526220915
2021-12-22,12,0.3665108006362331
2021-12-23,12,0.3687944309875133
2021-12-24,12,0.37112941072217354
2021-12-27,12,0.368270215021822
2021-12-28,12,0.3562482242025671
2021-12-29,12,0.35614123726344993
2021-12-30,12,0.3740014538171429
2021-12-31,12,0.3804757653855936
2022-01-04,12,0.3755502322974006
2022-01-05,12,0.3867231673046272
2022-01-06,12,0.38846332456127664
2022-01-07,12,0.390926130586295
2022-01-10,12,0.3880704819061922
2022-01-11,12,0.38058297706946387
2022-01-12,12,0.3659180159347739
2022-01-13,12,0.36623989799201473
2022-01-14,12,0.3532919809529458
2022-01-17,12,0.35675507056570566
2022-01-18,12,0.3489115125107328
2022-01-19,12,0.35531193448794696
2022-01-20,12,0.3475175813410194
2022-01-21,12,0.3587000243574786
2022-01-24,12,0.34684647759598763
2022-01-25,12,0.3577584725052798
2022-01-26,12,0.31967686101003223
2022-01-27,12,0.31942708819794485
2022-01-28,12,0.29331420450633494
2022-02-07,12,0.29607871945617903
2022-02-08,12,0.29331183143330164
2022-02-09,12,0.29688643715677443
2022-02-10,12,0.2906038357539594
2022-02-11,12,0.29003377636396976
2022-02-14,12,0.2830379366273975
2022-02-15,12,0.30982052314393715
2022-02-16,12,0.312626503942639
2022-02-17,12,0.3041831188340137
2022-02-18,12,0.30755662375884285
2022-02-21,12,0.3104545791352984
2022-02-22,12,0.315040935653622
2022-02-23,12,0.31105526524916616
2022-02-24,12,0.30108909286938046
2022-02-25,12,0.2898885630173085
2022-02-28,12,0.29029465893290285
2022-03-01,12,0.28695069600612777
2022-03-02,12,0.2846855604605235
2022-03-03,12,0.28528928663624675
2022-03-04,12,0.28072364738144595
2022-03-07,12,0.27662026532520356
2022-03-08,12,0.2591981426134927
2022-03-09,12,0.2563769337331552
2022-03-10,12,0.25317577369678523
2022-03-11,12,0.25571766164373877
2022-03-14,12,0.25928248621415906
2022-03-15,12,0.2541403350674414
2022-03-16,12,0.24131328888102832
2022-03-17,12,0.22426146818860238
2022-03-18,12,0.21588480867441795
2022-03-21,12,0.21727572531553752
2022-03-22,12,0.2176244063969779
2022-03-23,12,0.22182631552607512
2022-03-24,12,0.22463528318320547
2022-03-25,12,0.22652380452471943
2022-03-28,12,0.22405252817064902
2022-03-29,12,0.22318224922257401
2022-03-30,12,0.22554669812002348
2022-03-31,12,0.2199822815402096
2022-04-01,12,0.22124359561972318
2022-04-06,12,0.22498013981939347
2022-04-07,12,0.22793896448644646
2022-04-08,12,0.2187279465306876
2022-04-11,12,0.22089156012562405
2022-04-12,13,0.21428780952008664
2022-04-13,13,0.2078523873470115
2022-04-14,13,0.20496137964561845
2022-04-15,13,0.20635777565587454
2022-04-18,13,0.21106932994721095
2022-04-19,13,0.21485151409320213
2022-04-20,13,0.21543252136434188
2022-04-21,13,0.21400899039847054
2022-04-22,13,0.20645909035019783
2022-04-25,13,0.20418149012165032
2022-04-26,13,0.1768886209841002
2022-04-27,13,0.18254758294806317
2022-04-28,13,0.16984650512402633
2022-04-29,13,0.17519379600004625
2022-05-05,13,0.1638390944246474
2022-05-06,13,0.1685935192279877
2022-05-09,13,0.16924430769839804
2022-05-10,13,0.1693849359266355
2022-05-11,13,0.16511850524011795
2022-05-12,13,0.1672376187407978
2022-05-13,13,0.16650563600738633
2022-05-16,13,0.1665688353086635
2022-05-17,13,0.14889235657995004
2022-05-18,13,0.14489389616993376
2022-05-19,13,0.14510885949226848
2022-05-20,13,0.14521816036191915
2022-05-23,13,0.14179934142667217
2022-05-24,13,0.13909440397959183
2022-05-25,13,0.13480499751971664
2022-05-26,13,0.1367787868421818
2022-05-27,13,0.13930114021232687
2022-05-30,13,0.13779175084446527
2022-05-31,13,0.13721745342016134
2022-06-01,13,0.13606923138513116
2022-06-02,13,0.13543800362513692
2022-06-06,13,0.13723598110718915
2022-06-07,13,0.13430650467480876
2022-06-08,13,0.1394276624659
2022-06-09,13,0.13853953793082496
2022-06-10,13,0.1368290856788804
2022-06-13,13,0.1335737348013868
2022-06-14,13,0.13186588555774048
2022-06-15,13,0.13389011297044662
2022-06-16,13,0.14170663887515778
2022-06-17,13,0.14913526949449474
2022-06-20,13,0.15506055512299532
2022-06-21,13,0.15317296170541617
2022-06-22,13,0.1545342290430367
2022-06-23,13,0.15187971927634247
2022-06-24,13,0.14937508747738926
2022-06-27,13,0.1436138090429444
2022-06-28,13,0.14431741781125618
2022-06-29,13,0.1453455294778172
2022-06-30,13,0.14501054717569606
2022-07-01,13,0.1477879493190838
2022-07-04,13,0.14774183868208768
2022-07-05,13,0.14915294089816356
2022-07-06,13,0.14663634796165737
2022-07-07,13,0.15120471385121115
2022-07-08,13,0.15334611640723095
2022-07-11,13,0.27498354899102484
2022-07-12,13,0.2761948187169556
2022-07-13,13,0.27866496211476544
2022-07-14,13,0.27825873910877086
2022-07-15,13,0.2784831647303212
2022-07-18,13,0.2753940097026074
2022-07-19,13,0.2719286356586824
2022-07-20,13,0.2765059033883108
2022-07-21,13,0.28192439487597976
2022-07-22,13,0.2846220634886536
2022-07-25,13,0.30520934698803526
2022-07-26,13,0.3049540455277462
2022-07-27,13,0.31948736584961723
2022-07-28,13,0.3204859656278076
2022-07-29,13,0.3425103616665591
2022-08-01,13,0.33306213022954523
2022-08-02,13,0.3362174838232823
2022-08-03,13,0.32511769595580853
2022-08-04,13,0.3300040431904774
2022-08-05,13,0.3286342832382748
2022-08-08,13,0.3328966465112876
2022-08-09,13,0.33561479157517937
2022-08-10,13,0.3339711774232119
2022-08-11,13,0.33165541047326896
2022-08-12,13,0.3278126012341688
2022-08-15,13,0.3257616544579308
2022-08-16,13,0.3291661419849936
2022-08-17,13,0.3279592852615155
2022-08-18,13,0.3535280153503888
2022-08-19,13,0.35599455111903644
2022-08-22,13,0.35384655712890656
2022-08-23,13,0.3528050653660295
2022-08-24,13,0.35469158107838805
2022-08-25,13,0.34344011565458155
2022-08-26,13,0.34427991936128566
2022-08-29,13,0.33921538570339294
2022-08-30,13,0.3614335999496012
2022-08-31,13,0.3606731899519716
2022-09-01,13,0.36250703140480545
2022-09-02,13,0.37378201722962867
2022-09-05,13,0.37854421560598683
2022-09-06,13,0.3793581047371444
2022-09-07,13,0.381066195295901
2022-09-08,13,0.3787077036210301
2022-09-09,13,0.37261558807834183
2022-09-13,13,0.37163282901349415
2022-09-14,13,0.3761532523169978
2022-09-15,13,0.37160660923485056
2022-09-16,13,0.3706259674648392
2022-09-19,13,0.3683968775392734
2022-09-20,13,0.3710643725219045
2022-09-21,13,0.37576108425999855
2022-09-22,13,0.37835732692017443
2022-09-23,13,0.38176001929005865
2022-09-26,13,0.378918860992254
2022-09-27,13,0.3833959868019017
2022-09-28,13,0.37452911642986664
2022-09-29,13,0.36360035893186016
2022-09-30,13,0.3672831335296922
2022-10-10,13,0.3648559022152391
2022-10-11,13,0.3905994913298556
2022-10-12,13,0.3944904628561756
2022-10-13,13,0.38821021833238867
2022-10-14,13,0.3877741921401511
2022-10-17,13,0.3789054467697849
2022-10-18,13,0.3818159274998536
2022-10-19,13,0.3876113335484437
2022-10-20,13,0.3798422815584901
2022-10-21,13,0.3843853841648299
2022-10-24,13,0.38382679204863224
2022-10-25,13,0.3874891422664667
2022-10-26,13,0.3870441880855475
2022-10-27,13,0.37883861697700894
2022-10-28,13,0.381164550030783
2022-10-31,13,0.3665600190826136
2022-11-01,13,0.370923289273421
2022-11-02,13,0.37072008741486484
2022-11-03,13,0.37274958089584176
2022-11-04,13,0.3711593263889842
2022-11-07,13,0.36787816207977364
2022-11-08,13,0.36720092718330755
2022-11-09,13,0.366835889026064
2022-11-10,13,0.36643728793074637
2022-11-11,13,0.36531888917961275
2022-11-14,13,0.37325727778311424
2022-11-15,13,0.37577562585113355
2022-11-16,13,0.38066818074913356
2022-11-17,13,0.3780690950873936
2022-11-18,13,0.38456249530387765
2022-11-21,13,0.3819184914274155
2022-11-22,13,0.3817986274443118
2022-11-23,13,0.37058807120009907
2022-11-24,13,0.37053280277413647
2022-11-25,13,0.3847650188032816
2022-11-28,13,0.3841559006517046
2022-11-29,13,0.38490945474952676
2022-11-30,13,0.3801982793980272
2022-12-01,13,0.3802744541868177
2022-12-02,13,0.3758178717184396
2022-12-05,13,0.3758448333520322
2022-12-06,13,0.37591474601924657
2022-12-07,13,0.3743801315422888
2022-12-08,13,0.37307818088895484
2022-12-09,13,0.37157094084091935
2022-12-12,13,0.3732629872960812
2022-12-13,13,0.3737342874205427
2022-12-14,13,0.3755556029260808
2022-12-15,13,0.37715616271350405
2022-12-16,13,0.38225641571259017
2022-12-19,13,0.38023851542219467
2022-12-20,13,0.37248888070814834
2022-12-21,13,0.3709903937855351
2022-12-22,13,0.368877816201749
2022-12-23,13,0.36886301859527004
2022-12-26,13,0.372702797378321
2022-12-27,13,0.36832542747777264
2022-12-28,13,0.3744157625489617
2022-12-29,13,0.3811011774035218
2022-12-30,13,0.3804665158537647
2023-01-03,13,0.379767047584472
2023-01-04,13,0.3520593781912914
2023-01-05,13,0.3534404472348859
2023-01-06,13,0.3594617929125954
2023-01-09,13,0.36087685025550575
2023-01-10,13,0.37055885486063433
2023-01-11,13,0.3735799330323639
2023-01-12,13,0.3705203246961195
2023-01-13,13,0.37345975371386764
2023-01-16,13,0.37020273829071204
2023-01-17,13,0.36023141151666893
2023-01-18,13,0.35972884838802877
2023-01-19,13,0.36011467257759644
2023-01-20,13,0.36944434174418594
2023-01-30,13,0.36561032017898065
2023-01-31,13,0.3841286779666996
2023-02-01,13,0.3749798984495757
2023-02-02,13,0.3807559434809984
2023-02-03,13,0.38549136747717205
2023-02-06,13,0.38624441223069717
2023-02-07,13,0.40541210778216963
2023-02-08,13,0.40222909208344504
2023-02-09,13,0.40153205859911556
2023-02-10,13,0.39302312274889395
2023-02-13,13,0.3926024408307389
2023-02-14,13,0.38605823619513735
2023-02-15,13,0.380240654832375
2023-02-16,13,0.38386061980720876
2023-02-17,13,0.3791036013563185
2023-02-20,13,0.36477308083897386
2023-02-21,13,0.349034786644986
2023-02-22,13,0.3494170726328978
2023-02-23,13,0.3622330618788844
2023-02-24,13,0.3632206472521794
2023-02-27,13,0.36052158009495805
2023-02-28,13,0.36159086935126394
2023-03-01,13,0.35979227567409033
2023-03-02,13,0.36681376325708037
2023-03-03,13,0.3672255684329915
2023-03-06,13,0.37215284222690914
2023-03-07,13,0.37425450798946513
2023-03-08,13,0.35590780750393214
2023-03-09,13,0.35414771923106403
2023-03-10,13,0.35217096833478756
2023-03-13,13,0.3524681788002676
2023-03-14,13,0.35670404011133183
2023-03-15,13,0.35330428706765593
2023-03-16,13,0.35451317246478375
2023-03-17,13,0.34879114317295723
2023-03-20,13,0.35414625947676204
2023-03-21,13,0.3597419989716488
2023-03-22,13,0.37209377799657406
2023-03-23,13,0.379281042457722
2023-03-24,13,0.3833126769864058
2023-03-27,13,0.3858550177389395
2023-03-28,13,0.3869037795300313
2023-03-29,13,0.37957453235746363
2023-03-30,13,0.3792608503967634
2023-03-31,13,0.38657448511259396
2023-04-03,13,0.38877688944047173
2023-04-04,13,0.3832180578398924
2023-04-06,13,0.3951639378695111
2023-04-07,13,0.39573666801339713
2023-04-10,13,0.39700985069102246
2023-04-11,13,0.4046930550811998
2023-04-12,13,0.40545701546557356
2023-04-13,13,0.40450740836000465
2023-04-14,13,0.4127807524038186
2023-04-17,13,0.4132803958485096
2023-04-18,13,0.4154365220468371
2023-04-19,13,0.42793369838575546
2023-04-20,13,0.4251119445064788
2023-04-21,13,0.43794237366835853
2023-04-24,13,0.421740850307306
2023-04-25,13,0.4247976135857684
2023-04-26,13,0.42655295316018005
2023-04-27,13,0.4482537555295084
2023-04-28,13,0.4581793978697467
2023-05-04,13,0.4532108113852902
2023-05-05,13,0.4587757244726435
2023-05-08,13,0.44694982291076535
2023-05-09,13,0.4453076780792228
2023-05-10,13,0.44806499660912014
2023-05-11,13,0.45819217340800455
2023-05-12,13,0.46142465141928446
2023-05-15,13,0.4663021836170057
2023-05-16,13,0.46049290826928313
2023-05-17,13,0.455951114951308
2023-05-18,13,0.46196415622800024
2023-05-19,13,0.47843385819709316
2023-05-22,13,0.5013189166720275
2023-05-23,13,0.5025975052226593
2023-05-24,13,0.5003282500491202
2023-05-25,13,0.5022189733458658
2023-05-26,13,0.5023428043537232
2023-05-29,13,0.5025939169325602
2023-05-30,13,0.5077061115303669
2023-05-31,13,0.5133906811739258
2023-06-01,13,0.5150227537302077
2023-06-02,13,0.5127748768669729
2023-06-05,13,0.5126369267700676
2023-06-06,13,0.5349132824936741
2023-06-07,13,0.517064203861926
2023-06-08,13,0.5199244838934927
2023-06-09,13,0.5207496551679829
2023-06-12,13,0.520411736308876
2023-06-13,13,0.519632660424268
2023-06-14,13,0.5189919225588911
2023-06-15,13,0.5242013389862514
2023-06-16,13,0.5256024660618832
2023-06-19,13,0.5185200496632154
2023-06-20,13,0.5236935298362078
2023-06-21,13,0.5263209868488781
2023-06-26,13,0.5057812695312757
2023-06-27,13,0.5059495616193854
2023-06-28,13,0.5050101992045597
2023-06-29,13,0.5065351964070623
2023-06-30,13,0.5066388299541154
2023-07-03,13,0.5039974717831229
2023-07-04,13,0.5046468754511543
2023-07-05,13,0.5181752810698501
2023-07-06,13,0.5124799825655675
2023-07-07,13,0.5108763308224713
2023-07-10,13,0.5139086556429779
2023-07-11,13,0.5099273365835688
2023-07-12,13,0.5056860135538997
2023-07-13,13,0.4994089744301653
2023-07-14,13,0.4902598114231892
2023-07-17,13,0.49265037985999593
2023-07-18,13,0.4902981143160804
2023-07-19,13,0.4900422624963181
2023-07-20,13,0.4899235625862952
2023-07-21,13,0.47150176434601754
2023-07-24,13,0.49902816083119395
2023-07-25,13,0.49442093606794224
2023-07-26,13,0.49142560973203997
2023-07-27,13,0.47635199670398953
2023-07-28,13,0.47043326881169967
2023-07-31,13,0.4757582005592246
2023-08-01,13,0.4716776271602746
2023-08-02,13,0.47957092943646096
2023-08-03,13,0.4797114787511916
2023-08-04,13,0.4809845693158147
2023-08-07,13,0.47994276724380425
2023-08-08,13,0.47925733581009566
2023-08-09,13,0.4791243964053046
2023-08-10,13,0.4891582797175936
2023-08-11,13,0.487371693256041
2023-08-14,13,0.47319565260656093
2023-08-15,13,0.465375925109318
2023-08-16,13,0.46006024842681403
2023-08-17,13,0.45400500743987315
2023-08-18,13,0.4560884289964119
2023-08-21,13,0.44340098247747295
2023-08-22,13,0.4445377212296755
2023-08-23,13,0.4478704824074208
2023-08-24,13,0.4293939275225106
2023-08-25,13,0.4246493961644605
2023-08-28,13,0.4166048397186206
2023-08-29,13,0.4122597910123442
2023-08-30,13,0.3921920197367993
2023-08-31,13,0.39033020553502007
2023-09-01,13,0.3994348463950107
2023-09-04,13,0.3954819941904689
2023-09-05,13,0.3928935774771335
2023-09-06,13,0.3942692246263477
2023-09-07,13,0.39530334614567686
2023-09-08,13,0.38560900149598665
2023-09-11,13,0.38644204356459966
2023-09-12,13,0.37431765680814044
2023-09-13,13,0.37741419510690144
2023-09-14,13,0.3641260876056148
2023-09-15,13,0.3594499160281521
2023-09-18,13,0.37262848963625195
2023-09-19,13,0.3771607940049331
2023-09-20,13,0.37619238787102804
2023-09-21,13,0.3747176508442527
2023-09-22,13,0.37315469453336103
2023-09-25,13,0.3627335391444928
2023-09-26,13,0.36286989628529376
2023-09-27,13,0.3641476344664619
2023-09-28,13,0.36617486349382766
2023-10-09,13,0.36768339924428717
2023-10-10,13,0.37097255216446634
2023-10-11,13,0.3698232757773081
2023-10-12,13,0.3726021709940902
2023-10-13,13,0.37655190604450717
2023-10-16,13,0.3831601302558304
2023-10-17,13,0.37524024441047454
2023-10-18,13,0.37490453290733594
2023-10-19,13,0.36830106604834756
2023-10-20,13,0.36624236732748083
2023-10-23,13,0.36154455953799447
2023-10-24,13,0.3594126713563618
2023-10-25,13,0.36781438741542216
2023-10-26,13,0.3774222900011708
2023-10-27,13,0.3721913416527568
2023-10-30,13,0.3728144007752855
2023-10-31,13,0.3639679808795311
2023-11-01,13,0.36191018252612417
2023-11-02,13,0.3602059548877403
2023-11-03,13,0.3586265475766681
2023-11-06,13,0.35539364575976284
2023-11-07,13,0.3424377963827351
2023-11-08,13,0.34141102752514885
2023-11-09,13,0.3428505404256512
2023-11-10,13,0.3409175017905023
2023-11-13,13,0.3409260040612505
2023-11-14,13,0.34889870062728745
2023-11-15,13,0.346205894769956
2023-11-16,13,0.347421868857147
2023-11-17,13,0.3456944321763654
2023-11-20,13,0.34435849236382177
2023-11-21,13,0.3504639082096659
2023-11-22,13,0.35080723081820464
2023-11-23,13,0.33759547550953284
2023-11-24,13,0.3476078257304659
2023-11-27,13,0.34483999863633463
2023-11-28,13,0.3486525010352486
2023-11-29,13,0.3493752124735642
2023-11-30,13,0.3646705752318533
2023-12-01,13,0.36376316984176615
2023-12-04,13,0.35716000570507167
2023-12-05,13,0.3568101055343781
2023-12-06,13,0.35233649360487407
2023-12-07,13,0.35417444362052686
2023-12-08,13,0.3558588673448645
2023-12-11,13,0.3675838083190298
2023-12-12,13,0.3640501380832617
2023-12-13,13,0.36740392804714783
2023-12-14,13,0.36445631250270416
2023-12-15,13,0.37249283267887046
2023-12-18,13,0.3728983915203633
2023-12-19,13,0.36776388672127913
2023-12-20,13,0.36876139709327993
2023-12-21,13,0.36710880030734805
2023-12-22,13,0.3683129764246845
2023-12-25,13,0.37069069721508785
2023-12-26,13,0.38232463596947874
2023-12-27,13,0.3572955276518741
2023-12-28,13,0.3533844873318003
2023-12-29,13,0.34365999317163265
2024-01-02,13,0.33727051574840405
2024-01-03,13,0.34634063841965734
2024-01-04,13,0.3443458893757554
2024-01-05,13,0.3396199721032901
2024-01-08,13,0.3360736551888114
2024-01-09,13,0.3342691259843604
2024-01-10,13,0.33583499182675147
2024-01-11,13,0.335086713529538
2024-01-12,13,0.33562758072124366
2024-01-15,13,0.33720680325931984
2024-01-16,13,0.3441044438230778
2024-01-17,13,0.34155308279067065
2024-01-18,13,0.31832367034652664
2024-01-19,13,0.31789827498643863
2024-01-22,13,0.3143157131750982
2024-01-23,13,0.31850397060581737
2024-01-24,13,0.3273848132893812
2024-01-25,13,0.32690458207952156
2024-01-26,13,0.3255186981341638
2024-01-29,13,0.331017048567269
2024-01-30,13,0.3300055259459097
2024-01-31,13,0.3416798563300969
2024-02-01,13,0.33575130597707237
2024-02-02,13,0.3355704266371933
2024-02-05,13,0.3299039036274657
2024-02-06,13,0.3529729824355987
2024-02-07,13,0.31967491810851223
2024-02-08,13,0.3166746274908516
2024-02-19,13,0.3164763286801954
2024-02-20,13,0.28558286115833575
2024-02-21,13,0.28632172642989195
2024-02-22,13,0.28740068664089313
2024-02-23,13,0.2876672766330157
2024-02-26,13,0.2900963854307349
2024-02-27,13,0.29047238462693736
2024-02-28,13,0.2899147085416538
2024-02-29,13,0.2830528302206039
2024-03-01,13,0.2769715233198834
2024-03-04,13,0.2805709154109681
2024-03-05,13,0.2795008553616203
2024-03-06,13,0.27788925156572397
2024-03-07,13,0.2774681822935319
2024-03-08,13,0.27672493797549425
2024-03-11,13,0.2776521370849654
2024-03-12,13,0.27751662014468115
2024-03-13,13,0.27754147053415335
2024-03-14,13,0.2797508751519543
2024-03-15,13,0.279047504964419
2024-03-18,13,0.2802508854806324
2024-03-19,13,0.2782262993474939
2024-03-20,13,0.2793034140509989
2024-03-21,13,0.280041670132984
2024-03-22,13,0.27919066249977587
2024-03-25,13,0.2795978012711796
2024-03-26,13,0.278946336572528
2024-03-27,13,0.2786894089847234
2024-03-28,13,0.27253631971136194
2024-03-29,13,0.27691189981391884
2024-04-01,13,0.2776935975731717
2024-04-02,13,0.2729845427742851
2024-04-03,13,0.2723842793990142
2024-04-08,13,0.27024807795214534
2024-04-09,13,0.27354898539969275
2024-04-10,13,0.2759608627284018
2024-04-11,13,0.27485571501185213
2024-04-12,13,0.27499898726123806
2024-04-15,13,0.27493979342361763
2024-04-16,13,0.2776497815466604
2024-04-17,13,0.27455534325531505
2024-04-18,13,0.2727721247478383
2024-04-19,13,0.27250753732146205
2024-04-22,13,0.2721512219276614
2024-04-23,13,0.2771656753364201
2024-04-24,13,0.27443263456898537
2024-04-25,13,0.2620326134873857
2024-04-26,13,0.26727657501169566
2024-04-29,13,0.2661526927559926
2024-04-30,13,0.2642020263991258
2024-05-06,13,0.2631637452040777
2024-05-07,13,0.2622437235112284
2024-05-08,13,0.2669197380359599
2024-05-09,13,0.2696308552911676
2024-05-10,13,0.2740862487444513
2024-05-13,13,0.27154377681370256
2024-05-14,13,0.2757649838232705
2024-05-15,13,0.26609875674588745
2024-05-16,13,0.2835061716559265
2024-05-17,13,0.2856115759636134
2024-05-20,13,0.28625347784573996
2024-05-21,13,0.2858344803076629
2024-05-22,13,0.28350781689319426
2024-05-23,13,0.2822487923014041
2024-05-24,13,0.27745753757386526
2024-05-27,13,0.27407242082945493
2024-05-28,13,0.270412213294258
2024-05-29,13,0.26786343160997883
2024-05-30,13,0.2780957201332709
2024-05-31,13,0.28830926283766534
2024-06-03,13,0.2843546579495918
2024-06-04,13,0.28868301645190164
2024-06-05,13,0.2872964942471895
2024-06-06,13,0.2879469270011069
2024-06-07,13,0.29328851794912447
2024-06-11,13,0.29316225542950525
2024-06-12,13,0.2903182061171713
2024-06-13,13,0.28764610603386886
2024-06-14,13,0.29053062396887397
2024-06-17,13,0.295510813423703
2024-06-18,13,0.30230200536811436
2024-06-19,13,0.3079859114260304
2024-06-20,13,0.3060657513309847
2024-06-21,13,0.29968829933581265
2024-06-24,13,0.3005082972612323
2024-06-25,13,0.29636989749347775
2024-06-26,13,0.30545987279226605
2024-06-27,13,0.293820830541329
2024-06-28,13,0.3000089017543307
2024-07-01,13,0.2999778820922856
2024-07-02,13,0.29935140749564915
2024-07-03,13,0.3072587988448606
2024-07-04,13,0.30667420509823706
2024-07-05,13,0.30274144630971733
2024-07-08,13,0.3055453467530398
2024-07-09,13,0.30197890961581575
2024-07-10,13,0.3061315812896751
2024-07-11,13,0.30544196047484407
2024-07-12,13,0.3032351599760317
2024-07-15,13,0.29756764601144026
2024-07-16,13,0.3025649035881812
2024-07-17,13,0.31496396418852723
2024-07-18,13,0.3202558980713277
2024-07-19,13,0.3248250265404783
2024-07-22,13,0.3233304716870812
2024-07-23,13,0.32531471266638656
2024-07-24,13,0.3222483516582958
2024-07-25,13,0.3182569786927828
2024-07-26,13,0.324153704601139
2024-07-29,13,0.3401154633819018
2024-07-30,13,0.34396844603434495
2024-07-31,13,0.3632306070984075
2024-08-01,13,0.3382539529022679
2024-08-02,13,0.3377104309105686
2024-08-05,13,0.34107182066827324
2024-08-06,13,0.34869111268146546
2024-08-07,13,0.3466651740716713
2024-08-08,13,0.3455457809695709
2024-08-09,13,0.34755844309733785
2024-08-12,13,0.347120609723381
2024-08-13,13,0.3502437267578442
2024-08-14,13,0.3523872718070483
2024-08-15,13,0.34799414488527614
2024-08-16,13,0.3497815371161551
2024-08-19,13,0.3588955827552607
2024-08-20,13,0.363004046772896
2024-08-21,13,0.36999786852300287
2024-08-22,13,0.37228903739097663
2024-08-23,13,0.3694482259337991
2024-08-26,13,0.37030451663959163
2024-08-27,13,0.3716098272939504
2024-08-28,13,0.36619572885980867
2024-08-29,13,0.36617794671391146
2024-08-30,13,0.36417583079661375
2024-09-02,13,0.3527923384827023
2024-09-03,13,0.3446475321986734
2024-09-04,13,0.34503104727738765
2024-09-05,13,0.34558382076187644
2024-09-06,13,0.34430925854368377
2024-09-09,13,0.33848729880099304
2024-09-10,13,0.33575358436101344
2024-09-11,13,0.3365771109692218
2024-09-12,13,0.3389509946770951
2024-09-13,13,0.3428835299925075
2024-09-18,13,0.34306772773314465
2024-09-19,13,0.3493415093847304
2024-09-20,13,0.34402421172914666
2024-09-23,13,0.35809881025275014
2024-09-24,13,0.3608998951344109
2024-09-25,13,0.3378475154863556
2024-09-26,13,0.33681373825463057
2024-09-27,13,0.3232025584741596
2024-09-30,13,0.2986369463981531
2024-10-08,13,0.2552501989600616
2024-10-09,13,0.23519438888023292
2024-10-10,13,0.2215943876944122
2024-10-11,13,0.2243345050335558
2024-10-14,13,0.2217762671142004
2024-10-15,13,0.22211538003099884
2024-10-16,13,0.22197602699526275
2024-10-17,13,0.2234724032182932
2024-10-18,13,0.22198919856736732
2024-10-21,13,0.2206426325259202
2024-10-22,13,0.22046085092170453
2024-10-23,13,0.22184868306587224
2024-10-24,13,0.22187809978047401
2024-10-25,13,0.2234963787756612
2024-10-28,13,0.2243185403922655
2024-10-29,13,0.22519830467862023
2024-10-30,13,0.22484913374776694
2024-10-31,13,0.2260197109662061
2024-11-01,13,0.22655952149465408
2024-11-04,13,0.22904815318574356
2024-11-05,13,0.22981003075288353
2024-11-06,13,0.22875203532323618
2024-11-07,13,0.22828057413745817
2024-11-08,13,0.22974238830298244
2024-11-11,13,0.23090578329138645
2024-11-12,13,0.23210947499684353
2024-11-13,13,0.23313204614076988
2024-11-14,13,0.23313615051196535
2024-11-15,13,0.23210952645563876
2024-11-18,13,0.23232502823963874
2024-11-19,13,0.23226233321950274
2024-11-20,13,0.23040580678102918
2024-11-21,13,0.23093014724430083
2024-11-22,13,0.17371183174018878
2024-11-25,13,0.17151816808908316
2024-11-26,13,0.1739900459000191
2024-11-27,13,0.17405019473170602
2024-11-28,13,0.17242469829090168
2024-11-29,13,0.1731895462832298
2024-12-02,13,0.17394162513078015
2024-12-03,13,0.17104198665525894
2024-12-04,13,0.17057641606414276
2024-12-05,13,0.16824490754889176
2024-12-06,13,0.1685672684870645
2024-12-09,13,0.1689645632748551
2024-12-10,13,0.1740605038835873
2024-12-11,13,0.17619645171576137
2024-12-12,13,0.17593083731503434
2024-12-13,13,0.1761737918878037
2024-12-16,13,0.17528304059658784
2024-12-17,13,0.1794368746693189
2024-12-18,13,0.17997981263240648
2024-12-19,13,0.17623529340903876
2024-12-20,13,0.17747569155224652
2024-12-23,13,0.17744557987136178
2024-12-24,13,0.17979089331357578
2024-12-25,13,0.17796796599771825
2024-12-26,13,0.17734242381779353
2024-12-27,13,0.17765296370153094
2024-12-30,13,0.17898203541064506
2024-12-31,13,0.2023383080763984
2025-01-02,13,0.25465029369913816
2025-01-03,13,0.30667711568272926
2025-01-06,13,0.3021882358591099
2025-01-07,13,0.31361815823982675
2025-01-08,13,0.3213625409315026
2025-01-09,13,0.3235724993607516
2025-01-10,13,0.32187863791222315
2025-01-13,13,0.3178671178150916
2025-01-14,13,0.3238026957782779
2025-01-15,13,0.3214797073895054
2025-01-16,13,0.3182326843150515
2025-01-17,13,0.3190324875583893
2025-01-20,13,0.31971592632326085
2025-01-21,13,0.3181866465496599
2025-01-22,13,0.319818031859186
2025-01-23,13,0.31685484853396817
2025-01-24,13,0.3126445284633018
2025-01-27,13,0.31149766416489244
2025-02-05,13,0.3152915185388847
2025-02-06,13,0.30338880167120974
2025-02-07,13,0.3057816242764746
2025-02-10,13,0.3044031678821799
2025-02-11,13,0.2974187390417373
2025-02-12,13,0.2938455787122263
2025-02-13,13,0.3018017702840867
2025-02-14,13,0.30023142401979097
2025-02-17,13,0.3004847689895147
2025-02-18,13,0.300763943873384
2025-02-19,13,0.30023554188018575
2025-02-20,13,0.3010532349206252
2025-02-21,13,0.30508885876384306
2025-02-24,13,0.3065137147366448
2025-02-25,13,0.3067663383520275
2025-02-26,13,0.3184752300345719
2025-02-27,13,0.31671706340814754
2025-02-28,13,0.31675226925221933
2025-03-03,13,0.2932754926927955
2025-03-04,13,0.296747856600725
2025-03-05,13,0.2978188798557653
2025-03-06,13,0.30301576761701454
2025-03-07,13,0.3011515638520115
2025-03-10,13,0.2986636011746905
2025-03-11,13,0.298851823392857
2025-03-12,13,0.29887947184677477
2025-03-13,13,0.29758747001447006
2025-03-14,13,0.2945765223889013
2025-03-17,13,0.29082350158537185
2025-03-18,13,0.289184433465276
2025-03-19,13,0.2928993493910663
2025-03-20,13,0.2884148327024795
2025-03-21,13,0.28064057932690534
2025-03-24,13,0.27198679358406586
2025-03-25,13,0.2715410509930667
2025-03-26,13,0.27412283151302685
2025-03-27,13,0.2716565971312678
2025-03-28,13,0.27266391263445766
2025-03-31,13,0.2716632214737672
2025-04-01,13,0.27182175873018677
2025-04-02,13,0.2758446535154402
2025-04-03,13,0.27623561890307335
2025-04-07,13,0.2810494324458551
2025-04-08,13,0.24989062514311478
2025-04-09,13,0.25884321344344763
2025-04-10,13,0.2557838344967326
2025-04-11,13,0.2503703092012436
2025-04-14,13,0.2526442109115794
2025-04-15,13,0.2501416331688845
2025-04-16,13,0.2511606869727192
2025-04-17,13,0.25023197952262755
2025-04-18,13,0.253877199409969
2025-04-21,13,0.25410350496599454
2025-04-22,13,0.25122231204121526
2025-04-23,13,0.25075616793427413
2025-04-24,13,0.25136401352070714
2025-04-25,13,0.24767959872941958
2025-04-28,13,0.24652228899247686
2025-04-29,13,0.2473400281385736
2025-04-30,13,0.24710825041030582
2025-05-06,13,0.2451838629290617
2025-05-07,13,0.23716949287261768
2025-05-08,13,0.2372812318496661
2025-05-09,13,0.2375589937115884
2025-05-12,13,0.2384407976126237
2025-05-13,13,0.2363613332317398
2025-05-14,13,0.2362516310172571
2025-05-15,13,0.23498083619571242
2025-05-16,13,0.23190590849706672
2025-05-19,13,0.23315769494117367
2025-05-20,13,0.23801974380646207
2025-05-21,13,0.23842986110353004
2025-05-22,13,0.2372961773636587
2025-05-23,13,0.2319130663388308
2025-05-26,13,0.23167993846262502
2025-05-27,13,0.23254961636668148
2025-05-28,13,0.23299128327656837
2025-05-29,13,0.23238604995056844
2025-05-30,13,0.2409022785256526
2025-06-03,13,0.23957461445837347
2025-06-04,13,0.23850294479652
2025-06-05,13,0.23742191339583552
2025-06-06,13,0.2401252623928335
2025-06-09,13,0.2398615310318416
2025-06-10,13,0.23839845061414877
2025-06-11,13,0.23767323349344582
2025-06-12,13,0.23726406885819484
2025-06-13,13,0.23954656149693399
2025-06-16,13,0.23996261001339736
2025-06-17,13,0.2394588768788356
2025-06-18,13,0.23851178930014605
2025-06-19,13,0.23933582036566825
2025-06-20,13,0.2426979305573156
2025-06-23,13,0.24782681313615607
2025-06-24,13,0.24522191328172016
2025-06-25,13,0.2425765383648104
2025-06-26,13,0.24502112865797532
2025-06-27,13,0.24452392415452462
2025-06-30,13,0.24604847555593923
2025-07-01,13,0.2434072788769538
2025-07-02,13,0.23999233553836496
2025-07-03,13,0.2379705167166173
2025-07-04,13,0.23792289339217498
2025-07-07,13,0.334584307218327
2025-07-08,13,0.3106775090960835
2025-07-09,13,0.31211348300742736
2025-07-10,13,0.320049024338109
2025-07-11,13,0.31448737938230786
2025-07-14,13,0.3166275276557161
2025-07-15,13,0.3204704762712758
2025-07-16,13,0.3457556981229697
2025-07-17,13,0.3473593071195219
2025-07-18,13,0.34153785422296756
2025-07-21,13,0.3456448096129874
2025-07-22,13,0.3509275538840567
2025-07-23,13,0.35218433831596174
2025-07-24,13,0.35668643970648506
2025-07-25,13,0.35559483218841503
2025-07-28,13,0.35843889230134496
2025-07-29,13,0.36480883432002464
2025-07-30,13,0.3658743717307379
2025-07-31,13,0.38558151797416207
2025-08-01,13,0.3804886911792875
2025-08-04,13,0.3828513299956796
2025-08-05,13,0.3909822057351764
2025-08-06,13,0.398688627225275
2025-08-07,13,0.40127279940010196
2025-08-08,13,0.39855270347236427
2025-08-11,13,0.41235385689253334
2025-08-12,13,0.4018592767387187
2025-08-13,13,0.39045336243381634
2025-08-14,13,0.38979844841156186
2025-08-15,13,0.3859465709956148
2025-08-18,13,0.3867573608991899
2025-08-19,13,0.3771222360541435
2025-08-20,13,0.37336696533615765
2025-08-21,13,0.37665176956158297
2025-08-22,13,0.3830410590475132
2025-08-25,13,0.3929052959792483
2025-08-26,13,0.3883585011858979
2025-08-27,13,0.38619740571291794
2025-08-28,13,0.3929258070662015
2025-08-29,13,0.396548482886274
2025-09-01,13,0.4023710051341076
2025-09-02,13,0.40908090026397637
2025-09-03,13,0.3943703715751692
2025-09-04,13,0.3993395859735265
2025-09-05,13,0.3812364873350278
2025-09-08,13,0.3716831710381494
2025-09-09,13,0.3812750518960598
2025-09-10,13,0.36955379656865606
2025-09-11,13,0.3719480107859192
2025-09-12,13,0.363102818070273
2025-09-15,13,0.3658299536185915
2025-09-16,13,0.366273224897544
2025-09-17,13,0.3721557315999261
2025-09-18,13,0.37127940398942194
2025-09-19,13,0.3736677928732465
2025-09-22,13,0.3722303102943729
2025-09-23,13,0.37739273443001553
2025-09-24,13,0.37446672065336206
2025-09-25,13,0.38563718942237935
2025-09-26,13,0.3893387855467527
2025-09-29,13,0.37016485347583505
2025-09-30,13,0.36564498754303565
2025-10-09,13,0.37096338111796323
2025-10-10,13,0.3699600031311987
2025-10-13,13,0.35935753318369523
2025-10-14,13,0.3608850780003774
2025-10-15,13,0.345122575261094
2025-10-16,13,0.3370799443555621
2025-10-17,13,0.33681232695191077
2025-10-20,13,0.32948929363091417
2025-10-21,13,0.3285893651488143
2025-10-22,13,0.3246884183985398
2025-10-23,13,0.32245677658846217
2025-10-24,13,0.3230847957211431
2025-10-27,13,0.31791288627402403
2025-10-28,13,0.3131986178004056
2025-10-29,13,0.31102231695032345
2025-10-30,13,0.3094584293569361
2025-10-31,13,0.3091835372273647
2025-11-03,13,0.3216650696813158
2025-11-04,13,0.32196489229000036
2025-11-05,13,0.3181889659207392
2025-11-06,13,0.3203488484911384
2025-11-07,13,0.3189741557023549
2025-11-10,13,0.32061797389538893
2025-11-11,13,0.3243328839191807
2025-11-12,13,0.3269548904019798
2025-11-13,13,0.3253468695133739
2025-11-14,13,0.3269514070101489
2025-11-17,13,0.3274629984791111
2025-11-18,13,0.32976971851659875
2025-11-19,13,0.33863543493619663
2025-11-20,13,0.3386748561584687
2025-11-21,13,0.3368665960403078
2025-11-24,13,0.3269202846699244
2025-11-25,13,0.32569716543802396
2025-11-26,13,0.3297703676115987
2025-11-27,13,0.3332002287528979
2025-11-28,13,0.32606071179381624
2025-12-01,13,0.327249048630599
2025-12-02,13,0.3226790125495794
2025-12-03,13,0.31984809715332285
2025-12-04,13,0.32305056085827066
2025-12-05,13,0.31921874793781435
2025-12-08,13,0.32537569545394796
2025-12-09,13,0.333817042382907
2025-12-10,13,0.32862645528083145
2025-12-11,13,0.3360891608256984
2025-12-12,13,0.32978270399454634
2025-12-15,13,0.34039348309411643
2025-12-16,13,0.3342253441008666
2025-12-17,13,0.3306454668042884
2025-12-18,13,0.3219121071671387
2025-12-19,13,0.3216309385131292
2025-12-22,13,0.3183249922778809
2025-12-23,13,0.31451818612997584
2025-12-24,13,0.31107172453778587
2025-12-25,13,0.30800947089625563
2025-12-26,13,0.29976703662488435
2025-12-29,13,0.29583795875085195
2025-12-30,13,0.308977164547785
2025-12-31,13,0.31435434805322815
2026-01-05,13,0.3123797652943284
2026-01-06,13,0.29938751571603606
2026-01-07,13,0.3083608967268324
2026-01-08,13,0.3031992969787378
2026-01-09,13,0.32320728129987886
2026-01-12,13,0.32977185005268494
2026-01-13,13,0.3460399825877515
2026-01-14,13,0.3650967544361533
2026-01-15,13,0.363367139349971
2026-01-16,13,0.37215660164548314
2026-01-19,13,0.37908798877705563
2026-01-20,13,0.38175436313159616
2026-01-21,13,0.3858067554542164
2026-01-22,13,0.41074003987600516
2026-01-23,13,0.41199516384608814
2026-01-26,13,0.4146405127181856
2026-01-27,13,0.4252681845987012
2026-01-28,13,0.41650068553122743
2026-01-29,13,0.41874376495873467
2026-01-30,13,0.4312279423939873
2026-02-02,13,0.4329293712130976
2026-02-03,13,0.42265915611221494
2026-02-04,13,0.4143132161254348
2026-02-05,13,0.4140167210110395
2026-02-06,13,0.4136986431646227
2026-02-09,13,0.4164107291863929
2026-02-10,13,0.409388280757789
2026-02-11,13,0.4106728443969052
2026-02-12,13,0.40962662524272786
2026-02-13,13,0.4088405474383896
2026-02-24,13,0.40639996213392604
2026-02-25,13,0.40849043615383096
2026-02-26,13,0.4270931918376514
2026-02-27,13,0.43174698123848343
2026-03-02,13,0.4373708540083445
2026-03-03,13,0.42911417296368404
2026-03-04,13,0.4066622556735322
2026-03-05,13,0.4048953581855611
2026-03-06,13,0.4072322937517885
2026-03-09,13,0.4089679394083944
2026-03-10,13,0.4152227924193701
2026-03-11,13,0.4099664514476604
2026-03-12,13,0.41197457801197934
2026-03-13,13,0.411717660597134
2026-03-16,13,0.4051438751973111
2026-03-17,13,0.40551476007500187
2026-03-18,13,0.40374981318428527
2026-03-19,13,0.4065050799926285
2026-03-20,13,0.40964214308776037
2026-03-23,13,0.416471419800178
2026-03-24,13,0.39988093926403656
2026-03-25,13,0.3975277032854897
2026-03-26,13,0.39289717538088775
2026-03-27,13,0.38860089748290505
2026-03-30,13,0.39223191177432104
2026-03-31,13,0.3955506522866221
2026-04-01,13,0.39490330554044895
2026-04-02,13,0.38758947029259183
2026-04-03,13,0.3851944815964544
2026-04-07,13,0.38617034204831524
2026-04-08,13,0.3839597513137196
2026-04-09,13,0.37118330491562146
2026-04-10,13,0.37411521721362195
2026-04-13,13,0.3733304104970878
2026-04-14,13,0.3719762815212153
2026-04-15,13,0.37048744522198407
2026-04-16,13,0.3678619564915214
2026-04-17,13,0.36401662349325503
2026-04-20,13,0.3676268200394196
2026-04-21,13,0.36403769472723635
2026-04-22,13,0.3613674818919833
2026-04-23,13,0.35768636667171483
2026-04-24,13,0.3569761670276972
2026-04-27,13,0.3561185900537911
2026-04-28,13,0.35636058535624493
2026-04-29,13,0.35401115004496375
2026-04-30,13,0.3482495645763286
2026-05-06,13,0.3467915007825719
2026-05-07,13,0.33328458612074563
2026-05-08,13,0.33076329905623936
2026-05-11,13,0.3290958391729587
2026-05-12,13,0.3299438316028992
2026-05-13,13,0.3313777065082917
2026-05-14,13,0.33126160948254013
2026-05-15,13,0.32359423279686494
2026-05-18,13,0.3209566501096538
2026-05-19,13,0.3240689920901323
2026-05-20,13,0.32544958672253366
2026-05-21,13,0.32508828077115504
2026-05-22,13,0.32191298683212644
2026-05-25,13,0.3309495474041275
2026-05-26,13,0.33230629047542315
2026-05-27,13,0.33201822807856074
2026-05-28,13,0.3289468806789507
2026-05-29,13,0.3282711603820021
2026-06-01,13,0.32647260024707203
2026-06-02,13,0.34885587048813627
2026-06-03,13,0.3559179041573042
2026-06-04,13,0.35786901741595645
2026-06-05,13,0.35671870446147547
2026-06-08,13,0.35442893271724585
2026-06-09,13,0.35581371068315915
2026-06-10,13,0.3526425491485631
2026-06-11,13,0.3514964529668435
2026-06-12,13,0.3546617495057245
2026-06-15,13,0.3582022280956302
2026-06-16,13,0.35748395010186984
2026-06-17,13,0.3570979779241753
2026-06-18,13,0.3589258768120993
2026-06-22,13,0.36470483589474123
2026-06-23,13,0.377315405854886
2026-06-24,13,0.37420888085829895
2026-06-25,13,0.37988124759151787
2026-06-26,13,0.39065992518676984
2026-06-29,13,0.37286489741035367
2026-06-30,13,0.37902650361212176
2026-07-01,13,0.3802833999240324
2026-07-02,13,0.3951657382367211
2026-07-03,13,0.3913362138593023
2026-07-06,13,0.39308181991871893
2026-07-07,13,0.3959929528314854
2026-07-08,13,0.4142230207548777
2026-07-09,13,0.42115767499930834
2026-07-10,13,0.4194178017802521
2026-07-13,13,0.4303343683139339
2026-07-14,13,0.44584926010343673
2026-07-15,13,0.44850257434942165
2026-07-16,13,0.45829916894796063
2026-07-17,13,0.4594148540023961
2026-07-20,13,0.43732604836215594
2026-07-21,13,0.44675369396648135
2026-07-22,13,0.440985584620351
2026-07-23,13,0.44303001705274947
2026-07-24,13,0.4445267967631298
2026-07-27,13,0.43801816625195433
2026-07-28,13,0.42828327808781375
2026-07-29,13,0.4270536227137648
2026-07-30,13,0.42873443154130997
2026-07-31,13,0.4416363401783716
2026-08-03,13,0.4356859611440257
2026-08-04,13,0.43587605017029174
2026-08-05,13,0.4382607450899899
2026-08-06,13,0.4367389237475109
2026-08-07,13,0.43635743948479133
2026-08-10,13,0.4451592658753083
