date,pmi,ppi,prosperity_index,ma6,signal
2008-01-31,53.0,6.07,0.0,,正常
2008-01-31,53.0,6.07,0.0,,正常
2008-02-29,53.4,6.62,0.7071067811865441,,景气上行
2008-02-29,53.4,6.62,0.7071067811865441,,景气上行
2008-03-31,58.4,7.95,1.129564471091483,0.6122237507593423,景气上行
2008-03-31,58.4,7.95,1.129564471091483,0.6122237507593423,景气上行
2008-04-30,59.2,8.12,0.9550651170304918,0.6979340923271298,景气上行
2008-04-30,59.2,8.12,0.9550651170304918,0.6979340923271298,景气上行
2008-05-31,53.3,8.22,0.066539962437522,0.5716552663492082,正常
2008-05-31,53.3,8.22,0.06653996243752203,0.5716552663492082,正常
2008-06-30,52.0,8.84,0.100706805650254,0.4931638562327158,正常
2008-06-30,52.0,8.84,0.10070680565025403,0.49316385623271586,正常
2008-07-31,48.4,10.03,0.0303159638805491,0.498216516879474,正常
2008-07-31,48.4,10.03,0.030315963880549135,0.49821651687947405,正常
2008-08-31,48.4,10.06,0.025330100175849024,0.38458707004435816,正常
2008-08-31,48.4,10.06,0.025330100175849,0.3845870700443581,正常
2008-09-30,51.2,9.13,0.04673044630565518,0.20411473258005353,正常
2008-09-30,51.2,9.13,0.0467304463056551,0.2041147325800535,正常
2008-10-31,44.6,6.59,-1.4121845056692155,-0.190426871203231,景气下行
2008-10-31,44.6,6.59,-1.4121845056692155,-0.190426871203231,景气下行
2008-11-30,38.8,1.99,-2.2673572571204437,-0.5794097411295587,景气下行
2008-11-30,38.8,1.99,-2.267357257120444,-0.5794097411295587,景气下行
2008-12-31,41.2,-1.14,-1.9181310345084763,-0.915882714489347,景气下行
2008-12-31,41.2,-1.14,-1.9181310345084763,-0.915882714489347,景气下行
2009-01-31,45.3,-3.35,-1.470543449906963,-1.1660259501205992,景气下行
2009-01-31,45.3,-3.35,-1.470543449906963,-1.1660259501205992,景气下行
2009-02-28,49.0,-4.47,-1.0460242788055385,-1.3445850132841637,景气下行
2009-02-28,49.0,-4.47,-1.0460242788055385,-1.3445850132841637,景气下行
2009-03-31,52.4,-5.99,-0.722350093844867,-1.4727651033092508,景气下行
2009-03-31,52.4,-5.99,-0.722350093844867,-1.4727651033092508,景气下行
2009-04-30,53.5,-6.6,-0.5572575264524862,-1.3302772734397958,景气下行
2009-04-30,53.5,-6.6,-0.5572575264524862,-1.3302772734397958,景气下行
2009-05-31,53.1,-7.2,-0.5473669814535438,-1.0436122274953126,景气下行
2009-05-31,53.1,-7.2,-0.5473669814535438,-1.0436122274953126,景气下行
2009-06-30,53.2,-7.8,-0.5085664447686571,-0.8086847958720091,景气下行
2009-06-30,53.2,-7.8,-0.5085664447686571,-0.8086847958720091,景气下行
2009-07-31,53.3,-8.22,-0.4692766608132961,-0.6418069976897315,正常
2009-07-31,53.3,-8.22,-0.4692766608132961,-0.6418069976897315,正常
2009-08-31,54.0,-7.86,-0.33857546953361123,-0.5238988628110769,正常
2009-08-31,54.0,-7.86,-0.3385754695336112,-0.5238988628110769,正常
2009-09-30,54.3,-6.99,-0.2282932020287058,-0.4415560475083833,正常
2009-09-30,54.3,-6.99,-0.22829320202870584,-0.44155604750838334,正常
2009-10-31,55.2,-5.85,-0.056913314083404054,-0.3581653454468697,正常
2009-10-31,55.2,-5.85,-0.056913314083404,-0.3581653454468697,正常
2009-11-30,55.2,-2.08,0.1931338688654197,-0.2347485370603757,正常
2009-11-30,55.2,-2.08,0.1931338688654197,-0.23474853706037577,正常
2009-12-31,56.6,1.7,0.5740964588454222,-0.05430471979136257,景气上行
2009-12-31,56.6,1.7,0.5740964588454222,-0.0543047197913625,景气上行
2010-01-31,55.8,4.32,0.6612416960295076,0.1341150063491047,景气上行
2010-01-31,55.8,4.32,0.6612416960295076,0.1341150063491047,景气上行
2010-02-28,52.0,5.39,0.347712179102343,0.24849628112176372,正常
2010-02-28,52.0,5.39,0.347712179102343,0.2484962811217637,正常
2010-03-31,55.1,5.91,0.6849419006966959,0.4007021315759974,景气上行
2010-03-31,55.1,5.91,0.6849419006966959,0.4007021315759974,景气上行
2010-04-30,55.7,6.81,0.7903414730207878,0.5419112627600293,景气上行
2010-04-30,55.7,6.81,0.7903414730207878,0.5419112627600293,景气上行
2010-05-31,53.9,7.13,0.6099236348579147,0.6113762237587785,景气上行
2010-05-31,53.9,7.13,0.6099236348579147,0.6113762237587785,景气上行
2010-06-30,52.1,6.41,0.3558002367871206,0.5749935200823949,正常
2010-06-30,52.1,6.41,0.35580023678712064,0.5749935200823949,正常
2010-07-31,51.2,4.84,0.1364880724927913,0.4875345828262755,正常
2010-07-31,51.2,4.84,0.13648807249279135,0.48753458282627554,正常
2010-08-31,51.7,4.32,0.14859840559461762,0.45434895390832136,正常
2010-08-31,51.7,4.32,0.1485984055946176,0.4543489539083213,正常
2010-09-30,53.8,4.33,0.3770019657413439,0.4030256314157626,正常
2010-09-30,53.8,4.33,0.3770019657413439,0.4030256314157626,正常
2010-10-31,54.7,5.04,0.5248660911366922,0.35877973443508004,景气上行
2010-10-31,54.7,5.04,0.5248660911366922,0.35877973443508,景气上行
2010-11-30,55.2,6.06,0.6501444404364267,0.3654832020314987,景气上行
2010-11-30,55.2,6.06,0.6501444404364267,0.3654832020314987,景气上行
2010-12-31,53.9,5.93,0.4815298877279352,0.3864381438549678,正常
2010-12-31,53.9,5.93,0.48152988772793526,0.38643814385496783,正常
2011-01-31,52.9,6.6436,0.4153026356034675,0.43290723770674716,正常
2011-01-31,52.9,6.6436,0.4153026356034675,0.4329072377067471,正常
2011-02-28,52.2,7.2322,0.3729105732858785,0.470292598988624,正常
2011-02-28,52.2,7.2322,0.37291057328587857,0.470292598988624,正常
2011-03-31,53.4,7.3081,0.5131124458688411,0.4929776790098736,景气上行
2011-03-31,53.4,7.3081,0.5131124458688411,0.4929776790098736,景气上行
2011-04-30,52.9,6.821,0.4049502132751707,0.4729916993662866,正常
2011-04-30,52.9,6.821,0.4049502132751707,0.47299169936628666,正常
2011-05-31,52.0,6.7851,0.2861521149764973,0.4123263117896317,正常
2011-05-31,52.0,6.7851,0.28615211497649734,0.4123263117896317,正常
2011-06-30,50.9,7.1209,0.1737306292943929,0.3610264353840413,正常
2011-06-30,50.9,7.1209,0.17373062929439292,0.36102643538404133,正常
2011-07-31,50.7,7.5417,0.17989543660071725,0.3217919022169163,正常
2011-07-31,50.7,7.5417,0.1798954366007172,0.3217919022169163,正常
2011-08-31,50.9,7.2528,0.1768776102100652,0.2891197417042807,正常
2011-08-31,50.9,7.2528,0.17687761021006523,0.28911974170428073,正常
2011-09-30,51.2,6.5227,0.1501721375234773,0.2286296903133867,正常
2011-09-30,51.2,6.5227,0.1501721375234773,0.22862969031338679,正常
2011-10-31,50.4,5.0038,-0.08349414303766425,0.14722229759458097,正常
2011-10-31,50.4,5.0038,-0.0834941430376642,0.1472222975945809,正常
2011-11-30,49.0,2.7179,-0.4582986309062397,0.0231471732807914,正常
2011-11-30,49.0,2.7179,-0.45829863090623973,0.02314717328079145,正常
2011-12-31,50.3,1.6854,-0.3741903556132432,-0.0681729908704812,正常
2011-12-31,50.3,1.6854,-0.3741903556132432,-0.06817299087048125,正常
2012-01-31,50.5,0.7347,-0.4272702302593665,-0.1693672686804952,正常
2012-01-31,50.5,0.7347,-0.42727023025936656,-0.1693672686804952,正常
2012-02-29,51.0,0.0284,-0.4187508972517731,-0.2686386865908016,正常
2012-02-29,51.0,0.0284,-0.41875089725177317,-0.26863868659080165,正常
2012-03-31,53.1,-0.3171,-0.1641552352397122,-0.3210265820513332,正常
2012-03-31,53.1,-0.3171,-0.1641552352397122,-0.3210265820513332,正常
2012-04-30,53.3,-0.6984,-0.1686592591711426,-0.33522076807357953,正常
2012-04-30,53.3,-0.6984,-0.1686592591711426,-0.3352207680735795,正常
2012-05-31,50.4,-1.3981,-0.6220465147808178,-0.36251208205267593,景气下行
2012-05-31,50.4,-1.3981,-0.6220465147808178,-0.3625120820526759,景气下行
2012-06-30,50.2,-2.0843,-0.7020453045814561,-0.41715457354737806,景气下行
2012-06-30,50.2,-2.0843,-0.7020453045814561,-0.417154573547378,景气下行
2012-07-31,50.1,-2.8651,-0.7748766662382269,-0.4750889795438548,景气下行
2012-07-31,50.1,-2.8651,-0.7748766662382269,-0.4750889795438548,景气下行
2012-08-31,49.2,-3.4784,-0.940434262658934,-0.562036207111715,景气下行
2012-08-31,49.2,-3.4784,-0.940434262658934,-0.562036207111715,景气下行
2012-09-30,49.8,-3.5545,-0.8482094955324548,-0.6760452504938387,景气下行
2012-09-30,49.8,-3.5545,-0.8482094955324548,-0.6760452504938387,景气下行
2012-10-31,50.2,-2.7558,-0.7080456241634114,-0.7659429779925503,景气下行
2012-10-31,50.2,-2.7558,-0.7080456241634114,-0.7659429779925503,景气下行
2012-11-30,50.6,-2.1995,-0.5922767539037067,-0.7609813511796983,景气下行
2012-11-30,50.6,-2.1995,-0.5922767539037067,-0.7609813511796983,景气下行
2012-12-31,50.6,-1.9397,-0.561539807561657,-0.7375637683430653,景气下行
2012-12-31,50.6,-1.9397,-0.561539807561657,-0.7375637683430653,景气下行
2013-01-31,50.4,-1.6372,-0.5562739638191732,-0.7011299846065562,景气下行
2013-01-31,50.4,-1.6372,-0.5562739638191732,-0.7011299846065562,景气下行
2013-02-28,50.1,-1.6254,-0.5922450416152144,-0.6430984477659363,景气下行
2013-02-28,50.1,-1.6254,-0.5922450416152144,-0.6430984477659363,景气下行
2013-03-31,50.9,-1.919,-0.4964052503995384,-0.5844644069104502,正常
2013-03-31,50.9,-1.919,-0.4964052503995384,-0.5844644069104502,正常
2013-04-30,50.6,-2.6175,-0.5984211876028139,-0.5661936674836839,景气下行
2013-04-30,50.6,-2.6175,-0.5984211876028139,-0.5661936674836839,景气下行
2013-05-31,50.8,-2.8658,-0.5843481786717436,-0.5648722382783568,景气下行
2013-05-31,50.8,-2.8658,-0.5843481786717436,-0.5648722382783568,景气下行
2013-06-30,50.1,-2.6965,-0.6656004821987797,-0.5822156840512106,景气下行
2013-06-30,50.1,-2.6965,-0.6656004821987797,-0.5822156840512106,景气下行
2013-07-31,50.3,-2.2712,-0.5891603526815803,-0.5876967488616117,景气下行
2013-07-31,50.3,-2.2712,-0.5891603526815803,-0.5876967488616117,景气下行
2013-08-31,51.0,-1.625,-0.4180218124097797,-0.5586595439940393,正常
2013-08-31,51.0,-1.625,-0.41802181240977976,-0.5586595439940393,正常
2013-09-30,51.1,-1.3439,-0.3727442588316085,-0.5380493787327176,正常
2013-09-30,51.1,-1.3439,-0.37274425883160855,-0.5380493787327176,正常
2013-10-31,51.4,-1.5071,-0.33877506258101203,-0.49477502456241723,正常
2013-10-31,51.4,-1.5071,-0.338775062581012,-0.4947750245624172,正常
2013-11-30,51.4,-1.4242,-0.3278477473280792,-0.4520249526718065,正常
2013-11-30,51.4,-1.4242,-0.3278477473280792,-0.45202495267180653,正常
2013-12-31,51.0,-1.3557,-0.3805057072765437,-0.4045091568514339,正常
2013-12-31,51.0,-1.3557,-0.38050570727654376,-0.4045091568514339,正常
2014-01-31,50.5,-1.6394,-0.4822353431577112,-0.386688321930789,正常
2014-01-31,50.5,-1.6394,-0.4822353431577112,-0.38668832193078906,正常
2014-02-28,50.2,-2.0182,-0.5611694451946035,-0.4105462607282596,景气下行
2014-02-28,50.2,-2.0182,-0.5611694451946035,-0.41054626072825967,景气下行
2014-03-31,50.3,-2.3022,-0.5674615853952698,-0.4429991484888698,景气下行
2014-03-31,50.3,-2.3022,-0.5674615853952698,-0.44299914848886984,景气下行
2014-04-30,50.4,-2.0042,-0.517881830935582,-0.4728502765479649,景气下行
2014-04-30,50.4,-2.0042,-0.517881830935582,-0.4728502765479649,景气下行
2014-05-31,50.8,-1.4464,-0.3958046938051154,-0.48417643429413765,正常
2014-05-31,50.8,-1.4464,-0.3958046938051154,-0.4841764342941376,正常
2014-06-30,51.0,-1.1086,-0.32776534145884495,-0.4753863733245211,正常
2014-06-30,51.0,-1.1086,-0.3277653414588449,-0.4753863733245211,正常
2014-07-31,51.7,-0.8688,-0.1885007953941266,-0.42643061536392374,正常
2014-07-31,51.7,-0.8688,-0.1885007953941266,-0.4264306153639237,正常
2014-08-31,51.1,-1.2038,-0.31783257055324604,-0.38587446959036414,正常
2014-08-31,51.1,-1.2038,-0.317832570553246,-0.3858744695903641,正常
2014-09-30,51.1,-1.7996,-0.3741721215905057,-0.3536595589562368,正常
2014-09-30,51.1,-1.7996,-0.3741721215905057,-0.3536595589562368,正常
2014-10-31,50.8,-2.2428,-0.4644695494952223,-0.3447575120495101,正常
2014-10-31,50.8,-2.2428,-0.46446954949522234,-0.34475751204951016,正常
2014-11-30,50.3,-2.6928,-0.5880477989541719,-0.3767980295743529,景气下行
2014-11-30,50.3,-2.6928,-0.5880477989541719,-0.37679802957435293,景气下行
2014-12-31,50.1,-3.3152,-0.6777785287169988,-0.4351335607840452,景气下行
2014-12-31,50.1,-3.3152,-0.6777785287169988,-0.43513356078404525,景气下行
2015-01-31,49.8,-4.3202,-0.8204921515954762,-0.5404654534842702,景气下行
2015-01-31,49.8,-4.3202,-0.8204921515954762,-0.5404654534842702,景气下行
2015-02-28,49.9,-4.7976,-0.8415973773824305,-0.627759587955801,景气下行
2015-02-28,49.9,-4.7976,-0.8415973773824305,-0.627759587955801,景气下行
2015-03-31,50.1,-4.5603,-0.7751005799247211,-0.6945809976781702,景气下行
2015-03-31,50.1,-4.5603,-0.7751005799247211,-0.6945809976781702,景气下行
2015-04-30,50.1,-4.5725,-0.767964191160377,-0.745163437955696,景气下行
2015-04-30,50.1,-4.5725,-0.767964191160377,-0.745163437955696,景气下行
2015-05-31,50.2,-4.607,-0.7462242030573807,-0.7715261719728974,景气下行
2015-05-31,50.2,-4.607,-0.7462242030573807,-0.7715261719728974,景气下行
2015-06-30,50.2,-4.8135,-0.7586174387712599,-0.7849993236486075,景气下行
2015-06-30,50.2,-4.8135,-0.7586174387712599,-0.7849993236486075,景气下行
2015-07-31,50.0,-5.3692,-0.8390293999989136,-0.7880888650491804,景气下行
2015-07-31,50.0,-5.3692,-0.8390293999989136,-0.7880888650491804,景气下行
2015-08-31,49.7,-5.9227,-0.9347910312012739,-0.8036211406856544,景气下行
2015-08-31,49.7,-5.9227,-0.934791031201274,-0.8036211406856544,景气下行
2015-09-30,49.8,-5.945,-0.9084187380945472,-0.8258408337139587,景气下行
2015-09-30,49.8,-5.945,-0.9084187380945473,-0.8258408337139587,景气下行
2015-10-31,49.8,-5.9,-0.8934174053094746,-0.8467497027388083,景气下行
2015-10-31,49.8,-5.9,-0.8934174053094746,-0.8467497027388083,景气下行
2015-11-30,49.6,-5.9,-0.9181195814136192,-0.8753989324648481,景气下行
2015-11-30,49.6,-5.9,-0.9181195814136192,-0.8753989324648481,景气下行
2015-12-31,49.7,-5.9,-0.8904774219727328,-0.8973755963317602,景气下行
2015-12-31,49.7,-5.9,-0.8904774219727328,-0.8973755963317602,景气下行
2016-01-31,49.4,-5.3,-0.8761136549888764,-0.9035563054967541,景气下行
2016-01-31,49.4,-5.3,-0.8761136549888764,-0.903556305496754,景气下行
2016-02-29,49.0,-4.9,-0.899514523058147,-0.8976768874728996,景气下行
2016-02-29,49.0,-4.9,-0.899514523058147,-0.8976768874728996,景气下行
2016-03-31,50.2,-4.3,-0.6218511840185543,-0.8499156284602339,景气下行
2016-03-31,50.2,-4.3,-0.6218511840185543,-0.8499156284602339,景气下行
2016-04-30,50.1,-3.4,-0.5476795615268074,-0.7922926544964563,景气下行
2016-04-30,50.1,-3.4,-0.5476795615268074,-0.7922926544964563,景气下行
2016-05-31,50.1,-2.8,-0.48560953633607795,-0.7202076469835327,正常
2016-05-31,50.1,-2.8,-0.4856095363360779,-0.7202076469835327,正常
2016-06-30,50.0,-2.6,-0.4809891298289664,-0.6519595982929048,正常
2016-06-30,50.0,-2.6,-0.48098912982896647,-0.6519595982929048,正常
2016-07-31,49.9,-1.7,-0.4075975052011146,-0.5738735733282779,正常
2016-07-31,49.9,-1.7,-0.40759750520111465,-0.5738735733282779,正常
2016-08-31,50.4,-0.8,-0.2259034030042466,-0.4616050533192945,正常
2016-08-31,50.4,-0.8,-0.22590340300424666,-0.4616050533192945,正常
2016-09-30,50.4,0.1,-0.1352089839072908,-0.3804980199674173,正常
2016-09-30,50.4,0.1,-0.13520898390729083,-0.38049801996741733,正常
2016-10-31,51.2,1.2,0.1215724171908051,-0.26895602351448195,正常
2016-10-31,51.2,1.2,0.1215724171908051,-0.2689560235144819,正常
2016-11-30,51.7,3.3,0.42309817479441847,-0.11750473832606582,正常
2016-11-30,51.7,3.3,0.4230981747944184,-0.1175047383260658,正常
2016-12-31,51.4,5.5,0.5843794325007343,0.06005668872888429,景气上行
2016-12-31,51.4,5.5,0.5843794325007343,0.0600566887288842,景气上行
2017-01-31,51.3,6.9,0.6982250203485446,0.24436044298716086,景气上行
2017-01-31,51.3,6.9,0.6982250203485446,0.2443604429871608,景气上行
2017-02-28,51.6,7.8,0.833020419768959,0.42084774678269515,景气上行
2017-02-28,51.6,7.8,0.833020419768959,0.4208477467826951,景气上行
2017-03-31,51.8,7.6,0.8396315057694809,0.5833211617288238,景气上行
2017-03-31,51.8,7.6,0.8396315057694809,0.5833211617288238,景气上行
2017-04-30,51.2,6.4,0.6002763333496223,0.6631051477552933,景气上行
2017-04-30,51.2,6.4,0.6002763333496223,0.6631051477552933,景气上行
2017-05-31,51.2,5.5,0.5062498965859809,0.6769637680538869,景气上行
2017-05-31,51.2,5.5,0.5062498965859809,0.6769637680538869,景气上行
2017-06-30,51.7,5.5,0.5965516767325871,0.6789924754258626,景气上行
2017-06-30,51.7,5.5,0.5965516767325871,0.6789924754258626,景气上行
2017-07-31,51.4,5.5,0.5346766628842697,0.6517344158484834,景气上行
2017-07-31,51.4,5.5,0.5346766628842697,0.6517344158484834,景气上行
2017-08-31,51.7,6.3,0.6656053152639614,0.6238318984309837,景气上行
2017-08-31,51.7,6.3,0.6656053152639614,0.6238318984309837,景气上行
2017-09-30,52.4,6.9,0.8520337731163732,0.6258989429887991,景气上行
2017-09-30,52.4,6.9,0.8520337731163732,0.6258989429887991,景气上行
2017-10-31,51.6,6.9,0.6902000393551635,0.640886227323056,景气上行
2017-10-31,51.6,6.9,0.6902000393551635,0.640886227323056,景气上行
2017-11-30,51.8,5.8,0.6156319864956559,0.6591165756413352,景气上行
2017-11-30,51.8,5.8,0.6156319864956559,0.6591165756413352,景气上行
2017-12-31,51.6,4.9,0.4845270185166148,0.6404457992720064,正常
2017-12-31,51.6,4.9,0.4845270185166148,0.6404457992720064,正常
2018-01-31,51.3,4.3,0.364195595964783,0.6120322881187586,正常
2018-01-31,51.3,4.3,0.364195595964783,0.6120322881187586,正常
2018-02-28,50.3,3.7,0.1072520734362217,0.518973414480802,正常
2018-02-28,50.3,3.7,0.10725207343622176,0.518973414480802,正常
2018-03-31,51.5,3.1,0.28323858779181776,0.4241742169267095,正常
2018-03-31,51.5,3.1,0.2832385877918177,0.4241742169267095,正常
2018-04-30,51.4,3.4,0.2918624420644717,0.3577846173782608,正常
2018-04-30,51.4,3.4,0.2918624420644717,0.3577846173782608,正常
2018-05-31,51.9,4.1,0.4589516654311394,0.3316712305341747,正常
2018-05-31,51.9,4.1,0.45895166543113947,0.33167123053417474,正常
2018-06-30,51.5,4.7,0.4365107665456804,0.3236685218723523,正常
2018-06-30,51.5,4.7,0.43651076654568044,0.32366852187235234,正常
2018-07-31,51.2,4.6,0.3640394571838558,0.3236424987421978,正常
2018-07-31,51.2,4.6,0.36403945718385583,0.3236424987421978,正常
2018-08-31,51.3,4.1,0.3320914678959355,0.36111573115215,正常
2018-08-31,51.3,4.1,0.3320914678959355,0.36111573115215007,正常
2018-09-30,50.8,3.6,0.1796035800895832,0.3438432298684444,正常
2018-09-30,50.8,3.6,0.17960358008958321,0.3438432298684444,正常
2018-10-31,50.2,3.3,0.0273226773339898,0.2997532690800307,正常
2018-10-31,50.2,3.3,0.027322677333989853,0.2997532690800307,正常
2018-11-30,50.0,2.7,-0.0737992860492633,0.2109614438332969,正常
2018-11-30,50.0,2.7,-0.07379928604926339,0.21096144383329693,正常
2018-12-31,49.4,0.9,-0.37725183905387866,0.07533434290003706,正常
2018-12-31,49.4,0.9,-0.3772518390538786,0.075334342900037,正常
2019-01-31,49.5,0.1,-0.4362070490747962,-0.058040074809738273,正常
2019-01-31,49.5,0.1,-0.4362070490747962,-0.0580400748097382,正常
2019-02-28,49.2,0.1,-0.4948411708173134,-0.1958621812619464,正常
2019-02-28,49.2,0.1,-0.4948411708173134,-0.1958621812619464,正常
2019-03-31,50.5,0.4,-0.1963790615501592,-0.2585259548685701,正常
2019-03-31,50.5,0.4,-0.1963790615501592,-0.25852595486857016,正常
2019-04-30,50.1,0.9,-0.2261551050102536,-0.3007722519259441,正常
2019-04-30,50.1,0.9,-0.2261551050102536,-0.3007722519259441,正常
2019-05-31,49.4,0.6,-0.3996988116009083,-0.3550888395178849,正常
2019-05-31,49.4,0.6,-0.3996988116009083,-0.3550888395178849,正常
2019-06-30,49.4,0.0,-0.45974549363479955,-0.3688377819480384,正常
2019-06-30,49.4,0.0,-0.4597454936347995,-0.3688377819480384,正常
2019-07-31,49.7,-0.3,-0.4269205528697391,-0.36729003258052884,正常
2019-07-31,49.7,-0.3,-0.4269205528697391,-0.3672900325805288,正常
2019-08-31,49.5,-0.8,-0.5183632016493755,-0.37121037105253923,景气下行
2019-08-31,49.5,-0.8,-0.5183632016493755,-0.3712103710525392,景气下行
2019-09-30,49.8,-1.2,-0.4957161266925778,-0.42109988190960895,正常
2019-09-30,49.8,-1.2,-0.4957161266925778,-0.4210998819096089,正常
2019-10-31,49.3,-1.6,-0.6389693950515148,-0.48990226358315253,景气下行
2019-10-31,49.3,-1.6,-0.6389693950515148,-0.4899022635831525,景气下行
2019-11-30,50.2,-1.4,-0.42789215834980976,-0.4946011547079694,正常
2019-11-30,50.2,-1.4,-0.4278921583498097,-0.4946011547079694,正常
2019-12-31,50.2,-0.5,-0.3312837136218232,-0.47319085803914,正常
2019-12-31,50.2,-0.5,-0.3312837136218232,-0.47319085803914,正常
2020-01-31,50.0,0.1,-0.3083672355162602,-0.4534319718135602,正常
2020-01-31,50.0,0.1,-0.3083672355162602,-0.45343197181356026,正常
2020-02-29,35.7,-0.4,-2.980323281246632,-0.8637586517464363,景气下行
2020-02-29,35.7,-0.4,-2.980323281246632,-0.8637586517464363,景气下行
2020-03-31,52.0,-1.5,-0.0599206389749694,-0.7911260704601683,正常
2020-03-31,52.0,-1.5,-0.059920638974969465,-0.7911260704601683,正常
2020-04-30,50.8,-3.1,-0.4532266542740437,-0.7601689469972565,正常
2020-04-30,50.8,-3.1,-0.45322665427404374,-0.7601689469972565,正常
2020-05-31,50.6,-3.7,-0.551743545519109,-0.7808108448588064,景气下行
2020-05-31,50.6,-3.7,-0.551743545519109,-0.7808108448588064,景气下行
2020-06-30,50.9,-3.0,-0.41784223110928737,-0.7952372644400502,正常
2020-06-30,50.9,-3.0,-0.4178422311092873,-0.7952372644400502,正常
2020-07-31,51.1,-2.4,-0.31402563072486317,-0.7961803303081508,正常
2020-07-31,51.1,-2.4,-0.3140256307248631,-0.7961803303081508,正常
2020-08-31,51.0,-2.0,-0.2886068091798651,-0.3475609182970229,正常
2020-08-31,51.0,-2.0,-0.28860680917986514,-0.34756091829702296,正常
2020-09-30,51.5,-2.1,-0.20333995510571432,-0.3714641376521471,正常
2020-09-30,51.5,-2.1,-0.2033399551057143,-0.3714641376521471,正常
2020-10-31,51.4,-2.1,-0.2213290333240484,-0.3328145341604813,正常
2020-10-31,51.4,-2.1,-0.22132903332404844,-0.3328145341604813,正常
2020-11-30,52.1,-1.5,-0.022302083247919186,-0.24457429044861626,正常
2020-11-30,52.1,-1.5,-0.0223020832479191,-0.2445742904486162,正常
2020-12-31,51.9,-0.4,0.05859920112634391,-0.16516738507601106,正常
2020-12-31,51.9,-0.4,0.0585992011263439,-0.165167385076011,正常
2021-01-31,51.3,0.3,0.019412479175063585,-0.10959436675935659,正常
2021-01-31,51.3,0.3,0.0194124791750635,-0.1095943667593565,正常
2021-02-28,50.6,1.7,0.0372623645505328,-0.0552828378042902,正常
2021-02-28,50.6,1.7,0.037262364550532806,-0.055282837804290275,正常
2021-03-31,51.9,4.4,0.5821610982711434,0.07563400442518602,景气上行
2021-03-31,51.9,4.4,0.5821610982711434,0.075634004425186,景气上行
2021-04-30,51.1,6.8,0.6844509060134153,0.22659732764809662,景气上行
2021-04-30,51.1,6.8,0.6844509060134153,0.2265973276480966,景气上行
2021-05-31,51.0,9.0,0.8939908316125625,0.3793128134581769,景气上行
2021-05-31,51.0,9.0,0.8939908316125625,0.3793128134581769,景气上行
2021-06-30,50.9,8.8,0.842030315060951,0.5098846657806114,景气上行
2021-06-30,50.9,8.8,0.842030315060951,0.5098846657806114,景气上行
2021-07-31,50.4,9.0,0.7550495757398611,0.632490848541411,景气上行
2021-07-31,50.4,9.0,0.7550495757398611,0.632490848541411,景气上行
2021-08-31,50.1,9.5,0.7380643486457634,0.7492911792239495,景气上行
2021-08-31,50.1,9.5,0.7380643486457634,0.7492911792239495,景气上行
2021-09-30,49.6,10.7,0.7519795404386586,0.7775942529185352,景气上行
2021-09-30,49.6,10.7,0.7519795404386586,0.7775942529185352,景气上行
2021-10-31,49.2,13.5,0.9392260351609389,0.8200567744431226,景气上行
2021-10-31,49.2,13.5,0.9392260351609388,0.8200567744431226,景气上行
2021-11-30,50.1,12.9,1.0303634337820224,0.842785541471366,景气上行
2021-11-30,50.1,12.9,1.0303634337820224,0.842785541471366,景气上行
2021-12-31,50.3,10.3,0.7924135751669086,0.8345160848223588,景气上行
2021-12-31,50.3,10.3,0.7924135751669086,0.8345160848223588,景气上行
2022-01-31,50.1,9.1,0.6231122624818868,0.8125265326126964,景气上行
2022-01-31,50.1,9.1,0.6231122624818868,0.8125265326126964,景气上行
2022-02-28,50.2,8.8,0.6058349355802624,0.7904882971017795,景气上行
2022-02-28,50.2,8.8,0.6058349355802624,0.7904882971017795,景气上行
2022-03-31,49.5,8.3,0.4106244576497792,0.733595783303633,正常
2022-03-31,49.5,8.3,0.4106244576497792,0.733595783303633,正常
2022-04-30,47.4,8.0,-0.0393140983182093,0.5705057610571084,正常
2022-04-30,47.4,8.0,-0.03931409831820931,0.5705057610571084,正常
2022-05-31,49.6,6.4,0.23803221950687065,0.4384505586779164,正常
2022-05-31,49.6,6.4,0.2380322195068706,0.4384505586779164,正常
2022-06-30,50.2,6.1,0.3260032366241884,0.3607155022541297,正常
2022-06-30,50.2,6.1,0.3260032366241884,0.3607155022541297,正常
2022-07-31,49.0,4.2,-0.1042767734498273,0.2394839962655106,正常
2022-07-31,49.0,4.2,-0.10427677344982733,0.23948399626551065,正常
2022-08-31,49.4,2.3,-0.2135477082773895,0.10292022228923535,正常
2022-08-31,49.4,2.3,-0.2135477082773895,0.1029202222892353,正常
2022-09-30,50.1,0.9,-0.2127929584452419,-0.0009826803932681,正常
2022-09-30,50.1,0.9,-0.21279295844524196,-0.000982680393268177,正常
2022-10-31,49.2,-1.3,-0.6138818784389919,-0.0967439770800652,景气下行
2022-10-31,49.2,-1.3,-0.6138818784389919,-0.09674397708006527,景气下行
2022-11-30,48.0,-1.3,-0.8516217957445988,-0.2783529796219768,景气下行
2022-11-30,48.0,-1.3,-0.8516217957445988,-0.27835297962197686,景气下行
2022-12-31,47.0,-0.7,-0.9847346556623515,-0.49680929500306686,景气下行
2022-12-31,47.0,-0.7,-0.9847346556623516,-0.4968092950030668,景气下行
2023-01-31,50.1,-0.8,-0.37020063711720974,-0.5411299389476306,正常
2023-01-31,50.1,-0.8,-0.3702006371172097,-0.5411299389476306,正常
2023-02-28,52.6,-1.4,0.07243294399372452,-0.49346649690244493,正常
2023-02-28,52.6,-1.4,0.0724329439937245,-0.4934664969024449,正常
2023-03-31,51.9,-2.5,-0.1799349617758746,-0.487990164124217,正常
2023-03-31,51.9,-2.5,-0.17993496177587467,-0.48799016412421703,正常
2023-04-30,49.2,-3.6,-0.8344675482155703,-0.5247544424203134,景气下行
2023-04-30,49.2,-3.6,-0.8344675482155703,-0.5247544424203134,景气下行
2023-05-31,48.8,-4.6,-1.011654670315469,-0.5514265881821251,景气下行
2023-05-31,48.8,-4.6,-1.011654670315469,-0.5514265881821251,景气下行
2023-06-30,49.0,-5.4,-1.0458169260197083,-0.561606966575018,景气下行
2023-06-30,49.0,-5.4,-1.0458169260197085,-0.561606966575018,景气下行
2023-07-31,49.3,-4.4,-0.878549742484259,-0.6463318174695262,景气下行
2023-07-31,49.3,-4.4,-0.878549742484259,-0.6463318174695262,景气下行
2023-08-31,49.7,-3.0,-0.6522975550826013,-0.7671202339822472,景气下行
2023-08-31,49.7,-3.0,-0.6522975550826013,-0.7671202339822472,景气下行
2023-09-30,50.2,-2.5,-0.4976406589894996,-0.8200711835178515,正常
2023-09-30,50.2,-2.5,-0.4976406589894996,-0.8200711835178515,正常
2023-10-31,49.5,-2.6,-0.648386354934775,-0.7890576513043853,景气下行
2023-10-31,49.5,-2.6,-0.648386354934775,-0.7890576513043853,景气下行
2023-11-30,49.4,-3.0,-0.7067110737248627,-0.7382337185392843,景气下行
2023-11-30,49.4,-3.0,-0.7067110737248627,-0.7382337185392843,景气下行
2023-12-31,49.0,-2.7,-0.755088047075543,-0.6897789053819235,景气下行
2023-12-31,49.0,-2.7,-0.755088047075543,-0.6897789053819235,景气下行
2024-01-31,49.2,-2.5,-0.6909344355424825,-0.658509687558294,景气下行
2024-01-31,49.2,-2.5,-0.6909344355424825,-0.658509687558294,景气下行
2024-02-29,49.1,-2.7,-0.7290342732849617,-0.6712991405920207,景气下行
2024-02-29,49.1,-2.7,-0.7290342732849617,-0.6712991405920207,景气下行
2024-03-31,50.8,-2.8,-0.3874189974796664,-0.6529288636737153,正常
2024-03-31,50.8,-2.8,-0.38741899747966646,-0.6529288636737153,正常
2024-04-30,50.4,-2.5,-0.4377079237674815,-0.6178157918124997,正常
2024-04-30,50.4,-2.5,-0.4377079237674815,-0.6178157918124997,正常
2024-05-31,49.5,-1.4,-0.509697436409912,-0.5849801855933413,景气下行
2024-05-31,49.5,-1.4,-0.509697436409912,-0.5849801855933413,景气下行
2024-06-30,49.5,-0.8,-0.4467208256281903,-0.5335856486854491,正常
2024-06-30,49.5,-0.8,-0.4467208256281903,-0.5335856486854491,正常
2024-07-31,49.4,-0.8,-0.4660470178382925,-0.4961044124014174,正常
2024-07-31,49.4,-0.8,-0.4660470178382925,-0.4961044124014174,正常
2024-08-31,49.1,-1.8,-0.6294117029577131,-0.4795006506802093,景气下行
2024-08-31,49.1,-1.8,-0.6294117029577131,-0.4795006506802093,景气下行
2024-09-30,49.8,-2.8,-0.5846453306647751,-0.5123717062110608,景气下行
2024-09-30,49.8,-2.8,-0.5846453306647751,-0.5123717062110608,景气下行
2024-10-31,50.1,-2.9,-0.5303323514831003,-0.5278091108303306,景气下行
2024-10-31,50.1,-2.9,-0.5303323514831003,-0.5278091108303306,景气下行
2024-11-30,50.3,-2.5,-0.44549759409916323,-0.5171091371118725,正常
2024-11-30,50.3,-2.5,-0.4454975940991632,-0.5171091371118725,正常
2024-12-31,50.1,-2.3,-0.46522052577748507,-0.5201924204700882,正常
2024-12-31,50.1,-2.3,-0.465220525777485,-0.5201924204700882,正常
2025-01-31,49.1,-2.3,-0.6732172496995363,-0.5547207924469623,景气下行
2025-01-31,49.1,-2.3,-0.6732172496995363,-0.5547207924469623,景气下行
2025-02-28,50.2,-2.2,-0.4297057105488754,-0.5214364603788225,正常
2025-02-28,50.2,-2.2,-0.4297057105488754,-0.5214364603788225,正常
2025-03-31,50.5,-2.5,-0.3961823663892552,-0.4900259663329026,正常
2025-03-31,50.5,-2.5,-0.3961823663892552,-0.4900259663329026,正常
2025-04-30,49.0,-2.7,-0.7318119014529658,-0.5236058913278802,景气下行
2025-04-30,49.0,-2.7,-0.7318119014529658,-0.5236058913278802,景气下行
2025-05-31,49.5,-3.3,-0.6858359949292034,-0.5636622914662202,景气下行
2025-05-31,49.5,-3.3,-0.6858359949292034,-0.5636622914662202,景气下行
2025-06-30,49.7,-3.6,-0.6720364408712849,-0.5981316106485203,景气下行
2025-06-30,49.7,-3.6,-0.6720364408712849,-0.5981316106485203,景气下行
2025-07-31,49.3,-3.6,-0.7541574673917616,-0.6116216469305578,景气下行
2025-07-31,49.3,-3.6,-0.7541574673917616,-0.6116216469305578,景气下行
2025-08-31,49.4,-2.9,-0.6574731176503043,-0.6495828814474626,景气下行
2025-08-31,49.4,-2.9,-0.6574731176503043,-0.6495828814474626,景气下行
2025-09-30,49.8,-2.3,-0.5078326422566328,-0.6681912607586922,景气下行
2025-09-30,49.8,-2.3,-0.5078326422566328,-0.6681912607586922,景气下行
2025-10-31,49.0,-2.1,-0.6557625170335504,-0.6555163633554563,景气下行
2025-10-31,49.0,-2.1,-0.6557625170335504,-0.6555163633554563,景气下行
2025-11-30,49.2,-2.2,-0.6214172497975923,-0.6447799058335211,景气下行
2025-11-30,49.2,-2.2,-0.6214172497975923,-0.6447799058335211,景气下行
2025-12-31,50.1,-1.9,-0.39584019193724757,-0.5987471976778481,正常
2025-12-31,50.1,-1.9,-0.3958401919372475,-0.5987471976778481,正常
2026-01-31,49.3,-1.4,-0.5136526036815059,-0.5586630537261389,景气下行
2026-01-31,49.3,-1.4,-0.5136526036815059,-0.5586630537261389,景气下行
2026-02-28,49.0,-0.9,-0.5238911251438834,-0.5363993883084021,景气下行
2026-02-28,49.0,-0.9,-0.5238911251438834,-0.5363993883084021,景气下行
2026-03-31,50.4,0.5,-0.07432863599118984,-0.46414872059749485,正常
2026-03-31,50.4,0.5,-0.0743286359911898,-0.4641487205974948,正常
2026-04-30,50.3,2.8,0.146964292147077,-0.33036091906739035,正常
2026-04-30,50.3,2.8,0.146964292147077,-0.3303609190673903,正常
2026-05-31,50.0,3.9,0.19785176838633267,-0.19381608270340278,正常
2026-05-31,50.0,3.9,0.1978517683863326,-0.1938160827034027,正常
2026-06-30,50.3,4.1,0.28309641496890015,-0.0806599815523782,正常
2026-06-30,50.3,4.1,0.2830964149689001,-0.0806599815523782,正常
2026-07-31,49.2,3.5,-0.0196494804428958,0.0016738723207234,正常
2026-07-31,49.2,3.5,-0.019649480442895884,0.0016738723207234592,正常
