date,pmi,ma6,ma12,trend,above_50,source_url
2008-01-31,53.0,,,震荡,True,https://data.stats.gov.cn/
2008-01-31,53.0,,,震荡,True,https://data.stats.gov.cn/
2008-02-29,53.4,,,震荡,True,https://data.stats.gov.cn/
2008-02-29,53.4,,,震荡,True,https://data.stats.gov.cn/
2008-03-31,58.4,54.93333333333334,,震荡,True,https://data.stats.gov.cn/
2008-03-31,58.4,54.93333333333334,,震荡,True,https://data.stats.gov.cn/
2008-04-30,59.2,56.0,,震荡,True,https://data.stats.gov.cn/
2008-04-30,59.2,56.0,,震荡,True,https://data.stats.gov.cn/
2008-05-31,53.3,55.46,,震荡,True,https://data.stats.gov.cn/
2008-05-31,53.3,55.46,,震荡,True,https://data.stats.gov.cn/
2008-06-30,52.0,54.88333333333333,54.88333333333333,震荡,True,https://data.stats.gov.cn/
2008-06-30,52.0,54.88333333333333,54.88333333333333,震荡,True,https://data.stats.gov.cn/
2008-07-31,48.4,54.11666666666667,53.957142857142856,上行,False,https://data.stats.gov.cn/
2008-07-31,48.4,54.11666666666667,53.957142857142856,上行,False,https://data.stats.gov.cn/
2008-08-31,48.4,53.28333333333334,53.2625,上行,False,https://data.stats.gov.cn/
2008-08-31,48.4,53.28333333333334,53.2625,上行,False,https://data.stats.gov.cn/
2008-09-30,51.2,52.083333333333336,53.03333333333333,下行,True,https://data.stats.gov.cn/
2008-09-30,51.2,52.083333333333336,53.03333333333333,下行,True,https://data.stats.gov.cn/
2008-10-31,44.6,49.65,52.19,下行,False,https://data.stats.gov.cn/
2008-10-31,44.6,49.65,52.19,下行,False,https://data.stats.gov.cn/
2008-11-30,38.8,47.23333333333333,50.972727272727276,下行,False,https://data.stats.gov.cn/
2008-11-30,38.8,47.23333333333333,50.97272727272728,下行,False,https://data.stats.gov.cn/
2008-12-31,41.2,45.43333333333333,50.15833333333333,下行,False,https://data.stats.gov.cn/
2008-12-31,41.2,45.43333333333333,50.15833333333333,下行,False,https://data.stats.gov.cn/
2009-01-31,45.3,44.91666666666666,49.51666666666667,下行,False,https://data.stats.gov.cn/
2009-01-31,45.3,44.916666666666664,49.51666666666667,下行,False,https://data.stats.gov.cn/
2009-02-28,49.0,45.01666666666667,49.150000000000006,下行,False,https://data.stats.gov.cn/
2009-02-28,49.0,45.01666666666667,49.150000000000006,下行,False,https://data.stats.gov.cn/
2009-03-31,52.4,45.21666666666667,48.650000000000006,下行,True,https://data.stats.gov.cn/
2009-03-31,52.4,45.21666666666667,48.650000000000006,下行,True,https://data.stats.gov.cn/
2009-04-30,53.5,46.699999999999996,48.175000000000004,下行,True,https://data.stats.gov.cn/
2009-04-30,53.5,46.7,48.175,下行,True,https://data.stats.gov.cn/
2009-05-31,53.1,49.083333333333336,48.15833333333334,上行,True,https://data.stats.gov.cn/
2009-05-31,53.1,49.083333333333336,48.15833333333334,上行,True,https://data.stats.gov.cn/
2009-06-30,53.2,51.083333333333336,48.25833333333333,上行,True,https://data.stats.gov.cn/
2009-06-30,53.2,51.083333333333336,48.25833333333333,上行,True,https://data.stats.gov.cn/
2009-07-31,53.3,52.41666666666666,48.66666666666666,上行,True,https://data.stats.gov.cn/
2009-07-31,53.3,52.416666666666664,48.666666666666664,上行,True,https://data.stats.gov.cn/
2009-08-31,54.0,53.25,49.13333333333333,上行,True,https://data.stats.gov.cn/
2009-08-31,54.0,53.25,49.13333333333333,上行,True,https://data.stats.gov.cn/
2009-09-30,54.3,53.56666666666666,49.39166666666667,上行,True,https://data.stats.gov.cn/
2009-09-30,54.3,53.56666666666666,49.39166666666667,上行,True,https://data.stats.gov.cn/
2009-10-31,55.2,53.85,50.275000000000006,上行,True,https://data.stats.gov.cn/
2009-10-31,55.2,53.85,50.275000000000006,上行,True,https://data.stats.gov.cn/
2009-11-30,55.2,54.2,51.64166666666666,上行,True,https://data.stats.gov.cn/
2009-11-30,55.2,54.199999999999996,51.64166666666666,上行,True,https://data.stats.gov.cn/
2009-12-31,56.6,54.76666666666667,52.925000000000004,上行,True,https://data.stats.gov.cn/
2009-12-31,56.6,54.76666666666667,52.925,上行,True,https://data.stats.gov.cn/
2010-01-31,55.8,55.18333333333333,53.79999999999999,上行,True,https://data.stats.gov.cn/
2010-01-31,55.8,55.18333333333333,53.79999999999999,上行,True,https://data.stats.gov.cn/
2010-02-28,52.0,54.849999999999994,54.04999999999999,上行,True,https://data.stats.gov.cn/
2010-02-28,52.0,54.85,54.04999999999999,上行,True,https://data.stats.gov.cn/
2010-03-31,55.1,54.98333333333334,54.275,上行,True,https://data.stats.gov.cn/
2010-03-31,55.1,54.98333333333334,54.275,上行,True,https://data.stats.gov.cn/
2010-04-30,55.7,55.06666666666666,54.458333333333336,上行,True,https://data.stats.gov.cn/
2010-04-30,55.7,55.06666666666666,54.458333333333336,上行,True,https://data.stats.gov.cn/
2010-05-31,53.9,54.85,54.525,上行,True,https://data.stats.gov.cn/
2010-05-31,53.9,54.85,54.525,上行,True,https://data.stats.gov.cn/
2010-06-30,52.1,54.1,54.43333333333334,下行,True,https://data.stats.gov.cn/
2010-06-30,52.1,54.099999999999994,54.43333333333334,下行,True,https://data.stats.gov.cn/
2010-07-31,51.2,53.333333333333336,54.258333333333326,下行,True,https://data.stats.gov.cn/
2010-07-31,51.2,53.333333333333336,54.258333333333326,下行,True,https://data.stats.gov.cn/
2010-08-31,51.7,53.28333333333334,54.06666666666666,下行,True,https://data.stats.gov.cn/
2010-08-31,51.7,53.28333333333334,54.06666666666666,下行,True,https://data.stats.gov.cn/
2010-09-30,53.8,53.06666666666666,54.025,下行,True,https://data.stats.gov.cn/
2010-09-30,53.8,53.06666666666666,54.025,下行,True,https://data.stats.gov.cn/
2010-10-31,54.7,52.900000000000006,53.98333333333333,下行,True,https://data.stats.gov.cn/
2010-10-31,54.7,52.900000000000006,53.98333333333333,下行,True,https://data.stats.gov.cn/
2010-11-30,55.2,53.11666666666667,53.98333333333334,下行,True,https://data.stats.gov.cn/
2010-11-30,55.2,53.11666666666667,53.98333333333334,下行,True,https://data.stats.gov.cn/
2010-12-31,53.9,53.41666666666666,53.75833333333333,下行,True,https://data.stats.gov.cn/
2010-12-31,53.9,53.416666666666664,53.75833333333333,下行,True,https://data.stats.gov.cn/
2011-01-31,52.9,53.70000000000001,53.51666666666667,上行,True,https://data.stats.gov.cn/
2011-01-31,52.9,53.70000000000001,53.51666666666667,上行,True,https://data.stats.gov.cn/
2011-02-28,52.2,53.78333333333333,53.53333333333334,上行,True,https://data.stats.gov.cn/
2011-02-28,52.2,53.78333333333333,53.53333333333334,上行,True,https://data.stats.gov.cn/
2011-03-31,53.4,53.71666666666667,53.39166666666667,上行,True,https://data.stats.gov.cn/
2011-03-31,53.4,53.71666666666667,53.39166666666667,上行,True,https://data.stats.gov.cn/
2011-04-30,52.9,53.41666666666666,53.15833333333333,上行,True,https://data.stats.gov.cn/
2011-04-30,52.9,53.416666666666664,53.15833333333333,上行,True,https://data.stats.gov.cn/
2011-05-31,52.0,52.88333333333333,53.0,下行,True,https://data.stats.gov.cn/
2011-05-31,52.0,52.88333333333333,53.0,下行,True,https://data.stats.gov.cn/
2011-06-30,50.9,52.38333333333333,52.9,下行,True,https://data.stats.gov.cn/
2011-06-30,50.9,52.38333333333333,52.9,下行,True,https://data.stats.gov.cn/
2011-07-31,50.7,52.01666666666666,52.85833333333334,下行,True,https://data.stats.gov.cn/
2011-07-31,50.7,52.01666666666666,52.85833333333334,下行,True,https://data.stats.gov.cn/
2011-08-31,50.9,51.8,52.79166666666666,下行,True,https://data.stats.gov.cn/
2011-08-31,50.9,51.800000000000004,52.791666666666664,下行,True,https://data.stats.gov.cn/
2011-09-30,51.2,51.43333333333334,52.57500000000001,下行,True,https://data.stats.gov.cn/
2011-09-30,51.2,51.43333333333334,52.57500000000001,下行,True,https://data.stats.gov.cn/
2011-10-31,50.4,51.01666666666667,52.21666666666667,下行,True,https://data.stats.gov.cn/
2011-10-31,50.4,51.01666666666667,52.21666666666667,下行,True,https://data.stats.gov.cn/
2011-11-30,49.0,50.51666666666667,51.699999999999996,下行,False,https://data.stats.gov.cn/
2011-11-30,49.0,50.51666666666667,51.7,下行,False,https://data.stats.gov.cn/
2011-12-31,50.3,50.41666666666666,51.4,下行,True,https://data.stats.gov.cn/
2011-12-31,50.3,50.416666666666664,51.4,下行,True,https://data.stats.gov.cn/
2012-01-31,50.5,50.38333333333333,51.199999999999996,下行,True,https://data.stats.gov.cn/
2012-01-31,50.5,50.38333333333333,51.2,下行,True,https://data.stats.gov.cn/
2012-02-29,51.0,50.4,51.1,下行,True,https://data.stats.gov.cn/
2012-02-29,51.0,50.4,51.099999999999994,下行,True,https://data.stats.gov.cn/
2012-03-31,53.1,50.71666666666667,51.074999999999996,下行,True,https://data.stats.gov.cn/
2012-03-31,53.1,50.71666666666667,51.075,下行,True,https://data.stats.gov.cn/
2012-04-30,53.3,51.2,51.10833333333333,上行,True,https://data.stats.gov.cn/
2012-04-30,53.3,51.199999999999996,51.10833333333333,上行,True,https://data.stats.gov.cn/
2012-05-31,50.4,51.43333333333334,50.975,上行,True,https://data.stats.gov.cn/
2012-05-31,50.4,51.43333333333334,50.975,上行,True,https://data.stats.gov.cn/
2012-06-30,50.2,51.416666666666664,50.916666666666664,上行,True,https://data.stats.gov.cn/
2012-06-30,50.2,51.41666666666666,50.91666666666666,上行,True,https://data.stats.gov.cn/
2012-07-31,50.1,51.35,50.86666666666667,上行,True,https://data.stats.gov.cn/
2012-07-31,50.1,51.35,50.86666666666667,上行,True,https://data.stats.gov.cn/
2012-08-31,49.2,51.050000000000004,50.725,上行,False,https://data.stats.gov.cn/
2012-08-31,49.2,51.05,50.725,上行,False,https://data.stats.gov.cn/
2012-09-30,49.8,50.5,50.60833333333333,下行,False,https://data.stats.gov.cn/
2012-09-30,49.8,50.5,50.60833333333333,下行,False,https://data.stats.gov.cn/
2012-10-31,50.2,49.98333333333333,50.59166666666667,下行,True,https://data.stats.gov.cn/
2012-10-31,50.2,49.98333333333333,50.59166666666667,下行,True,https://data.stats.gov.cn/
2012-11-30,50.6,50.01666666666667,50.725,下行,True,https://data.stats.gov.cn/
2012-11-30,50.6,50.01666666666667,50.725,下行,True,https://data.stats.gov.cn/
2012-12-31,50.6,50.083333333333336,50.75,下行,True,https://data.stats.gov.cn/
2012-12-31,50.6,50.083333333333336,50.75,下行,True,https://data.stats.gov.cn/
2013-01-31,50.4,50.13333333333333,50.741666666666674,下行,True,https://data.stats.gov.cn/
2013-01-31,50.4,50.13333333333333,50.741666666666674,下行,True,https://data.stats.gov.cn/
2013-02-28,50.1,50.28333333333333,50.66666666666666,下行,True,https://data.stats.gov.cn/
2013-02-28,50.1,50.28333333333333,50.666666666666664,下行,True,https://data.stats.gov.cn/
2013-03-31,50.9,50.46666666666667,50.48333333333333,下行,True,https://data.stats.gov.cn/
2013-03-31,50.9,50.46666666666667,50.48333333333333,下行,True,https://data.stats.gov.cn/
2013-04-30,50.6,50.53333333333333,50.25833333333333,上行,True,https://data.stats.gov.cn/
2013-04-30,50.6,50.53333333333333,50.25833333333333,上行,True,https://data.stats.gov.cn/
2013-05-31,50.8,50.56666666666666,50.29166666666666,上行,True,https://data.stats.gov.cn/
2013-05-31,50.8,50.56666666666666,50.291666666666664,上行,True,https://data.stats.gov.cn/
2013-06-30,50.1,50.48333333333333,50.28333333333334,上行,True,https://data.stats.gov.cn/
2013-06-30,50.1,50.48333333333333,50.28333333333334,上行,True,https://data.stats.gov.cn/
2013-07-31,50.3,50.46666666666667,50.300000000000004,上行,True,https://data.stats.gov.cn/
2013-07-31,50.3,50.46666666666667,50.3,上行,True,https://data.stats.gov.cn/
2013-08-31,51.0,50.61666666666667,50.45,上行,True,https://data.stats.gov.cn/
2013-08-31,51.0,50.61666666666667,50.449999999999996,上行,True,https://data.stats.gov.cn/
2013-09-30,51.1,50.65,50.55833333333334,上行,True,https://data.stats.gov.cn/
2013-09-30,51.1,50.65,50.55833333333334,上行,True,https://data.stats.gov.cn/
2013-10-31,51.4,50.78333333333333,50.65833333333333,上行,True,https://data.stats.gov.cn/
2013-10-31,51.4,50.78333333333333,50.65833333333333,上行,True,https://data.stats.gov.cn/
2013-11-30,51.4,50.88333333333333,50.725,上行,True,https://data.stats.gov.cn/
2013-11-30,51.4,50.88333333333333,50.724999999999994,上行,True,https://data.stats.gov.cn/
2013-12-31,51.0,51.03333333333333,50.75833333333333,上行,True,https://data.stats.gov.cn/
2013-12-31,51.0,51.03333333333333,50.75833333333333,上行,True,https://data.stats.gov.cn/
2014-01-31,50.5,51.06666666666666,50.76666666666667,上行,True,https://data.stats.gov.cn/
2014-01-31,50.5,51.06666666666666,50.76666666666667,上行,True,https://data.stats.gov.cn/
2014-02-28,50.2,50.93333333333333,50.775000000000006,上行,True,https://data.stats.gov.cn/
2014-02-28,50.2,50.93333333333333,50.775000000000006,上行,True,https://data.stats.gov.cn/
2014-03-31,50.3,50.800000000000004,50.725,上行,True,https://data.stats.gov.cn/
2014-03-31,50.3,50.8,50.725,上行,True,https://data.stats.gov.cn/
2014-04-30,50.4,50.63333333333333,50.708333333333336,下行,True,https://data.stats.gov.cn/
2014-04-30,50.4,50.63333333333333,50.708333333333336,下行,True,https://data.stats.gov.cn/
2014-05-31,50.8,50.53333333333333,50.708333333333336,下行,True,https://data.stats.gov.cn/
2014-05-31,50.8,50.53333333333333,50.708333333333336,下行,True,https://data.stats.gov.cn/
2014-06-30,51.0,50.53333333333333,50.78333333333334,下行,True,https://data.stats.gov.cn/
2014-06-30,51.0,50.53333333333333,50.78333333333334,下行,True,https://data.stats.gov.cn/
2014-07-31,51.7,50.73333333333333,50.9,下行,True,https://data.stats.gov.cn/
2014-07-31,51.7,50.73333333333333,50.9,下行,True,https://data.stats.gov.cn/
2014-08-31,51.1,50.88333333333333,50.90833333333333,下行,True,https://data.stats.gov.cn/
2014-08-31,51.1,50.88333333333333,50.90833333333333,下行,True,https://data.stats.gov.cn/
2014-09-30,51.1,51.01666666666667,50.90833333333333,上行,True,https://data.stats.gov.cn/
2014-09-30,51.1,51.01666666666667,50.90833333333333,上行,True,https://data.stats.gov.cn/
2014-10-31,50.8,51.083333333333336,50.85833333333333,上行,True,https://data.stats.gov.cn/
2014-10-31,50.8,51.083333333333336,50.85833333333333,上行,True,https://data.stats.gov.cn/
2014-11-30,50.3,51.0,50.76666666666667,上行,True,https://data.stats.gov.cn/
2014-11-30,50.3,51.0,50.76666666666667,上行,True,https://data.stats.gov.cn/
2014-12-31,50.1,50.85,50.69166666666666,上行,True,https://data.stats.gov.cn/
2014-12-31,50.1,50.849999999999994,50.69166666666666,上行,True,https://data.stats.gov.cn/
2015-01-31,49.8,50.53333333333333,50.63333333333333,下行,False,https://data.stats.gov.cn/
2015-01-31,49.8,50.53333333333333,50.63333333333333,下行,False,https://data.stats.gov.cn/
2015-02-28,49.9,50.333333333333336,50.60833333333333,下行,False,https://data.stats.gov.cn/
2015-02-28,49.9,50.333333333333336,50.60833333333333,下行,False,https://data.stats.gov.cn/
2015-03-31,50.1,50.16666666666666,50.59166666666667,下行,True,https://data.stats.gov.cn/
2015-03-31,50.1,50.166666666666664,50.59166666666667,下行,True,https://data.stats.gov.cn/
2015-04-30,50.1,50.050000000000004,50.56666666666667,下行,True,https://data.stats.gov.cn/
2015-04-30,50.1,50.05,50.56666666666667,下行,True,https://data.stats.gov.cn/
2015-05-31,50.2,50.03333333333333,50.51666666666666,下行,True,https://data.stats.gov.cn/
2015-05-31,50.2,50.03333333333333,50.51666666666666,下行,True,https://data.stats.gov.cn/
2015-06-30,50.2,50.050000000000004,50.449999999999996,下行,True,https://data.stats.gov.cn/
2015-06-30,50.2,50.05,50.45,下行,True,https://data.stats.gov.cn/
2015-07-31,50.0,50.083333333333336,50.30833333333334,下行,False,https://data.stats.gov.cn/
2015-07-31,50.0,50.083333333333336,50.30833333333334,下行,False,https://data.stats.gov.cn/
2015-08-31,49.7,50.05,50.19166666666666,下行,False,https://data.stats.gov.cn/
2015-08-31,49.7,50.050000000000004,50.19166666666666,下行,False,https://data.stats.gov.cn/
2015-09-30,49.8,50.0,50.083333333333336,下行,False,https://data.stats.gov.cn/
2015-09-30,49.8,50.0,50.083333333333336,下行,False,https://data.stats.gov.cn/
2015-10-31,49.8,49.949999999999996,50.0,下行,False,https://data.stats.gov.cn/
2015-10-31,49.8,49.95,50.0,下行,False,https://data.stats.gov.cn/
2015-11-30,49.6,49.85,49.94166666666666,下行,False,https://data.stats.gov.cn/
2015-11-30,49.6,49.85,49.94166666666666,下行,False,https://data.stats.gov.cn/
2015-12-31,49.7,49.76666666666667,49.90833333333334,下行,False,https://data.stats.gov.cn/
2015-12-31,49.7,49.76666666666667,49.90833333333334,下行,False,https://data.stats.gov.cn/
2016-01-31,49.4,49.66666666666666,49.875,下行,False,https://data.stats.gov.cn/
2016-01-31,49.4,49.666666666666664,49.875,下行,False,https://data.stats.gov.cn/
2016-02-29,49.0,49.55,49.8,下行,False,https://data.stats.gov.cn/
2016-02-29,49.0,49.550000000000004,49.800000000000004,下行,False,https://data.stats.gov.cn/
2016-03-31,50.2,49.61666666666667,49.80833333333334,下行,True,https://data.stats.gov.cn/
2016-03-31,50.2,49.61666666666667,49.80833333333334,下行,True,https://data.stats.gov.cn/
2016-04-30,50.1,49.666666666666664,49.80833333333333,下行,True,https://data.stats.gov.cn/
2016-04-30,50.1,49.66666666666666,49.80833333333333,下行,True,https://data.stats.gov.cn/
2016-05-31,50.1,49.75,49.800000000000004,下行,True,https://data.stats.gov.cn/
2016-05-31,50.1,49.75,49.8,下行,True,https://data.stats.gov.cn/
2016-06-30,50.0,49.8,49.78333333333333,上行,False,https://data.stats.gov.cn/
2016-06-30,50.0,49.800000000000004,49.78333333333333,上行,False,https://data.stats.gov.cn/
2016-07-31,49.9,49.88333333333333,49.775,上行,False,https://data.stats.gov.cn/
2016-07-31,49.9,49.88333333333333,49.775,上行,False,https://data.stats.gov.cn/
2016-08-31,50.4,50.116666666666674,49.833333333333336,上行,True,https://data.stats.gov.cn/
2016-08-31,50.4,50.116666666666674,49.833333333333336,上行,True,https://data.stats.gov.cn/
2016-09-30,50.4,50.15,49.88333333333333,上行,True,https://data.stats.gov.cn/
2016-09-30,50.4,50.15,49.88333333333333,上行,True,https://data.stats.gov.cn/
2016-10-31,51.2,50.333333333333336,50.0,上行,True,https://data.stats.gov.cn/
2016-10-31,51.2,50.333333333333336,50.0,上行,True,https://data.stats.gov.cn/
2016-11-30,51.7,50.599999999999994,50.175000000000004,上行,True,https://data.stats.gov.cn/
2016-11-30,51.7,50.6,50.175,上行,True,https://data.stats.gov.cn/
2016-12-31,51.4,50.833333333333336,50.31666666666666,上行,True,https://data.stats.gov.cn/
2016-12-31,51.4,50.833333333333336,50.31666666666666,上行,True,https://data.stats.gov.cn/
2017-01-31,51.3,51.06666666666666,50.475,上行,True,https://data.stats.gov.cn/
2017-01-31,51.3,51.06666666666666,50.475,上行,True,https://data.stats.gov.cn/
2017-02-28,51.6,51.26666666666667,50.69166666666666,上行,True,https://data.stats.gov.cn/
2017-02-28,51.6,51.26666666666667,50.69166666666666,上行,True,https://data.stats.gov.cn/
2017-03-31,51.8,51.5,50.824999999999996,上行,True,https://data.stats.gov.cn/
2017-03-31,51.8,51.5,50.825,上行,True,https://data.stats.gov.cn/
2017-04-30,51.2,51.5,50.916666666666664,上行,True,https://data.stats.gov.cn/
2017-04-30,51.2,51.5,50.91666666666666,上行,True,https://data.stats.gov.cn/
2017-05-31,51.2,51.41666666666666,51.00833333333333,上行,True,https://data.stats.gov.cn/
2017-05-31,51.2,51.416666666666664,51.00833333333333,上行,True,https://data.stats.gov.cn/
2017-06-30,51.7,51.46666666666667,51.150000000000006,上行,True,https://data.stats.gov.cn/
2017-06-30,51.7,51.46666666666667,51.150000000000006,上行,True,https://data.stats.gov.cn/
2017-07-31,51.4,51.48333333333333,51.275000000000006,上行,True,https://data.stats.gov.cn/
2017-07-31,51.4,51.48333333333333,51.275000000000006,上行,True,https://data.stats.gov.cn/
2017-08-31,51.7,51.5,51.38333333333333,上行,True,https://data.stats.gov.cn/
2017-08-31,51.7,51.5,51.38333333333333,上行,True,https://data.stats.gov.cn/
2017-09-30,52.4,51.6,51.55,上行,True,https://data.stats.gov.cn/
2017-09-30,52.4,51.6,51.550000000000004,上行,True,https://data.stats.gov.cn/
2017-10-31,51.6,51.66666666666666,51.583333333333336,上行,True,https://data.stats.gov.cn/
2017-10-31,51.6,51.666666666666664,51.583333333333336,上行,True,https://data.stats.gov.cn/
2017-11-30,51.8,51.76666666666667,51.59166666666667,上行,True,https://data.stats.gov.cn/
2017-11-30,51.8,51.76666666666667,51.59166666666667,上行,True,https://data.stats.gov.cn/
2017-12-31,51.6,51.75,51.60833333333334,上行,True,https://data.stats.gov.cn/
2017-12-31,51.6,51.75,51.60833333333334,上行,True,https://data.stats.gov.cn/
2018-01-31,51.3,51.73333333333334,51.60833333333333,上行,True,https://data.stats.gov.cn/
2018-01-31,51.3,51.73333333333334,51.60833333333333,上行,True,https://data.stats.gov.cn/
2018-02-28,50.3,51.5,51.5,震荡,True,https://data.stats.gov.cn/
2018-02-28,50.3,51.5,51.5,震荡,True,https://data.stats.gov.cn/
2018-03-31,51.5,51.35,51.475,下行,True,https://data.stats.gov.cn/
2018-03-31,51.5,51.35,51.474999999999994,下行,True,https://data.stats.gov.cn/
2018-04-30,51.4,51.31666666666666,51.491666666666674,下行,True,https://data.stats.gov.cn/
2018-04-30,51.4,51.31666666666666,51.491666666666674,下行,True,https://data.stats.gov.cn/
2018-05-31,51.9,51.333333333333336,51.55,下行,True,https://data.stats.gov.cn/
2018-05-31,51.9,51.333333333333336,51.550000000000004,下行,True,https://data.stats.gov.cn/
2018-06-30,51.5,51.31666666666666,51.53333333333333,下行,True,https://data.stats.gov.cn/
2018-06-30,51.5,51.31666666666666,51.53333333333333,下行,True,https://data.stats.gov.cn/
2018-07-31,51.2,51.3,51.51666666666666,下行,True,https://data.stats.gov.cn/
2018-07-31,51.2,51.300000000000004,51.51666666666666,下行,True,https://data.stats.gov.cn/
2018-08-31,51.3,51.46666666666666,51.48333333333334,下行,True,https://data.stats.gov.cn/
2018-08-31,51.3,51.46666666666666,51.48333333333334,下行,True,https://data.stats.gov.cn/
2018-09-30,50.8,51.35,51.35,震荡,True,https://data.stats.gov.cn/
2018-09-30,50.8,51.349999999999994,51.349999999999994,震荡,True,https://data.stats.gov.cn/
2018-10-31,50.2,51.15,51.23333333333334,下行,True,https://data.stats.gov.cn/
2018-10-31,50.2,51.15,51.23333333333334,下行,True,https://data.stats.gov.cn/
2018-11-30,50.0,50.833333333333336,51.083333333333336,下行,False,https://data.stats.gov.cn/
2018-11-30,50.0,50.833333333333336,51.083333333333336,下行,False,https://data.stats.gov.cn/
2018-12-31,49.4,50.48333333333333,50.9,下行,False,https://data.stats.gov.cn/
2018-12-31,49.4,50.48333333333333,50.9,下行,False,https://data.stats.gov.cn/
2019-01-31,49.5,50.199999999999996,50.75,下行,False,https://data.stats.gov.cn/
2019-01-31,49.5,50.2,50.75,下行,False,https://data.stats.gov.cn/
2019-02-28,49.2,49.85,50.65833333333334,下行,False,https://data.stats.gov.cn/
2019-02-28,49.2,49.85,50.65833333333334,下行,False,https://data.stats.gov.cn/
2019-03-31,50.5,49.800000000000004,50.57500000000001,下行,True,https://data.stats.gov.cn/
2019-03-31,50.5,49.8,50.57500000000001,下行,True,https://data.stats.gov.cn/
2019-04-30,50.1,49.78333333333333,50.46666666666666,下行,True,https://data.stats.gov.cn/
2019-04-30,50.1,49.78333333333333,50.46666666666666,下行,True,https://data.stats.gov.cn/
2019-05-31,49.4,49.68333333333334,50.258333333333326,下行,False,https://data.stats.gov.cn/
2019-05-31,49.4,49.68333333333334,50.258333333333326,下行,False,https://data.stats.gov.cn/
2019-06-30,49.4,49.68333333333334,50.083333333333336,下行,False,https://data.stats.gov.cn/
2019-06-30,49.4,49.68333333333334,50.083333333333336,下行,False,https://data.stats.gov.cn/
2019-07-31,49.7,49.71666666666667,49.958333333333336,下行,False,https://data.stats.gov.cn/
2019-07-31,49.7,49.71666666666667,49.958333333333336,下行,False,https://data.stats.gov.cn/
2019-08-31,49.5,49.76666666666667,49.80833333333333,下行,False,https://data.stats.gov.cn/
2019-08-31,49.5,49.76666666666667,49.80833333333333,下行,False,https://data.stats.gov.cn/
2019-09-30,49.8,49.65,49.725,下行,False,https://data.stats.gov.cn/
2019-09-30,49.8,49.65,49.725,下行,False,https://data.stats.gov.cn/
2019-10-31,49.3,49.51666666666667,49.65,下行,False,https://data.stats.gov.cn/
2019-10-31,49.3,49.51666666666667,49.65,下行,False,https://data.stats.gov.cn/
2019-11-30,50.2,49.65,49.666666666666664,下行,True,https://data.stats.gov.cn/
2019-11-30,50.2,49.65,49.66666666666666,下行,True,https://data.stats.gov.cn/
2019-12-31,50.2,49.78333333333333,49.73333333333333,上行,True,https://data.stats.gov.cn/
2019-12-31,50.2,49.78333333333333,49.73333333333333,上行,True,https://data.stats.gov.cn/
2020-01-31,50.0,49.833333333333336,49.775,上行,False,https://data.stats.gov.cn/
2020-01-31,50.0,49.833333333333336,49.775,上行,False,https://data.stats.gov.cn/
2020-02-29,35.7,47.53333333333333,48.65,下行,False,https://data.stats.gov.cn/
2020-02-29,35.7,47.53333333333333,48.65,下行,False,https://data.stats.gov.cn/
2020-03-31,52.0,47.9,48.775,下行,True,https://data.stats.gov.cn/
2020-03-31,52.0,47.9,48.775,下行,True,https://data.stats.gov.cn/
2020-04-30,50.8,48.150000000000006,48.833333333333336,下行,True,https://data.stats.gov.cn/
2020-04-30,50.8,48.150000000000006,48.833333333333336,下行,True,https://data.stats.gov.cn/
2020-05-31,50.6,48.21666666666667,48.93333333333333,下行,True,https://data.stats.gov.cn/
2020-05-31,50.6,48.21666666666667,48.93333333333333,下行,True,https://data.stats.gov.cn/
2020-06-30,50.9,48.333333333333336,49.05833333333333,下行,True,https://data.stats.gov.cn/
2020-06-30,50.9,48.333333333333336,49.05833333333333,下行,True,https://data.stats.gov.cn/
2020-07-31,51.1,48.51666666666667,49.175,下行,True,https://data.stats.gov.cn/
2020-07-31,51.1,48.51666666666667,49.175000000000004,下行,True,https://data.stats.gov.cn/
2020-08-31,51.0,51.06666666666666,49.300000000000004,上行,True,https://data.stats.gov.cn/
2020-08-31,51.0,51.06666666666666,49.3,上行,True,https://data.stats.gov.cn/
2020-09-30,51.5,50.98333333333333,49.44166666666666,上行,True,https://data.stats.gov.cn/
2020-09-30,51.5,50.98333333333333,49.44166666666666,上行,True,https://data.stats.gov.cn/
2020-10-31,51.4,51.083333333333336,49.61666666666667,上行,True,https://data.stats.gov.cn/
2020-10-31,51.4,51.083333333333336,49.61666666666667,上行,True,https://data.stats.gov.cn/
2020-11-30,52.1,51.333333333333336,49.775,上行,True,https://data.stats.gov.cn/
2020-11-30,52.1,51.333333333333336,49.775,上行,True,https://data.stats.gov.cn/
2020-12-31,51.9,51.5,49.916666666666664,上行,True,https://data.stats.gov.cn/
2020-12-31,51.9,51.5,49.91666666666666,上行,True,https://data.stats.gov.cn/
2021-01-31,51.3,51.53333333333333,50.025000000000006,上行,True,https://data.stats.gov.cn/
2021-01-31,51.3,51.53333333333333,50.025000000000006,上行,True,https://data.stats.gov.cn/
2021-02-28,50.6,51.46666666666666,51.26666666666667,上行,True,https://data.stats.gov.cn/
2021-02-28,50.6,51.46666666666666,51.26666666666667,上行,True,https://data.stats.gov.cn/
2021-03-31,51.9,51.53333333333333,51.25833333333333,上行,True,https://data.stats.gov.cn/
2021-03-31,51.9,51.53333333333333,51.25833333333333,上行,True,https://data.stats.gov.cn/
2021-04-30,51.1,51.48333333333333,51.28333333333334,上行,True,https://data.stats.gov.cn/
2021-04-30,51.1,51.48333333333333,51.28333333333334,上行,True,https://data.stats.gov.cn/
2021-05-31,51.0,51.29999999999999,51.31666666666666,下行,True,https://data.stats.gov.cn/
2021-05-31,51.0,51.29999999999999,51.31666666666666,下行,True,https://data.stats.gov.cn/
2021-06-30,50.9,51.13333333333333,51.31666666666667,下行,True,https://data.stats.gov.cn/
2021-06-30,50.9,51.13333333333333,51.31666666666667,下行,True,https://data.stats.gov.cn/
2021-07-31,50.4,50.98333333333333,51.25833333333333,下行,True,https://data.stats.gov.cn/
2021-07-31,50.4,50.98333333333333,51.25833333333333,下行,True,https://data.stats.gov.cn/
2021-08-31,50.1,50.9,51.18333333333334,下行,True,https://data.stats.gov.cn/
2021-08-31,50.1,50.9,51.18333333333334,下行,True,https://data.stats.gov.cn/
2021-09-30,49.6,50.51666666666667,51.025,下行,False,https://data.stats.gov.cn/
2021-09-30,49.6,50.51666666666667,51.025,下行,False,https://data.stats.gov.cn/
2021-10-31,49.2,50.2,50.84166666666667,下行,False,https://data.stats.gov.cn/
2021-10-31,49.2,50.199999999999996,50.84166666666667,下行,False,https://data.stats.gov.cn/
2021-11-30,50.1,50.050000000000004,50.675000000000004,下行,True,https://data.stats.gov.cn/
2021-11-30,50.1,50.05,50.675,下行,True,https://data.stats.gov.cn/
2021-12-31,50.3,49.95,50.54166666666666,下行,True,https://data.stats.gov.cn/
2021-12-31,50.3,49.949999999999996,50.541666666666664,下行,True,https://data.stats.gov.cn/
2022-01-31,50.1,49.900000000000006,50.44166666666666,下行,True,https://data.stats.gov.cn/
2022-01-31,50.1,49.900000000000006,50.44166666666666,下行,True,https://data.stats.gov.cn/
2022-02-28,50.2,49.91666666666666,50.40833333333334,下行,True,https://data.stats.gov.cn/
2022-02-28,50.2,49.916666666666664,50.40833333333334,下行,True,https://data.stats.gov.cn/
2022-03-31,49.5,49.9,50.208333333333336,下行,False,https://data.stats.gov.cn/
2022-03-31,49.5,49.9,50.208333333333336,下行,False,https://data.stats.gov.cn/
2022-04-30,47.4,49.6,49.900000000000006,下行,False,https://data.stats.gov.cn/
2022-04-30,47.4,49.6,49.900000000000006,下行,False,https://data.stats.gov.cn/
2022-05-31,49.6,49.51666666666667,49.78333333333333,下行,False,https://data.stats.gov.cn/
2022-05-31,49.6,49.51666666666667,49.78333333333333,下行,False,https://data.stats.gov.cn/
2022-06-30,50.2,49.5,49.725,下行,True,https://data.stats.gov.cn/
2022-06-30,50.2,49.5,49.724999999999994,下行,True,https://data.stats.gov.cn/
2022-07-31,49.0,49.31666666666666,49.60833333333333,下行,False,https://data.stats.gov.cn/
2022-07-31,49.0,49.31666666666666,49.60833333333333,下行,False,https://data.stats.gov.cn/
2022-08-31,49.4,49.18333333333334,49.55,下行,False,https://data.stats.gov.cn/
2022-08-31,49.4,49.18333333333334,49.550000000000004,下行,False,https://data.stats.gov.cn/
2022-09-30,50.1,49.28333333333333,49.59166666666666,下行,True,https://data.stats.gov.cn/
2022-09-30,50.1,49.28333333333333,49.59166666666666,下行,True,https://data.stats.gov.cn/
2022-10-31,49.2,49.583333333333336,49.59166666666667,下行,False,https://data.stats.gov.cn/
2022-10-31,49.2,49.583333333333336,49.59166666666667,下行,False,https://data.stats.gov.cn/
2022-11-30,48.0,49.31666666666666,49.416666666666664,下行,False,https://data.stats.gov.cn/
2022-11-30,48.0,49.31666666666666,49.41666666666666,下行,False,https://data.stats.gov.cn/
2022-12-31,47.0,48.78333333333334,49.14166666666667,下行,False,https://data.stats.gov.cn/
2022-12-31,47.0,48.78333333333334,49.14166666666667,下行,False,https://data.stats.gov.cn/
2023-01-31,50.1,48.96666666666667,49.14166666666667,下行,True,https://data.stats.gov.cn/
2023-01-31,50.1,48.96666666666667,49.14166666666667,下行,True,https://data.stats.gov.cn/
2023-02-28,52.6,49.5,49.34166666666667,上行,True,https://data.stats.gov.cn/
2023-02-28,52.6,49.5,49.34166666666667,上行,True,https://data.stats.gov.cn/
2023-03-31,51.9,49.8,49.54166666666666,上行,True,https://data.stats.gov.cn/
2023-03-31,51.9,49.800000000000004,49.541666666666664,上行,True,https://data.stats.gov.cn/
2023-04-30,49.2,49.800000000000004,49.69166666666666,上行,False,https://data.stats.gov.cn/
2023-04-30,49.2,49.8,49.69166666666666,上行,False,https://data.stats.gov.cn/
2023-05-31,48.8,49.93333333333334,49.625,上行,False,https://data.stats.gov.cn/
2023-05-31,48.8,49.93333333333334,49.625,上行,False,https://data.stats.gov.cn/
2023-06-30,49.0,50.26666666666667,49.525000000000006,上行,False,https://data.stats.gov.cn/
2023-06-30,49.0,50.26666666666667,49.525000000000006,上行,False,https://data.stats.gov.cn/
2023-07-31,49.3,50.13333333333333,49.55,上行,False,https://data.stats.gov.cn/
2023-07-31,49.3,50.13333333333333,49.550000000000004,上行,False,https://data.stats.gov.cn/
2023-08-31,49.7,49.65,49.574999999999996,上行,False,https://data.stats.gov.cn/
2023-08-31,49.7,49.65,49.575,上行,False,https://data.stats.gov.cn/
2023-09-30,50.2,49.36666666666667,49.583333333333336,下行,True,https://data.stats.gov.cn/
2023-09-30,50.2,49.36666666666667,49.583333333333336,下行,True,https://data.stats.gov.cn/
2023-10-31,49.5,49.416666666666664,49.60833333333333,下行,False,https://data.stats.gov.cn/
2023-10-31,49.5,49.41666666666666,49.60833333333333,下行,False,https://data.stats.gov.cn/
2023-11-30,49.4,49.51666666666667,49.725,下行,False,https://data.stats.gov.cn/
2023-11-30,49.4,49.51666666666667,49.725,下行,False,https://data.stats.gov.cn/
2023-12-31,49.0,49.51666666666667,49.89166666666667,下行,False,https://data.stats.gov.cn/
2023-12-31,49.0,49.51666666666667,49.89166666666667,下行,False,https://data.stats.gov.cn/
2024-01-31,49.2,49.5,49.81666666666666,下行,False,https://data.stats.gov.cn/
2024-01-31,49.2,49.5,49.81666666666666,下行,False,https://data.stats.gov.cn/
2024-02-29,49.1,49.400000000000006,49.525,下行,False,https://data.stats.gov.cn/
2024-02-29,49.1,49.400000000000006,49.525,下行,False,https://data.stats.gov.cn/
2024-03-31,50.8,49.5,49.43333333333333,上行,True,https://data.stats.gov.cn/
2024-03-31,50.8,49.5,49.43333333333333,上行,True,https://data.stats.gov.cn/
2024-04-30,50.4,49.65,49.53333333333334,上行,True,https://data.stats.gov.cn/
2024-04-30,50.4,49.65,49.53333333333334,上行,True,https://data.stats.gov.cn/
2024-05-31,49.5,49.66666666666666,49.59166666666667,上行,False,https://data.stats.gov.cn/
2024-05-31,49.5,49.666666666666664,49.59166666666667,上行,False,https://data.stats.gov.cn/
2024-06-30,49.5,49.75,49.63333333333333,上行,False,https://data.stats.gov.cn/
2024-06-30,49.5,49.75,49.63333333333333,上行,False,https://data.stats.gov.cn/
2024-07-31,49.4,49.78333333333333,49.64166666666667,上行,False,https://data.stats.gov.cn/
2024-07-31,49.4,49.78333333333333,49.64166666666667,上行,False,https://data.stats.gov.cn/
2024-08-31,49.1,49.78333333333333,49.59166666666667,上行,False,https://data.stats.gov.cn/
2024-08-31,49.1,49.78333333333333,49.59166666666667,上行,False,https://data.stats.gov.cn/
2024-09-30,49.8,49.61666666666667,49.55833333333334,上行,False,https://data.stats.gov.cn/
2024-09-30,49.8,49.61666666666667,49.55833333333334,上行,False,https://data.stats.gov.cn/
2024-10-31,50.1,49.56666666666667,49.60833333333334,下行,True,https://data.stats.gov.cn/
2024-10-31,50.1,49.56666666666667,49.60833333333334,下行,True,https://data.stats.gov.cn/
2024-11-30,50.3,49.699999999999996,49.68333333333333,上行,True,https://data.stats.gov.cn/
2024-11-30,50.3,49.7,49.68333333333333,上行,True,https://data.stats.gov.cn/
2024-12-31,50.1,49.800000000000004,49.775,上行,True,https://data.stats.gov.cn/
2024-12-31,50.1,49.8,49.775,上行,True,https://data.stats.gov.cn/
2025-01-31,49.1,49.75,49.76666666666667,下行,False,https://data.stats.gov.cn/
2025-01-31,49.1,49.75,49.76666666666667,下行,False,https://data.stats.gov.cn/
2025-02-28,50.2,49.93333333333333,49.85833333333333,上行,True,https://data.stats.gov.cn/
2025-02-28,50.2,49.93333333333333,49.85833333333333,上行,True,https://data.stats.gov.cn/
2025-03-31,50.5,50.050000000000004,49.833333333333336,上行,True,https://data.stats.gov.cn/
2025-03-31,50.5,50.05,49.833333333333336,上行,True,https://data.stats.gov.cn/
2025-04-30,49.0,49.86666666666667,49.71666666666666,上行,False,https://data.stats.gov.cn/
2025-04-30,49.0,49.86666666666667,49.71666666666666,上行,False,https://data.stats.gov.cn/
2025-05-31,49.5,49.73333333333333,49.71666666666666,上行,False,https://data.stats.gov.cn/
2025-05-31,49.5,49.73333333333333,49.71666666666666,上行,False,https://data.stats.gov.cn/
2025-06-30,49.7,49.666666666666664,49.73333333333333,下行,False,https://data.stats.gov.cn/
2025-06-30,49.7,49.66666666666666,49.73333333333333,下行,False,https://data.stats.gov.cn/
2025-07-31,49.3,49.699999999999996,49.724999999999994,下行,False,https://data.stats.gov.cn/
2025-07-31,49.3,49.7,49.725,下行,False,https://data.stats.gov.cn/
2025-08-31,49.4,49.56666666666666,49.75,下行,False,https://data.stats.gov.cn/
2025-08-31,49.4,49.56666666666666,49.75,下行,False,https://data.stats.gov.cn/
2025-09-30,49.8,49.449999999999996,49.75,下行,False,https://data.stats.gov.cn/
2025-09-30,49.8,49.45,49.75,下行,False,https://data.stats.gov.cn/
2025-10-31,49.0,49.449999999999996,49.65833333333333,下行,False,https://data.stats.gov.cn/
2025-10-31,49.0,49.45,49.65833333333333,下行,False,https://data.stats.gov.cn/
2025-11-30,49.2,49.4,49.56666666666667,下行,False,https://data.stats.gov.cn/
2025-11-30,49.2,49.4,49.56666666666667,下行,False,https://data.stats.gov.cn/
2025-12-31,50.1,49.46666666666667,49.56666666666666,下行,True,https://data.stats.gov.cn/
2025-12-31,50.1,49.46666666666667,49.56666666666666,下行,True,https://data.stats.gov.cn/
2026-01-31,49.3,49.46666666666667,49.583333333333336,下行,False,https://data.stats.gov.cn/
2026-01-31,49.3,49.46666666666667,49.583333333333336,下行,False,https://data.stats.gov.cn/
2026-02-28,49.0,49.400000000000006,49.48333333333334,下行,False,https://data.stats.gov.cn/
2026-02-28,49.0,49.400000000000006,49.48333333333334,下行,False,https://data.stats.gov.cn/
2026-03-31,50.4,49.5,49.475,上行,True,https://data.stats.gov.cn/
2026-03-31,50.4,49.5,49.475,上行,True,https://data.stats.gov.cn/
2026-04-30,50.3,49.71666666666667,49.583333333333336,上行,True,https://data.stats.gov.cn/
2026-04-30,50.3,49.71666666666667,49.583333333333336,上行,True,https://data.stats.gov.cn/
2026-05-31,50.0,49.85,49.625,上行,False,https://data.stats.gov.cn/
2026-05-31,50.0,49.85,49.625,上行,False,https://data.stats.gov.cn/
2026-06-30,50.3,49.883333333333326,49.675,上行,True,https://data.stats.gov.cn/
2026-06-30,50.3,49.883333333333326,49.675000000000004,上行,True,https://data.stats.gov.cn/
