date,market_cap,gdp,buffett_ratio,q10,q90,signal
2008-01-31,277854.82,194325.7,1.4298408290823086,,,正常
2008-01-31,277854.82,194325.7,1.4298408290823086,,,正常
2008-02-29,281633.02,194325.7,1.4492834452674042,,,正常
2008-02-29,281633.02,194325.7,1.4492834452674042,,,正常
2008-03-31,226789.14,194325.7,1.1670568535196322,,,正常
2008-03-31,226789.13999999998,194325.7,1.1670568535196322,,,正常
2008-04-30,240244.25,194325.7,1.2362968459653043,,,正常
2008-04-30,240244.25,194325.7,1.2362968459653045,,,正常
2008-05-31,224866.7,194325.7,1.1571639777960403,,,正常
2008-05-31,224866.69999999998,194325.7,1.1571639777960403,,,正常
2008-06-30,178035.09999999998,194325.7,0.9161685767760002,,,正常
2008-06-30,178035.09999999998,194325.7,0.9161685767760002,,,正常
2008-07-31,181884.6,194325.7,0.9359781027419428,,,正常
2008-07-31,181884.59999999998,194325.7,0.9359781027419428,,,正常
2008-08-31,155435.29,194325.7,0.799869960586788,,,正常
2008-08-31,155435.29,194325.7,0.799869960586788,,,正常
2008-09-30,148163.98,194325.7,0.762451801280016,,,正常
2008-09-30,148163.98,194325.7,0.762451801280016,,,正常
2008-10-31,112067.8,194325.7,0.5767008686962146,,,正常
2008-10-31,112067.8,194325.7,0.5767008686962146,,,正常
2008-11-30,122484.23999999999,194325.7,0.630303866138138,,,正常
2008-11-30,122484.24,194325.7,0.630303866138138,,,正常
2008-12-31,121366.44,324317.8,0.3742207180734452,,,正常
2008-12-31,121366.44,324317.8,0.37422071807344526,,,正常
2009-01-31,133095.49,324317.8,0.4103860164320305,,,正常
2009-01-31,133095.49,324317.8,0.41038601643203054,,,正常
2009-02-28,140389.2,324317.8,0.4328754080102912,,,正常
2009-02-28,140389.2,324317.8,0.4328754080102912,,,正常
2009-03-31,161474.24,324317.8,0.4978889225321583,,,正常
2009-03-31,161474.24,324317.8,0.4978889225321583,,,正常
2009-04-30,169253.31,324317.8,0.5218748708828193,,,正常
2009-04-30,169253.31,324317.8,0.5218748708828193,,,正常
2009-05-31,179786.64,324317.8,0.5543532917403856,,,正常
2009-05-31,179786.64,324317.8,0.5543532917403856,,,正常
2009-06-30,201448.06127578,324317.8,0.6211440176141427,,,正常
2009-06-30,201448.06127578,324317.8,0.6211440176141427,,,正常
2009-07-31,235734.80384451,324317.8,0.7268636005933378,,,正常
2009-07-31,235734.80384451,324317.8,0.7268636005933378,,,正常
2009-08-31,187095.39617487,324317.8,0.5768890766244406,,,正常
2009-08-31,187095.39617487,324317.8,0.5768890766244406,,,正常
2009-09-30,196901.69042291,324317.8,0.607125758817154,,,正常
2009-09-30,196901.69042291,324317.8,0.607125758817154,,,正常
2009-10-31,215892.01166454,324317.8,0.6656804272369263,,,正常
2009-10-31,215892.01166454,324317.8,0.6656804272369263,,,正常
2009-11-30,235903.04006219,324317.8,0.7273823393664794,,,正常
2009-11-30,235903.04006219,324317.8,0.7273823393664794,,,正常
2009-12-31,243939.11870837002,75341.3,3.237787491168456,0.45237946236685134,1.3717776341472072,泡沫区域
2009-12-31,243939.11870837,75341.3,3.237787491168456,0.4523794623668513,1.3717776341472072,泡沫区域
2010-01-31,226361.61794739,75341.3,3.0044825075674293,0.458880813819038,1.441506398793366,泡沫区域
2010-01-31,226361.61794738998,75341.3,3.0044825075674293,0.45888081381903806,1.441506398793366,泡沫区域
2010-02-28,236596.99938062998,75341.3,3.1403360358877532,0.4653821652712247,2.226882976417417,泡沫区域
2010-02-28,236596.99938063,75341.3,3.140336035887753,0.4653821652712247,2.226882976417417,泡沫区域
2010-03-31,244952.57940765,75341.3,3.251239086764497,0.4718835167234114,3.058823918895559,泡沫区域
2010-03-31,244952.57940765,75341.3,3.251239086764497,0.47188351672341144,3.058823918895559,泡沫区域
2010-04-30,227905.50999999998,75341.3,3.024974482786997,0.47838486817559817,3.0595829487172237,正常
2010-04-30,227905.51,75341.3,3.024974482786997,0.4783848681755981,3.059582948717224,正常
2010-05-31,209639.43105674,75341.3,2.7825300473543724,0.4848862196277849,3.048046793407148,正常
2010-05-31,209639.43105674,75341.3,2.7825300473543724,0.4848862196277849,3.0480467934071482,正常
2010-06-30,195138.728,75341.3,2.5900631924323045,0.4913875710799716,3.036510638097073,正常
2010-06-30,195138.728,75341.3,2.5900631924323045,0.4913875710799716,3.036510638097073,正常
2010-07-31,225922.052,75341.3,2.99864817835636,0.4978889225321583,3.024974482786997,正常
2010-07-31,225922.052,75341.3,2.9986481783563597,0.4978889225321583,3.024974482786997,正常
2010-08-31,235121.358,75341.3,3.1207499472400926,0.5002875173672243,3.1111724007947834,泡沫区域
2010-08-31,235121.358,75341.3,3.1207499472400926,0.5002875173672243,3.1111724007947834,泡沫区域
2010-09-30,238740.361,75341.3,3.1687847302873724,0.5026861122022904,3.136418818158221,泡沫区域
2010-09-30,238740.361,75341.3,3.1687847302873724,0.5026861122022904,3.136418818158221,泡沫区域
2010-10-31,270133.58640000003,75341.3,3.5854648964113975,0.5050847070373565,3.160250121967487,泡沫区域
2010-10-31,270133.58640000003,75341.3,3.585464896411397,0.5050847070373565,3.160250121967487,泡沫区域
2010-11-30,264315.5791,75341.3,3.508242877412521,0.5074833018724226,3.2101863868160225,泡沫区域
2010-11-30,264315.5791,75341.3,3.508242877412521,0.5074833018724226,3.2101863868160225,泡沫区域
2010-12-31,265422.5922,419253.3,0.6330840859213274,0.5098818967074887,3.2032861107279142,正常
2010-12-31,265422.5922,419253.3,0.6330840859213274,0.5098818967074887,3.2032861107279142,正常
2011-01-31,261289.85379999998,419253.3,0.6232267075774955,0.5122804915425548,3.196385834639806,正常
2011-01-31,261289.8538,419253.3,0.6232267075774955,0.5122804915425548,3.196385834639806,正常
2011-02-28,276857.7183,419253.3,0.6603590676567126,0.5146790863776209,3.1894855585516977,正常
2011-02-28,276857.7183,419253.3,0.6603590676567126,0.5146790863776209,3.1894855585516977,正常
2011-03-31,277662.1782,419253.3,0.6622778597091543,0.517077681212687,3.1825852824635894,正常
2011-03-31,277662.17819999997,419253.3,0.6622778597091543,0.517077681212687,3.1825852824635894,正常
2011-04-30,274637.3693,419253.3,0.6550631069570592,0.5194762760477531,3.1756850063754807,正常
2011-04-30,274637.3693,419253.3,0.6550631069570592,0.5194762760477531,3.1756850063754807,正常
2011-05-31,258191.3639,419253.3,0.615836211426362,0.5218748708828193,3.1687847302873724,正常
2011-05-31,258191.3639,419253.3,0.615836211426362,0.5218748708828193,3.1687847302873724,正常
2011-06-30,264214.3368,419253.3,0.6302021637038993,0.5251227129685759,3.1659398608474105,正常
2011-06-30,264214.3368,419253.3,0.6302021637038993,0.5251227129685759,3.1659398608474105,正常
2011-07-31,263380.6905,419253.3,0.6282137564570155,0.5283705550543325,3.1630949914074487,正常
2011-07-31,263380.6905,419253.3,0.6282137564570155,0.5283705550543325,3.1630949914074487,正常
2011-08-31,254617.2027,419253.3,0.6073111474614512,0.5316183971400892,3.160250121967487,正常
2011-08-31,254617.20270000002,419253.3,0.6073111474614512,0.5316183971400892,3.160250121967487,正常
2011-09-30,231596.2705,419253.3,0.5524017831225181,0.5340856357786988,3.157405252527525,正常
2011-09-30,231596.27049999998,419253.3,0.5524017831225181,0.5340856357786988,3.157405252527525,正常
2011-10-31,242982.9134,419253.3,0.5795611230728536,0.5371383270026686,3.1545603830875626,正常
2011-10-31,242982.9134,419253.3,0.5795611230728536,0.5371383270026686,3.1545603830875626,正常
2011-11-30,231715.41109999997,419253.3,0.5526859564373137,0.5401910182266386,3.1517155136476007,正常
2011-11-30,231715.4111,419253.3,0.5526859564373137,0.5401910182266386,3.1517155136476007,正常
2011-12-31,214758.0958,226995.8,0.9460884113274344,0.5432437094506084,3.1488706442076397,正常
2011-12-31,214758.0958,226995.8,0.9460884113274344,0.5432437094506084,3.1488706442076393,正常
2012-01-31,220919.2816,226995.8,0.9732307011847796,0.5462964006745783,3.146025774767677,正常
2012-01-31,220919.2816,226995.8,0.9732307011847796,0.5462964006745783,3.146025774767677,正常
2012-02-29,238810.521,226995.8,1.052048192081087,0.5493490918985482,3.143180905327715,正常
2012-02-29,238810.52099999998,226995.8,1.052048192081087,0.5493490918985482,3.143180905327715,正常
2012-03-31,224704.90490000002,226995.8,0.9899077643727331,0.5524017831225181,3.1403360358877532,正常
2012-03-31,224704.9049,226995.8,0.9899077643727332,0.5524017831225181,3.140336035887753,正常
2012-04-30,238177.9296,226995.8,1.0492613942636826,0.5524302004539976,3.138377427022987,正常
2012-04-30,238177.9296,226995.8,1.0492613942636826,0.5524302004539976,3.138377427022987,正常
2012-05-31,239308.0465,226995.8,1.0542399749246463,0.5524586177854772,3.136418818158221,正常
2012-05-31,239308.0465,226995.8,1.0542399749246465,0.5524586177854772,3.136418818158221,正常
2012-06-30,226209.27920497,226995.8,0.9965350865741569,0.5524870351169567,3.1344602092934553,正常
2012-06-30,226209.27920497,226995.8,0.9965350865741568,0.5524870351169567,3.134460209293456,正常
2012-07-31,213192.0135,226995.8,0.9391892427084556,0.5525154524484364,3.132501600428689,正常
2012-07-31,213192.0135,226995.8,0.9391892427084555,0.5525154524484364,3.132501600428689,正常
2012-08-31,209564.9662,226995.8,0.9232107651330994,0.5525438697799159,3.1305429915639227,正常
2012-08-31,209564.9662,226995.8,0.9232107651330994,0.5525438697799159,3.1305429915639227,正常
2012-09-30,213947.37569999998,226995.8,0.9425168910614204,0.5525722871113954,3.128584382699157,正常
2012-09-30,213947.3757,226995.8,0.9425168910614204,0.5525722871113954,3.128584382699157,正常
2012-10-31,212784.0002,226995.8,0.9373917940331936,0.552600704442875,3.126625773834391,正常
2012-10-31,212784.0002,226995.8,0.9373917940331936,0.552600704442875,3.126625773834391,正常
2012-11-30,199378.0802,226995.8,0.8783337850303838,0.5526291217743545,3.1246671649696247,正常
2012-11-30,199378.0802,226995.8,0.8783337850303838,0.5526291217743545,3.1246671649696247,正常
2012-12-31,230357.62180000002,119377.5,1.9296569437289273,0.5526575391058342,3.122708556104859,正常
2012-12-31,230357.6218,119377.5,1.929656943728928,0.5526575391058342,3.122708556104859,正常
2013-01-31,243908.2841,119377.5,2.0431679680006702,0.5526859564373137,3.1207499472400926,正常
2013-01-31,243908.2841,119377.5,2.0431679680006702,0.5526859564373137,3.1207499472400926,正常
2013-02-28,245516.221,119377.5,2.056637314401793,0.5528526899676208,3.111172400794783,正常
2013-02-28,245516.22100000002,119377.5,2.056637314401793,0.5528526899676208,3.111172400794783,正常
2013-03-31,233684.973,119377.5,1.95752945906892,0.5530194234979281,3.101594854349474,正常
2013-03-31,233684.973,119377.5,1.95752945906892,0.5530194234979281,3.101594854349474,正常
2013-04-30,228641.8929,119377.5,1.9152846466042597,0.5531861570282353,3.092017307904164,正常
2013-04-30,228641.89289999998,119377.5,1.9152846466042595,0.5531861570282353,3.092017307904164,正常
2013-05-31,247754.7464,119377.5,2.0753889669326298,0.5533528905585424,3.0824397614588546,正常
2013-05-31,247754.7464,119377.5,2.0753889669326298,0.5533528905585424,3.0824397614588546,正常
2013-06-30,212812.919,119377.5,1.78268868924211,0.5535196240888496,3.0728622150135445,正常
2013-06-30,212812.919,119377.5,1.78268868924211,0.5535196240888496,3.0728622150135445,正常
2013-07-31,218531.83051419,119377.5,1.8305947981335677,0.5536863576191569,3.063284668568235,正常
2013-07-31,218531.83051419,119377.5,1.830594798133568,0.5536863576191569,3.063284668568235,正常
2013-08-31,230192.1111,119377.5,1.928270495696425,0.553853091149464,3.053707122122926,正常
2013-08-31,230192.11109999998,119377.5,1.928270495696425,0.553853091149464,3.053707122122926,正常
2013-09-30,241276.41629999998,119377.5,2.021121369604825,0.5540198246797712,3.044129575677616,正常
2013-09-30,241276.4163,119377.5,2.021121369604825,0.5540198246797712,3.044129575677616,正常
2013-10-31,236194.51335539,119377.5,1.9785513464043891,0.5541865582100785,3.0345520292323065,正常
2013-10-31,236194.51335539,119377.5,1.9785513464043893,0.5541865582100785,3.0345520292323065,正常
2013-11-30,247684.6059,119377.5,2.07480141483948,0.5543532917403856,3.024974482786997,正常
2013-11-30,247684.60590000002,119377.5,2.07480141483948,0.5543532917403856,3.024974482786997,正常
2013-12-31,239077.19767707,603660.4,0.3960458523982523,0.5528526899676208,3.02292528526504,极度低估
2013-12-31,239077.19767706998,603660.4,0.39604585239825235,0.5528526899676208,3.02292528526504,极度低估
2014-01-31,237825.6812,603660.4,0.3939726395834478,0.5524586177854772,3.020876087743084,极度低估
2014-01-31,237825.6812,603660.4,0.39397263958344786,0.5524586177854772,3.0208760877430834,极度低估
2014-02-28,241683.4598,603660.4,0.4003632833957636,0.5310329445547289,3.018826890221127,极度低估
2014-02-28,241683.4598,603660.4,0.4003632833957636,0.5310329445547289,3.018826890221127,极度低估
2014-03-31,236625.0618,603660.4,0.39198374085827065,0.5074833018724226,3.01677769269917,极度低估
2014-03-31,236625.0618,603660.4,0.3919837408582706,0.5074833018724226,3.01677769269917,极度低估
2014-04-30,236275.7036,603660.4,0.39140500784878385,0.4653821652712247,3.014728495177213,极度低估
2014-04-30,236275.7036,603660.4,0.3914050078487838,0.4653821652712247,3.014728495177213,极度低估
2014-05-31,239723.6124,603660.4,0.3971166775226601,0.4238796513789869,3.0126792976552563,极度低估
2014-05-31,239723.6124,603660.4,0.3971166775226601,0.4238796513789869,3.0126792976552563,极度低估
2014-06-30,244129.668,603660.4,0.4044155753797996,0.40859488411636125,3.0106301001332993,极度低估
2014-06-30,244129.668,603660.4,0.4044155753797996,0.4085948841163612,3.0106301001333,极度低估
2014-07-31,261989.4579,603660.4,0.43400139863406645,0.40919192822158434,3.008580902611343,正常
2014-07-31,261989.4579,603660.4,0.4340013986340664,0.4091919282215843,3.008580902611343,正常
2014-08-31,268701.8351,603660.4,0.4451208578531903,0.4097889723268074,3.0065317050893863,正常
2014-08-31,268701.8351,603660.4,0.44512085785319033,0.40978897232680744,3.0065317050893863,正常
2014-09-30,293548.1685,603660.4,0.486280313401376,0.4103860164320305,3.0044825075674293,正常
2014-09-30,293548.1685,603660.4,0.486280313401376,0.41038601643203054,3.0044825075674293,正常
2014-10-31,300486.6594,603660.4,0.4977743436541472,0.4126349555898566,3.0038990746463226,正常
2014-10-31,300486.6594,603660.4,0.49777434365414724,0.4126349555898566,3.0038990746463226,正常
2014-11-30,327826.9234,603660.4,0.5430651462312253,0.4148838947476826,3.003315641725216,正常
2014-11-30,327826.92339999997,603660.4,0.5430651462312253,0.41488389474768267,3.0033156417252154,正常
2014-12-31,372546.956,143539.4,2.595433421067665,0.4171328339055087,3.0027322088041086,正常
2014-12-31,372546.956,143539.4,2.595433421067665,0.41713283390550876,3.0027322088041086,正常
2015-01-31,385424.7665,143539.4,2.685149627907042,0.4193817730633348,3.0021487758830014,正常
2015-01-31,385424.7665,143539.4,2.685149627907042,0.4193817730633348,3.002148775883001,正常
2015-02-28,407592.6923,143539.4,2.8395875439078053,0.4216307122211609,3.0015653429618947,正常
2015-02-28,407592.6923,143539.4,2.8395875439078053,0.4216307122211609,3.0015653429618947,正常
2015-03-31,477018.1544,143539.4,3.323255875390311,0.4238796513789869,3.0126792976552563,泡沫区域
2015-03-31,477018.1544,143539.4,3.323255875390311,0.4238796513789869,3.0126792976552563,泡沫区域
2015-04-30,563491.355,143539.4,3.925691169114543,0.426128590536813,3.0537071221229253,泡沫区域
2015-04-30,563491.355,143539.4,3.925691169114543,0.426128590536813,3.0537071221229253,泡沫区域
2015-05-31,627465.4565999999,143539.4,4.371381353133704,0.42837752969463905,3.1246671649696247,泡沫区域
2015-05-31,627465.4565999999,143539.4,4.371381353133704,0.428377529694639,3.1246671649696247,泡沫区域
2015-06-30,584573.6540000001,143539.4,4.0725658181656055,0.43062646885246514,3.1431809053277155,泡沫区域
2015-06-30,584573.6540000001,143539.4,4.0725658181656055,0.4306264688524651,3.1431809053277155,泡沫区域
2015-07-31,504845.6389,143539.4,3.517122399146158,0.4328754080102912,3.1687847302873724,泡沫区域
2015-07-31,504845.6389,143539.4,3.517122399146158,0.4328754080102912,3.1687847302873724,泡沫区域
2015-08-31,438027.1942,143539.4,3.051616449560191,0.4329880070726687,3.1659398608474105,正常
2015-08-31,438027.1942,143539.4,3.051616449560191,0.4329880070726687,3.1659398608474105,正常
2015-09-30,419528.1627,143539.4,2.9227387233052387,0.43310060613504625,3.1630949914074487,正常
2015-09-30,419528.1627,143539.4,2.9227387233052387,0.4331006061350462,3.1630949914074487,正常
2015-10-31,476622.0127,143539.4,3.3204960637985113,0.43321320519742373,3.2170866629041313,泡沫区域
2015-10-31,476622.0127,143539.4,3.320496063798512,0.4332132051974237,3.217086662904132,泡沫区域
2015-11-30,503636.16779999994,143539.4,3.5086963426069775,0.4333258042598013,3.245858448526081,泡沫区域
2015-11-30,503636.1678,143539.4,3.508696342606977,0.4333258042598013,3.245858448526081,泡沫区域
2015-12-31,531304.1961000001,702511.5,0.7562925248910517,0.4334384033221788,3.2445132889664765,正常
2015-12-31,531304.1961000001,702511.5,0.7562925248910517,0.4334384033221788,3.2445132889664765,正常
2016-01-31,403800.2871,702511.5,0.5747952696859766,0.4335510023845563,3.2431681294068726,正常
2016-01-31,403800.28709999996,702511.5,0.5747952696859766,0.43355100238455635,3.2431681294068726,正常
2016-02-29,397027.4467,702511.5,0.5651543735582976,0.4336636014469339,3.2418229698472683,正常
2016-02-29,397027.4467,702511.5,0.5651543735582976,0.4336636014469339,3.2418229698472683,正常
2016-03-31,454156.1346,702511.5,0.6464750179890294,0.4337762005093113,3.2404778102876644,正常
2016-03-31,454156.1346,702511.5,0.6464750179890294,0.43377620050931137,3.2404778102876644,正常
2016-04-30,447907.2184,702511.5,0.6375799092256853,0.4338887995716889,3.2391326507280604,正常
2016-04-30,447907.2184,702511.5,0.6375799092256853,0.4338887995716889,3.2391326507280604,正常
2016-05-31,448641.4179,702511.5,0.6386250159605928,0.43400139863406645,3.237787491168456,正常
2016-05-31,448641.4179,702511.5,0.6386250159605928,0.4340013986340664,3.237787491168456,正常
2016-06-30,462920.5142,702511.5,0.6589507989548925,0.4351133445559788,3.2308872150803483,正常
2016-06-30,462920.5142,702511.5,0.6589507989548925,0.43511334455597883,3.2308872150803483,正常
2016-07-31,466463.7141,702511.5,0.6639944173155884,0.4362252904778912,3.223986938992239,正常
2016-07-31,466463.7141,702511.5,0.6639944173155884,0.4362252904778912,3.223986938992239,正常
2016-08-31,491635.1987,702511.5,0.6998251255673394,0.4373372363998036,3.2170866629041317,正常
2016-08-31,491635.1987,702511.5,0.6998251255673394,0.4373372363998036,3.2170866629041313,正常
2016-09-30,485007.5408,702511.5,0.6903908915370068,0.438449182321716,3.2101863868160234,正常
2016-09-30,485007.54079999996,702511.5,0.6903908915370068,0.438449182321716,3.2101863868160234,正常
2016-10-31,504897.6502,702511.5,0.7187037510417978,0.43956112824362836,3.2032861107279142,正常
2016-10-31,504897.6502,702511.5,0.7187037510417978,0.4395611282436283,3.2032861107279142,正常
2016-11-30,530670.4348,702511.5,0.7553903883423974,0.4406730741655408,3.1963858346398064,正常
2016-11-30,530670.4348,702511.5,0.7553903883423974,0.4406730741655408,3.1963858346398064,正常
2016-12-31,507685.8846,545575.1,0.9305517876457339,0.4417850200874532,3.1894855585516972,正常
2016-12-31,507685.8846,545575.1,0.930551787645734,0.4417850200874532,3.189485558551697,正常
2017-01-31,517247.7603,545575.1,0.9480780195063888,0.44289696600936557,3.1825852824635894,正常
2017-01-31,517247.7603,545575.1,0.9480780195063888,0.4428969660093655,3.1825852824635894,正常
2017-02-28,538211.8709,545575.1,0.9865037295507071,0.44400891193127795,3.1756850063754816,正常
2017-02-28,538211.8709,545575.1,0.9865037295507072,0.4440089119312779,3.1756850063754816,正常
2017-03-31,539588.1514000001,545575.1,0.9890263529255644,0.44512085785319033,3.1687847302873724,正常
2017-03-31,539588.1514000001,545575.1,0.9890263529255644,0.4451208578531903,3.1687847302873724,正常
2017-04-30,527480.8292,545575.1,0.9668345003281859,0.449236803408009,3.1659398608474105,正常
2017-04-30,527480.8292,545575.1,0.966834500328186,0.449236803408009,3.1659398608474105,正常
2017-05-31,513612.7748,545575.1,0.9414153519836224,0.4533527489628275,3.1630949914074487,正常
2017-05-31,513612.7748,545575.1,0.9414153519836225,0.4533527489628275,3.1630949914074487,正常
2017-06-30,534321.7163,545575.1,0.9793733553822379,0.45746869451764605,3.160250121967487,正常
2017-06-30,534321.7163,545575.1,0.979373355382238,0.457468694517646,3.160250121967487,正常
2017-07-31,542177.297,545575.1,0.9937720709761132,0.46158464007246464,3.157405252527525,正常
2017-07-31,542177.297,545575.1,0.9937720709761132,0.4615846400724646,3.157405252527525,正常
2017-08-31,561972.7738000001,545575.1,1.0300557591429669,0.46570058562728317,3.1545603830875626,正常
2017-08-31,561972.7738000001,545575.1,1.0300557591429669,0.4657005856272831,3.1545603830875626,正常
2017-09-30,569300.9373,545575.1,1.0434877568642704,0.4698165311821018,3.151715513647601,正常
2017-09-30,569300.9373,545575.1,1.0434877568642704,0.4698165311821018,3.151715513647601,正常
2017-10-31,579121.0867,545575.1,1.0614873858795977,0.4739324767369203,3.148870644207639,正常
2017-10-31,579121.0867,545575.1,1.0614873858795975,0.47393247673692035,3.148870644207639,正常
2017-11-30,564016.4146,545575.1,1.03380160604837,0.4780484222917389,3.146025774767677,正常
2017-11-30,564016.4146,545575.1,1.03380160604837,0.4780484222917389,3.146025774767677,正常
2017-12-31,567086.0765,185274.4,3.060790246790706,0.4821643678465575,3.1431809053277155,正常
2017-12-31,567086.0765,185274.4,3.060790246790706,0.4821643678465575,3.1431809053277155,正常
2018-01-31,585573.1023,185274.4,3.1605721151977826,0.486280313401376,3.1605721151977826,正常
2018-01-31,585573.1023,185274.4,3.1605721151977826,0.486280313401376,3.1605721151977826,正常
2018-02-28,561646.0088,185274.4,3.0314280267538307,0.48742971642665317,3.15854850726678,正常
2018-02-28,561646.0088,185274.4,3.0314280267538307,0.4874297164266531,3.15854850726678,正常
2018-03-31,559518.5905,185274.4,3.0199454997560378,0.4885791194519303,3.1565248993357766,正常
2018-03-31,559518.5905,185274.4,3.0199454997560378,0.4885791194519303,3.1565248993357766,正常
2018-04-30,542532.6194,185274.4,2.928265423609522,0.4897285224772074,3.154501291404774,正常
2018-04-30,542532.6194,185274.4,2.928265423609522,0.4897285224772074,3.154501291404774,正常
2018-05-31,544220.1273,185274.4,2.937373578324906,0.4908779255024845,3.152477683473771,正常
2018-05-31,544220.1273,185274.4,2.9373735783249066,0.4908779255024845,3.152477683473771,正常
2018-06-30,504217.41579999996,185274.4,2.7214629533276047,0.49202732852776165,3.150454075542768,正常
2018-06-30,504217.4158,185274.4,2.7214629533276047,0.4920273285277616,3.150454075542768,正常
2018-07-31,506208.1369,185274.4,2.7322076708924707,0.4931767315530387,3.148430467611765,正常
2018-07-31,506208.1369,185274.4,2.7322076708924707,0.49317673155303876,3.148430467611765,正常
2018-08-31,475702.2007,185274.4,2.5675549385128225,0.4943261345783158,3.146406859680762,正常
2018-08-31,475702.20070000004,185274.4,2.5675549385128225,0.49432613457831587,3.146406859680762,正常
2018-09-30,486615.7186,185274.4,2.6264595572836837,0.495475537603593,3.144383251749759,正常
2018-09-30,486615.7186,185274.4,2.6264595572836833,0.49547553760359303,3.144383251749759,正常
2018-10-31,446533.8313,185274.4,2.410121588843359,0.4966249406288701,3.1423596438187564,正常
2018-10-31,446533.8313,185274.4,2.410121588843359,0.49662494062887014,3.1423596438187564,正常
2018-11-30,453623.0476,185274.4,2.448384923119438,0.4977743436541472,3.140336035887753,正常
2018-11-30,453623.0476,185274.4,2.448384923119438,0.49777434365414724,3.1403360358877532,正常
2018-12-31,434924.0373,936010.1,0.4646574190812685,0.48742971642665317,3.1383774270229874,极度低估
2018-12-31,434924.0373,936010.1,0.4646574190812685,0.4874297164266531,3.1383774270229874,极度低估
2019-01-31,448885.7381,936010.1,0.4795736051352438,0.48091494678847024,3.136418818158221,极度低估
2019-01-31,448885.7381,936010.1,0.4795736051352438,0.4809149467884702,3.136418818158221,极度低估
2019-02-28,524862.1323,936010.1,0.5607440905819286,0.4815856176150834,3.1344602092934557,正常
2019-02-28,524862.1323,936010.1,0.5607440905819286,0.48158561761508345,3.1344602092934553,正常
2019-03-31,562855.9101,936010.1,0.6013352955272598,0.48225628844169666,3.132501600428689,正常
2019-03-31,562855.9101,936010.1,0.6013352955272598,0.4822562884416966,3.132501600428689,正常
2019-04-30,555258.1004,936010.1,0.5932180650614775,0.48292695926830986,3.1305429915639227,正常
2019-04-30,555258.1004,936010.1,0.5932180650614775,0.4829269592683098,3.1305429915639227,正常
2019-05-31,522965.9253,936010.1,0.5587182502624705,0.4835976300949231,3.128584382699157,正常
2019-05-31,522965.9253,936010.1,0.5587182502624705,0.4835976300949231,3.128584382699157,正常
2019-06-30,536296.4982,936010.1,0.5729601616478284,0.48426830092153633,3.1266257738343906,正常
2019-06-30,536296.4982,936010.1,0.5729601616478284,0.4842683009215363,3.1266257738343906,正常
2019-07-31,540503.3149,936010.1,0.5774545754367394,0.48493897174814954,3.1246671649696247,正常
2019-07-31,540503.3149,936010.1,0.5774545754367394,0.4849389717481495,3.1246671649696247,正常
2019-08-31,539709.6017,936010.1,0.5766066003988632,0.4856096425747628,3.122708556104859,正常
2019-08-31,539709.6017,936010.1,0.5766066003988632,0.4856096425747628,3.122708556104859,正常
2019-09-30,545836.1083,936010.1,0.5831519428048907,0.486280313401376,3.1207499472400926,正常
2019-09-30,545836.1083,936010.1,0.5831519428048907,0.486280313401376,3.1207499472400926,正常
2019-10-31,552694.0611,936010.1,0.590478736393977,0.48742971642665317,3.1147539771951545,正常
2019-10-31,552694.0611,936010.1,0.590478736393977,0.4874297164266531,3.1147539771951545,正常
2019-11-30,546886.567,936010.1,0.584274215630793,0.4885791194519303,3.108758007150215,正常
2019-11-30,546886.567,936010.1,0.584274215630793,0.4885791194519303,3.108758007150215,正常
2019-12-31,592934.5651,221453.9,2.6774627364882715,0.4897285224772074,3.1027620371052778,正常
2019-12-31,592934.5651,221453.9,2.6774627364882715,0.4897285224772074,3.1027620371052778,正常
2020-01-31,597179.561,221453.9,2.696631493055665,0.4908779255024845,3.0967660670603374,正常
2020-01-31,597179.561,221453.9,2.696631493055665,0.4908779255024845,3.0967660670603374,正常
2020-02-29,596640.1447,221453.9,2.694195698066279,0.4920273285277616,3.0907700970153997,正常
2020-02-29,596640.1447,221453.9,2.694195698066279,0.49202732852776165,3.0907700970153993,正常
2020-03-31,562853.6444,221453.9,2.5416289548298767,0.4931767315530387,3.084774126970461,正常
2020-03-31,562853.6444,221453.9,2.5416289548298767,0.49317673155303876,3.084774126970461,正常
2020-04-30,593993.7423,221453.9,2.682245570297024,0.49432613457831587,3.0787781569255226,正常
2020-04-30,593993.7423,221453.9,2.682245570297024,0.4943261345783158,3.0787781569255226,正常
2020-05-31,600109.9068,221453.9,2.7098637991925183,0.49547553760359303,3.0727821868805845,正常
2020-05-31,600109.9068,221453.9,2.7098637991925183,0.495475537603593,3.0727821868805845,正常
2020-06-30,648774.3951,221453.9,2.9296137710828303,0.49662494062887014,3.066786216835644,正常
2020-06-30,648774.3951,221453.9,2.9296137710828303,0.4966249406288701,3.066786216835644,正常
2020-07-31,738174.5382,221453.9,3.3333101751651246,0.4977743436541472,3.1207499472400926,泡沫区域
2020-07-31,738174.5382,221453.9,3.3333101751651246,0.49777434365414724,3.1207499472400926,泡沫区域
2020-08-31,759475.5557,221453.9,3.4294973161457083,0.49778580154194835,3.1383774270229874,泡沫区域
2020-08-31,759475.5557,221453.9,3.4294973161457083,0.4977858015419483,3.1383774270229874,泡沫区域
2020-09-30,721687.4034,221453.9,3.2588606630996337,0.49779725942974945,3.156524899335777,泡沫区域
2020-09-30,721687.4034,221453.9,3.2588606630996337,0.4977972594297494,3.156524899335777,泡沫区域
2020-10-31,735808.6294,221453.9,3.322626647803448,0.4978087173175505,3.1663209457604955,泡沫区域
2020-10-31,735808.6294,221453.9,3.322626647803448,0.49780871731755055,3.1663209457604955,泡沫区域
2020-11-30,769522.5123000001,221453.9,3.4748654790003703,0.49782017520535166,3.210186386816022,泡沫区域
2020-11-30,769522.5123000001,221453.9,3.4748654790003703,0.4978201752053516,3.210186386816022,泡沫区域
2020-12-31,797238.5785000001,1034867.6,0.7703773685638627,0.49783163309315276,3.2032861107279142,正常
2020-12-31,797238.5785000001,1034867.6,0.7703773685638627,0.4978316330931527,3.2032861107279142,正常
2021-01-31,801629.4823,1034867.6,0.7746203304654625,0.4978430909809538,3.1963858346398064,正常
2021-01-31,801629.4823,1034867.6,0.7746203304654625,0.49784309098095386,3.1963858346398064,正常
2021-02-28,800790.8537,1034867.6,0.773809957621632,0.4978545488687549,3.189485558551698,正常
2021-02-28,800790.8537,1034867.6,0.773809957621632,0.49785454886875496,3.189485558551698,正常
2021-03-31,783730.4132000001,1034867.6,0.7573243313444156,0.49786600675655607,3.1825852824635903,正常
2021-03-31,783730.4132000001,1034867.6,0.7573243313444156,0.497866006756556,3.1825852824635903,正常
2021-04-30,803271.8973000001,1034867.6,0.7762074078848348,0.49787746464435717,3.1756850063754802,正常
2021-04-30,803271.8973000001,1034867.6,0.7762074078848348,0.4978774646443571,3.17568500637548,正常
2021-05-31,850519.5035999999,1034867.6,0.8218631094451115,0.4978889225321583,3.1687847302873724,正常
2021-05-31,850519.5035999999,1034867.6,0.8218631094451115,0.4978889225321583,3.1687847302873724,正常
2021-06-30,863734.9179,1034867.6,0.8346332592691085,0.5002875173672244,3.1679634687784133,正常
2021-06-30,863734.9179,1034867.6,0.8346332592691085,0.5002875173672244,3.1679634687784133,正常
2021-07-31,830435.8713,1034867.6,0.8024561512023374,0.5026861122022904,3.1671422072694546,正常
2021-07-31,830435.8713,1034867.6,0.8024561512023374,0.5026861122022904,3.1671422072694546,正常
2021-08-31,867317.7324,1034867.6,0.8380953586719693,0.5050847070373565,3.1663209457604955,正常
2021-08-31,867317.7324,1034867.6,0.8380953586719693,0.5050847070373565,3.1663209457604955,正常
2021-09-30,866926.5687,1034867.6,0.8377173743771666,0.5074833018724227,3.1654996842515364,正常
2021-09-30,866926.5687,1034867.6,0.8377173743771666,0.5074833018724227,3.1654996842515364,正常
2021-10-31,867256.8912,1034867.6,0.8380365673831126,0.5098818967074887,3.1646784227425773,正常
2021-10-31,867256.8912,1034867.6,0.8380365673831126,0.5098818967074887,3.1646784227425773,正常
2021-11-30,897564.5079000001,1034867.6,0.8673230352365849,0.512280491542555,3.1638571612336186,正常
2021-11-30,897564.5079000001,1034867.6,0.8673230352365849,0.512280491542555,3.1638571612336186,正常
2021-12-31,916087.8439,543034.4,1.686979395596301,0.5146790863776209,3.1630358997246595,正常
2021-12-31,916087.8439,543034.4,1.686979395596301,0.5146790863776209,3.1630358997246595,正常
2022-01-31,839226.8086000001,543034.4,1.545439494440868,0.517077681212687,3.162214638215701,正常
2022-01-31,839226.8086000001,543034.4,1.545439494440868,0.517077681212687,3.162214638215701,正常
2022-02-28,864807.7063,543034.4,1.592546818949223,0.5194762760477531,3.1613933767067417,正常
2022-02-28,864807.7063,543034.4,1.592546818949223,0.5194762760477531,3.1613933767067417,正常
2022-03-31,805106.8547,543034.4,1.4826074640943556,0.5218748708828193,3.1605721151977826,正常
2022-03-31,805106.8547,543034.4,1.4826074640943556,0.5218748708828193,3.1605721151977826,正常
2022-04-30,738998.9672,543034.4,1.3608695272343703,0.5239938984176599,3.15854850726678,正常
2022-04-30,738998.9672,543034.4,1.3608695272343705,0.5239938984176599,3.15854850726678,正常
2022-05-31,780858.0702,543034.4,1.437953231323835,0.5261129259525005,3.156524899335777,正常
2022-05-31,780858.0702,543034.4,1.437953231323835,0.5261129259525005,3.156524899335777,正常
2022-06-30,848265.9931999999,543034.4,1.56208518870996,0.5282319534873411,3.1545012914047743,正常
2022-06-30,848265.9931999999,543034.4,1.56208518870996,0.5282319534873411,3.1545012914047743,正常
2022-07-31,825898.5168999999,543034.4,1.5208953924465924,0.5303509810221817,3.1524776834737707,正常
2022-07-31,825898.5168999999,543034.4,1.5208953924465924,0.5303509810221817,3.1524776834737707,正常
2022-08-31,811626.0386999999,543034.4,1.4946125672701396,0.5324700085570222,3.150454075542768,正常
2022-08-31,811626.0386999999,543034.4,1.4946125672701396,0.5324700085570222,3.150454075542768,正常
2022-09-30,759842.335,543034.4,1.3992526716539504,0.5345890360918629,3.148430467611765,正常
2022-09-30,759842.335,543034.4,1.3992526716539504,0.5345890360918629,3.148430467611765,正常
2022-10-31,740288.8485999999,543034.4,1.3632448489451126,0.5367080636267034,3.1464068596807624,正常
2022-10-31,740288.8485999999,543034.4,1.3632448489451126,0.5367080636267034,3.1464068596807624,正常
2022-11-30,800975.9475,543034.4,1.4750003821120725,0.538827091161544,3.1443832517497596,正常
2022-11-30,800975.9475,543034.4,1.4750003821120723,0.538827091161544,3.14438325174976,正常
2022-12-31,788005.9077999999,1234029.4,0.6385633176972931,0.5409461186963846,3.142359643818756,正常
2022-12-31,788005.9077999999,1234029.4,0.6385633176972931,0.5409461186963846,3.142359643818756,正常
2023-01-31,842840.8465,1234029.4,0.6829990002669305,0.5430651462312253,3.1403360358877532,正常
2023-01-31,842840.8465,1234029.4,0.6829990002669305,0.5430651462312253,3.140336035887753,正常
2023-02-28,849617.1721999999,1234029.4,0.6884902192767854,0.5439988099203545,3.1383774270229874,正常
2023-02-28,849617.1721999999,1234029.4,0.6884902192767854,0.5439988099203545,3.1383774270229874,正常
2023-03-31,848854.899,1234029.4,0.6878725085480135,0.5449324736094838,3.136418818158221,正常
2023-03-31,848854.899,1234029.4,0.6878725085480135,0.5449324736094838,3.136418818158221,正常
2023-04-30,849540.1362000001,1234029.4,0.6884277928872684,0.5458661372986131,3.1344602092934553,正常
2023-04-30,849540.1362000001,1234029.4,0.6884277928872684,0.5458661372986131,3.134460209293456,正常
2023-05-31,825176.1318,1234029.4,0.6686843375044388,0.5467998009877424,3.132501600428689,正常
2023-05-31,825176.1318,1234029.4,0.6686843375044388,0.5467998009877424,3.132501600428689,正常
2023-06-30,832614.7397,1234029.4,0.6747122391897633,0.5477334646768717,3.1305429915639227,正常
2023-06-30,832614.7397,1234029.4,0.6747122391897633,0.5477334646768717,3.1305429915639227,正常
2023-07-31,850616.5055,1234029.4,0.6893000324789669,0.548667128366001,3.128584382699157,正常
2023-07-31,850616.5055,1234029.4,0.6893000324789669,0.548667128366001,3.128584382699157,正常
2023-08-31,808664.7683,1234029.4,0.6553042968830403,0.5496007920551302,3.126625773834391,正常
2023-08-31,808664.7683,1234029.4,0.6553042968830403,0.5496007920551302,3.126625773834391,正常
2023-09-30,801620.2919,1234029.4,0.6495957810243419,0.5505344557442595,3.124667164969625,正常
2023-09-30,801620.2919,1234029.4,0.6495957810243419,0.5505344557442595,3.124667164969625,正常
2023-10-31,782397.6692,1234029.4,0.6340186621161539,0.5514681194333888,3.1227085561048584,正常
2023-10-31,782397.6692,1234029.4,0.6340186621161539,0.5514681194333888,3.1227085561048584,正常
2023-11-30,786734.4371,1234029.4,0.6375329770101101,0.5524017831225181,3.1207499472400926,正常
2023-11-30,786734.4371,1234029.4,0.6375329770101101,0.5524017831225181,3.1207499472400926,正常
2023-12-31,773130.7087999999,1294271.7,0.5973480752148099,0.5524302004539976,3.1147539771951545,正常
2023-12-31,773130.7087999999,1294271.7,0.5973480752148099,0.5524302004539976,3.1147539771951545,正常
2024-01-31,694173.0814,1294271.7,0.5363426252772119,0.5449324736094838,3.108758007150216,极度低估
2024-01-31,694173.0814,1294271.7,0.5363426252772119,0.5449324736094838,3.108758007150216,极度低估
2024-02-29,757265.1821000001,1294271.7,0.585089809272659,0.5458661372986131,3.1027620371052778,正常
2024-02-29,757265.1821000001,1294271.7,0.585089809272659,0.5458661372986131,3.1027620371052778,正常
2024-03-31,768945.6817999999,1294271.7,0.5941145756335396,0.5467998009877424,3.0967660670603374,正常
2024-03-31,768945.6817999999,1294271.7,0.5941145756335396,0.5467998009877424,3.0967660670603374,正常
2024-04-30,780205.4568,1294271.7,0.6028142752406624,0.5477334646768717,3.0907700970153993,正常
2024-04-30,780205.4568,1294271.7,0.6028142752406624,0.5477334646768717,3.0907700970154,正常
2024-05-31,771602.2665,1294271.7,0.5961671467436088,0.548667128366001,3.084774126970461,正常
2024-05-31,771602.2665,1294271.7,0.5961671467436088,0.548667128366001,3.084774126970461,正常
2024-06-30,733149.9151999999,1294271.7,0.5664575028566258,0.5496007920551302,3.0787781569255226,正常
2024-06-30,733149.9151999999,1294271.7,0.5664575028566258,0.5496007920551302,3.0787781569255226,正常
2024-07-31,726941.9841,1294271.7,0.5616610361641996,0.5505344557442595,3.0727821868805845,正常
2024-07-31,726941.9841,1294271.7,0.5616610361641996,0.5505344557442595,3.0727821868805845,正常
2024-08-31,700736.9794000001,1294271.7,0.5414141245613268,0.5429000440642354,3.066786216835644,极度低估
2024-08-31,700736.9794000001,1294271.7,0.5414141245613268,0.5429000440642354,3.066786216835644,极度低估
2024-09-30,842760.5551,1294271.7,0.651146552227017,0.5430651462312253,3.060790246790706,正常
2024-09-30,842760.5551,1294271.7,0.651146552227017,0.5430651462312253,3.060790246790706,正常
2024-10-31,845573.4652,1294271.7,0.6533199058590248,0.5439988099203545,3.0598728670676545,正常
2024-10-31,845573.4652,1294271.7,0.6533199058590248,0.5439988099203545,3.0598728670676545,正常
2024-11-30,858289.0651,1294271.7,0.6631444271708947,0.5449324736094838,3.058955487344603,正常
2024-11-30,858289.0651,1294271.7,0.6631444271708947,0.5449324736094838,3.058955487344603,正常
2024-12-31,854720.5212999999,974553.8,0.8770378005811479,0.5458661372986131,3.0580381076215515,正常
2024-12-31,854720.5212999999,974553.8,0.8770378005811479,0.5458661372986131,3.0580381076215515,正常
2025-01-31,833838.3293,974553.8,0.8556103616855221,0.5467998009877424,3.0571207278985,正常
2025-01-31,833838.3293,974553.8,0.8556103616855221,0.5467998009877424,3.0571207278985,正常
2025-02-28,864508.2756,974553.8,0.8870811191747444,0.5477334646768717,3.0562033481754485,正常
2025-02-28,864508.2756,974553.8,0.8870811191747444,0.5477334646768717,3.0562033481754485,正常
2025-03-31,865177.6794,974553.8,0.8877680015202855,0.548667128366001,3.055285968452397,正常
2025-03-31,865177.6794,974553.8,0.8877680015202855,0.548667128366001,3.055285968452397,正常
2025-04-30,841518.855,974553.8,0.863491430642413,0.5496007920551302,3.0543685887293455,正常
2025-04-30,841518.855,974553.8,0.863491430642413,0.5496007920551302,3.054368588729345,正常
2025-05-31,861400.2232,974553.8,0.8838919136121577,0.5505344557442595,3.053451209006294,正常
2025-05-31,861400.2232,974553.8,0.8838919136121577,0.5505344557442595,3.053451209006294,正常
2025-06-30,899540.8123999999,974553.8,0.9230283770890841,0.5514681194333888,3.0525338292832425,正常
2025-06-30,899540.8123999999,974553.8,0.923028377089084,0.5514681194333888,3.0525338292832425,正常
2025-07-31,940674.7916,974553.8,0.9652363898227065,0.5524017831225181,3.051616449560191,正常
2025-07-31,940674.7916,974553.8,0.9652363898227064,0.5524017831225181,3.051616449560191,正常
2025-08-31,1032875.7286,974553.8,1.0598447500794723,0.5524302004539976,3.049597607279555,正常
2025-08-31,1032875.7286,974553.8,1.0598447500794723,0.5524302004539976,3.049597607279555,正常
2025-09-30,1051619.2756,974553.8,1.0790777026368374,0.5524586177854772,3.047578764998919,正常
2025-09-30,1051619.2756,974553.8,1.0790777026368374,0.5524586177854772,3.047578764998919,正常
2025-10-31,1064264.065,974553.8,1.0920526552767018,0.5524870351169567,3.045559922718283,正常
2025-10-31,1064264.065,974553.8,1.0920526552767018,0.5524870351169567,3.045559922718283,正常
2025-11-30,1046178.6945,974553.8,1.0734950646131594,0.5525154524484364,3.0435410804376466,正常
2025-11-30,1046178.6945,974553.8,1.0734950646131594,0.5525154524484364,3.0435410804376466,正常
2025-12-31,1080179.4045000002,1401879.2,0.7705224562144871,0.5525438697799159,3.041522238157011,正常
2025-12-31,1080179.4045000002,1401879.2,0.7705224562144871,0.5525438697799159,3.041522238157011,正常
2026-01-31,1135477.8393,1401879.2,0.8099683905004084,0.5525722871113954,3.039503395876375,正常
2026-01-31,1135477.8393,1401879.2,0.8099683905004084,0.5525722871113954,3.039503395876375,正常
2026-02-28,1159292.1301,1401879.2,0.8269557962626166,0.552600704442875,3.037484553595739,正常
2026-02-28,1159292.1301,1401879.2,0.8269557962626166,0.552600704442875,3.037484553595739,正常
2026-03-31,1078072.1165,1401879.2,0.7690192682079883,0.5526291217743545,3.035465711315103,正常
2026-03-31,1078072.1165,1401879.2,0.7690192682079883,0.5526291217743545,3.035465711315103,正常
2026-04-30,1163412.0661,1401879.2,0.8298946628924946,0.5526575391058342,3.0334468690344667,正常
2026-04-30,1163412.0661,1401879.2,0.8298946628924946,0.5526575391058342,3.0334468690344667,正常
2026-05-31,1165843.9933,1401879.2,0.8316294252029705,0.5526859564373137,3.0314280267538307,正常
2026-05-31,1165843.9933,1401879.2,0.8316294252029705,0.5526859564373137,3.0314280267538307,正常
2026-06-30,1182497.8526,1401879.2,0.8435090930802027,0.5528526899676208,3.030782672357147,正常
2026-06-30,1182497.8526,1401879.2,0.8435090930802027,0.5528526899676208,3.030782672357147,正常
