date,ppi_available_date,ppi_yoy_pct,historical_q10,historical_q90,signal_score,signal_text,effective_date
2006-01-31,2006-02-20,3.05,,,0,中性,2007-01-15
2006-02-28,2006-03-20,3.01,,,0,中性,2007-01-15
2006-03-31,2006-04-20,2.49,,,0,中性,2007-01-15
2006-04-30,2006-05-20,1.87,,,0,中性,2007-01-15
2006-05-31,2006-06-20,2.43,,,0,中性,2007-01-15
2006-06-30,2006-07-20,3.52,,,0,中性,2007-01-15
2006-07-31,2006-08-20,3.58,,,0,中性,2007-01-15
2006-08-31,2006-09-20,3.4,,,0,中性,2007-01-15
2006-09-30,2006-10-20,3.45,,,0,中性,2007-01-15
2006-10-31,2006-11-20,2.9,,,0,中性,2007-01-15
2006-11-30,2006-12-20,2.78,,,0,中性,2007-01-15
2006-12-31,2007-01-20,3.05,,,0,中性,2007-01-22
2007-01-31,2007-02-20,3.3,,,0,中性,2007-02-26
2007-02-28,2007-03-20,2.6,,,0,中性,2007-03-21
2007-03-31,2007-04-20,2.65,,,0,中性,2007-04-23
2007-04-30,2007-05-20,2.87,,,0,中性,2007-05-21
2007-05-31,2007-06-20,2.76,,,0,中性,2007-06-21
2007-06-30,2007-07-20,2.49,,,0,中性,2007-07-23
2007-07-31,2007-08-20,2.39,,,0,中性,2007-08-21
2007-08-31,2007-09-20,2.56,,,0,中性,2007-09-21
2007-09-30,2007-10-20,2.71,,,0,中性,2007-10-22
2007-10-31,2007-11-20,3.21,,,0,中性,2007-11-21
2007-11-30,2007-12-20,4.55,,,0,中性,2007-12-21
2007-12-31,2008-01-20,5.43,,,0,中性,2008-01-21
2008-01-31,2008-02-20,6.07,,,0,中性,2008-02-21
2008-02-29,2008-03-20,6.62,,,0,中性,2008-03-21
2008-03-31,2008-04-20,7.95,,,0,中性,2008-04-21
2008-04-30,2008-05-20,8.12,,,0,中性,2008-05-21
2008-05-31,2008-06-20,8.22,,,0,中性,2008-06-23
2008-06-30,2008-07-20,8.84,,,0,中性,2008-07-21
2008-07-31,2008-08-20,10.03,,,0,中性,2008-08-21
2008-08-31,2008-09-20,10.06,,,0,中性,2008-09-22
2008-09-30,2008-10-20,9.13,,,0,中性,2008-10-21
2008-10-31,2008-11-20,6.59,,,0,中性,2008-11-21
2008-11-30,2008-12-20,1.99,,,0,中性,2008-12-22
2008-12-31,2009-01-20,-1.14,,,0,中性,2009-01-21
2009-01-31,2009-02-20,-3.35,2.41,8.530000000000001,1,看多：PPI处于历史低位,2009-02-23
2009-02-28,2009-03-20,-4.47,2.23,8.468,1,看多：PPI处于历史低位,2009-03-23
2009-03-31,2009-04-20,-5.99,1.954,8.406000000000002,1,看多：PPI处于历史低位,2009-04-21
2009-04-30,2009-05-20,-6.6,1.268000000000001,8.344000000000003,1,看多：PPI处于历史低位,2009-05-21
2009-05-31,2009-06-20,-7.2,-1.3609999999999993,8.282000000000002,1,看多：PPI处于历史低位,2009-06-22
2009-06-30,2009-07-20,-7.8,-3.35,8.22,1,看多：PPI处于历史低位,2009-07-21
2009-07-31,2009-08-20,-8.22,-4.357999999999999,8.21,1,看多：PPI处于历史低位,2009-08-21
2009-08-31,2009-09-20,-7.86,-5.686,8.200000000000001,1,看多：PPI处于历史低位,2009-09-21
2009-09-30,2009-10-20,-6.99,-6.417,8.190000000000001,1,看多：PPI处于历史低位,2009-10-21
2009-10-31,2009-11-20,-5.85,-6.834,8.18,0,中性,2009-11-23
2009-11-30,2009-12-20,-2.08,-6.795,8.17,0,中性,2009-12-21
2009-12-31,2010-01-20,1.7,-6.755999999999999,8.16,0,中性,2010-01-21
2010-01-31,2010-02-20,4.32,-6.717,8.15,0,中性,2010-02-22
2010-02-28,2010-03-20,5.39,-6.677999999999999,8.14,0,中性,2010-03-22
2010-03-31,2010-04-20,5.91,-6.638999999999999,8.129999999999999,0,中性,2010-04-21
2010-04-30,2010-05-20,6.81,-6.6,8.12,0,中性,2010-05-21
2010-05-31,2010-06-20,7.13,-6.539,8.103,0,中性,2010-06-21
2010-06-30,2010-07-20,6.41,-6.478,8.086,0,中性,2010-07-21
2010-07-31,2010-08-20,4.84,-6.417,8.069,0,中性,2010-08-23
2010-08-31,2010-09-20,4.32,-6.356,8.052,0,中性,2010-09-21
2010-09-30,2010-10-20,4.33,-6.295,8.035,0,中性,2010-10-21
2010-10-31,2010-11-20,5.04,-6.234,8.017999999999999,0,中性,2010-11-22
2010-11-30,2010-12-20,6.06,-6.173,8.001000000000001,0,中性,2010-12-21
2010-12-31,2011-01-20,5.93,-6.112,7.984000000000001,0,中性,2011-01-21
2011-01-31,2011-02-20,6.6436,-6.051,7.9670000000000005,0,中性,2011-02-21
2011-02-28,2011-03-20,7.2322,-5.99,7.95,0,中性,2011-03-21
2011-03-31,2011-04-20,7.3081,-5.976,7.878219999999999,0,中性,2011-04-21
2011-04-30,2011-05-20,6.821,-5.962,7.821620000000003,0,中性,2011-05-23
2011-05-31,2011-06-20,6.7851,-5.9479999999999995,7.757430000000002,0,中性,2011-06-21
2011-06-30,2011-07-20,7.1209,-5.934,7.693240000000001,0,中性,2011-07-21
2011-07-31,2011-08-20,7.5417,-5.92,7.629049999999999,0,中性,2011-08-22
2011-08-31,2011-09-20,7.2528,-5.906,7.705019999999999,0,中性,2011-09-21
2011-09-30,2011-10-20,6.5227,-5.8919999999999995,7.664190000000001,0,中性,2011-10-21
2011-10-31,2011-11-20,5.0038,-5.877999999999999,7.623360000000001,0,中性,2011-11-21
2011-11-30,2011-12-20,2.7179,-5.864,7.58253,0,中性,2011-12-21
2011-12-31,2012-01-20,1.6854,-5.85,7.5417,0,中性,2012-01-30
2012-01-31,2012-02-20,0.7347,-5.711999999999999,7.518339999999999,0,中性,2012-02-21
2012-02-29,2012-03-20,0.0284,-5.574,7.494979999999999,0,中性,2012-03-21
2012-03-31,2012-04-20,-0.3171,-5.435999999999999,7.471620000000001,0,中性,2012-04-23
2012-04-30,2012-05-20,-0.6984,-5.297999999999999,7.448260000000001,0,中性,2012-05-21
2012-05-31,2012-06-20,-1.3981,-5.16,7.424899999999999,0,中性,2012-06-21
2012-06-30,2012-07-20,-2.0843,-5.021999999999999,7.401540000000001,0,中性,2012-07-23
2012-07-31,2012-08-20,-2.8651,-4.8839999999999995,7.378179999999999,0,中性,2012-08-21
2012-08-31,2012-09-20,-3.4784,-4.745999999999999,7.35482,0,中性,2012-09-21
2012-09-30,2012-10-20,-3.5545,-4.607999999999999,7.331460000000002,0,中性,2012-10-22
2012-10-31,2012-11-20,-2.7558,-4.47,7.3081,0,中性,2012-11-21
2012-11-30,2012-12-20,-2.1995,-4.37845,7.30257,0,中性,2012-12-21
2012-12-31,2013-01-20,-1.9397,-4.286899999999999,7.297039999999999,0,中性,2013-01-21
2013-01-31,2013-02-20,-1.6372,-4.1953499999999995,7.29151,0,中性,2013-02-21
2013-02-28,2013-03-20,-1.6254,-4.1038,7.28598,0,中性,2013-03-21
2013-03-31,2013-04-20,-1.919,-4.01225,7.28045,0,中性,2013-04-22
2013-04-30,2013-05-20,-2.6175,-3.9207,7.27492,0,中性,2013-05-21
2013-05-31,2013-06-20,-2.8658,-3.829149999999999,7.26939,0,中性,2013-06-21
2013-06-30,2013-07-20,-2.6965,-3.737599999999999,7.26386,0,中性,2013-07-22
2013-07-31,2013-08-20,-2.2712,-3.64605,7.25833,0,中性,2013-08-21
2013-08-31,2013-09-20,-1.625,-3.5545,7.2528,0,中性,2013-09-23
2013-09-30,2013-10-20,-1.3439,-3.54689,7.2507399999999995,0,中性,2013-10-21
2013-10-31,2013-11-20,-1.5071,-3.5392799999999998,7.248679999999999,0,中性,2013-11-21
2013-11-30,2013-12-20,-1.4242,-3.53167,7.24662,0,中性,2013-12-23
2013-12-31,2014-01-20,-1.3557,-3.52406,7.24456,0,中性,2014-01-21
2014-01-31,2014-02-20,-1.6394,-3.51645,7.2425,0,中性,2014-02-21
2014-02-28,2014-03-20,-2.0182,-3.50884,7.2404399999999995,0,中性,2014-03-21
2014-03-31,2014-04-20,-2.3022,-3.50123,7.238379999999999,0,中性,2014-04-21
2014-04-30,2014-05-20,-2.0042,-3.49362,7.23632,0,中性,2014-05-21
2014-05-31,2014-06-20,-1.4464,-3.4860100000000003,7.23426,0,中性,2014-06-23
2014-06-30,2014-07-20,-1.1086,-3.4784,7.2322,0,中性,2014-07-21
2014-07-31,2014-08-20,-0.8688,-3.46556,7.22198,0,中性,2014-08-21
2014-08-31,2014-09-20,-1.2038,-3.45272,7.211759999999999,0,中性,2014-09-22
2014-09-30,2014-10-20,-1.7996,-3.43988,7.2015400000000005,0,中性,2014-10-21
2014-10-31,2014-11-20,-2.2428,-3.42704,7.191320000000001,0,中性,2014-11-21
2014-11-30,2014-12-20,-2.6928,-3.4142,7.1811,0,中性,2014-12-22
2014-12-31,2015-01-20,-3.3152,-3.40136,7.17088,0,中性,2015-01-21
2015-01-31,2015-02-20,-4.3202,-3.3885199999999998,7.160659999999999,1,看多：PPI处于历史低位,2015-02-25
2015-02-28,2015-03-20,-4.7976,-3.49362,7.150440000000001,1,看多：PPI处于历史低位,2015-03-23
2015-03-31,2015-04-20,-4.5603,-3.63107,7.140220000000001,1,看多：PPI处于历史低位,2015-04-21
2015-04-30,2015-05-20,-4.5725,-4.3202,7.13,1,看多：PPI处于历史低位,2015-05-21
2015-05-31,2015-06-20,-4.607,-4.455019999999999,7.12909,1,看多：PPI处于历史低位,2015-06-23
2015-06-30,2015-07-20,-4.8135,-4.54224,7.1281799999999995,1,看多：PPI处于历史低位,2015-07-21
2015-07-31,2015-08-20,-5.3692,-4.56884,7.12727,1,看多：PPI处于历史低位,2015-08-21
2015-08-31,2015-09-20,-5.9227,-4.5932,7.12636,1,看多：PPI处于历史低位,2015-09-21
2015-09-30,2015-10-20,-5.945,-4.7023,7.12545,1,看多：PPI处于历史低位,2015-10-21
2015-10-31,2015-11-20,-5.9,-4.80396,7.12454,1,看多：PPI处于历史低位,2015-11-23
2015-11-30,2015-12-20,-5.9,-4.98021,7.1236299999999995,1,看多：PPI处于历史低位,2015-12-21
2015-12-31,2016-01-20,-5.9,-5.4653599999999996,7.12272,1,看多：PPI处于历史低位,2016-01-21
2016-01-31,2016-02-20,-5.3,-5.8549999999999995,7.12181,0,中性,2016-02-22
2016-02-29,2016-03-20,-4.9,-5.85,7.1209,0,中性,2016-03-21
2016-03-31,2016-04-20,-4.3,-5.801919999999999,7.090910000000002,0,中性,2016-04-21
2016-04-30,2016-05-20,-3.4,-5.753839999999999,7.0609199999999985,0,中性,2016-05-23
2016-05-31,2016-06-20,-2.8,-5.70576,7.030930000000001,0,中性,2016-06-21
2016-06-30,2016-07-20,-2.6,-5.65768,7.000940000000003,0,中性,2016-07-21
2016-07-31,2016-08-20,-1.7,-5.6096,6.97095,0,中性,2016-08-22
2016-08-31,2016-09-20,-0.8,-5.561519999999999,6.940960000000001,0,中性,2016-09-21
2016-09-30,2016-10-20,0.1,-5.513439999999999,6.910969999999999,0,中性,2016-10-21
2016-10-31,2016-11-20,1.2,-5.4653599999999996,6.880980000000001,0,中性,2016-11-21
2016-11-30,2016-12-20,3.3,-5.41728,6.850990000000002,0,中性,2016-12-21
2016-12-31,2017-01-20,5.5,-5.3692,6.821,0,中性,2017-01-23
2017-01-31,2017-02-20,6.9,-5.36228,6.8199,-1,看空：PPI处于历史高位,2017-02-21
2017-02-28,2017-03-20,7.8,-5.35536,6.8842,-1,看空：PPI处于历史高位,2017-03-21
2017-03-31,2017-04-20,7.6,-5.34844,7.05463,-1,看空：PPI处于历史高位,2017-04-21
2017-04-30,2017-05-20,6.4,-5.34152,7.12636,0,中性,2017-05-22
2017-05-31,2017-06-20,5.5,-5.3346,7.12545,0,中性,2017-06-21
2017-06-30,2017-07-20,5.5,-5.32768,7.12454,0,中性,2017-07-21
2017-07-31,2017-08-20,5.5,-5.32076,7.1236299999999995,0,中性,2017-08-21
2017-08-31,2017-09-20,6.3,-5.31384,7.12272,0,中性,2017-09-21
2017-09-30,2017-10-20,6.9,-5.30692,7.12181,0,中性,2017-10-23
2017-10-31,2017-11-20,6.9,-5.3,7.1209,0,中性,2017-11-21
2017-11-30,2017-12-20,5.8,-5.259999999999999,7.098810000000001,0,中性,2017-12-21
2017-12-31,2018-01-20,4.9,-5.22,7.076719999999999,0,中性,2018-01-22
2018-01-31,2018-02-20,4.3,-5.18,7.054630000000004,0,中性,2018-02-22
2018-02-28,2018-03-20,3.7,-5.14,7.032539999999999,0,中性,2018-03-21
2018-03-31,2018-04-20,3.1,-5.1,7.0104500000000005,0,中性,2018-04-23
2018-04-30,2018-05-20,3.4,-5.06,6.988360000000001,0,中性,2018-05-21
2018-05-31,2018-06-20,4.1,-5.02,6.966270000000002,0,中性,2018-06-21
2018-06-30,2018-07-20,4.7,-4.98,6.944180000000004,0,中性,2018-07-23
2018-07-31,2018-08-20,4.6,-4.94,6.922089999999999,0,中性,2018-08-21
2018-08-31,2018-09-20,4.1,-4.9,6.9,0,中性,2018-09-21
2018-09-30,2018-10-20,3.6,-4.89135,6.9,0,中性,2018-10-22
2018-10-31,2018-11-20,3.3,-4.8827,6.9,0,中性,2018-11-21
2018-11-30,2018-12-20,2.7,-4.87405,6.9,0,中性,2018-12-21
2018-12-31,2019-01-20,0.9,-4.8654,6.9,0,中性,2019-01-21
2019-01-31,2019-02-20,0.1,-4.85675,6.9,0,中性,2019-02-21
2019-02-28,2019-03-20,0.1,-4.8481000000000005,6.9,0,中性,2019-03-21
2019-03-31,2019-04-20,0.4,-4.83945,6.9,0,中性,2019-04-22
2019-04-30,2019-05-20,0.9,-4.8308,6.9,0,中性,2019-05-21
2019-05-31,2019-06-20,0.6,-4.822150000000001,6.9,0,中性,2019-06-21
2019-06-30,2019-07-20,0.0,-4.8135,6.9,0,中性,2019-07-22
2019-07-31,2019-08-20,-0.3,-4.81191,6.9,0,中性,2019-08-21
2019-08-31,2019-09-20,-0.8,-4.81032,6.9,0,中性,2019-09-23
2019-09-30,2019-10-20,-1.2,-4.808730000000001,6.9,0,中性,2019-10-21
2019-10-31,2019-11-20,-1.6,-4.80714,6.9,0,中性,2019-11-21
2019-11-30,2019-12-20,-1.4,-4.80555,6.9,0,中性,2019-12-23
2019-12-31,2020-01-20,-0.5,-4.80396,6.9,0,中性,2020-01-21
2020-01-31,2020-02-20,0.1,-4.80237,6.9,0,中性,2020-02-21
2020-02-29,2020-03-20,-0.4,-4.8007800000000005,6.9,0,中性,2020-03-23
2020-03-31,2020-04-20,-1.5,-4.79919,6.9,0,中性,2020-04-21
2020-04-30,2020-05-20,-3.1,-4.7976,6.9,0,中性,2020-05-21
2020-05-31,2020-06-20,-3.7,-4.77854,6.892100000000001,0,中性,2020-06-22
2020-06-30,2020-07-20,-3.0,-4.75948,6.884200000000001,0,中性,2020-07-21
2020-07-31,2020-08-20,-2.4,-4.74042,6.876300000000001,0,中性,2020-08-21
2020-08-31,2020-09-20,-2.0,-4.72136,6.868399999999999,0,中性,2020-09-21
2020-09-30,2020-10-20,-2.1,-4.7023,6.8605,0,中性,2020-10-21
2020-10-31,2020-11-20,-2.1,-4.68324,6.852600000000001,0,中性,2020-11-23
2020-11-30,2020-12-20,-1.5,-4.66418,6.8447000000000005,0,中性,2020-12-21
2020-12-31,2021-01-20,-0.4,-4.64512,6.836800000000001,0,中性,2021-01-21
2021-01-31,2021-02-20,0.3,-4.62606,6.828899999999999,0,中性,2021-02-22
2021-02-28,2021-03-20,1.7,-4.607,6.821,0,中性,2021-03-22
2021-03-31,2021-04-20,4.4,-4.60355,6.8199,0,中性,2021-04-21
2021-04-30,2021-05-20,6.8,-4.6001,6.8187999999999995,0,中性,2021-05-21
2021-05-31,2021-06-20,9.0,-4.59665,6.8177,-1,看空：PPI处于历史高位,2021-06-21
2021-06-30,2021-07-20,8.8,-4.5932,6.868399999999999,-1,看空：PPI处于历史高位,2021-07-21
2021-07-31,2021-08-20,9.0,-4.58975,6.9,-1,看空：PPI处于历史高位,2021-08-23
2021-08-31,2021-09-20,9.5,-4.5863,6.9,-1,看空：PPI处于历史高位,2021-09-22
2021-09-30,2021-10-20,10.7,-4.58285,6.966270000000002,-1,看空：PPI处于历史高位,2021-10-21
2021-10-31,2021-11-20,13.5,-4.5794,7.12272,-1,看空：PPI处于历史高位,2021-11-22
2021-11-30,2021-12-20,12.9,-4.57595,7.140219999999999,-1,看空：PPI处于历史高位,2021-12-21
2021-12-31,2022-01-20,10.3,-4.5725,7.2322,-1,看空：PPI处于历史高位,2022-01-21
2022-01-31,2022-02-20,9.1,-4.57128,7.2507399999999995,-1,看空：PPI处于历史高位,2022-02-21
2022-02-28,2022-03-20,8.8,-4.57006,7.29704,-1,看空：PPI处于历史高位,2022-03-21
2022-03-31,2022-04-20,8.3,-4.56884,7.471620000000003,-1,看空：PPI处于历史高位,2022-04-21
2022-04-30,2022-05-20,8.0,-4.56762,7.57668,-1,看空：PPI处于历史高位,2022-05-23
2022-05-31,2022-06-20,6.4,-4.5664,7.699999999999999,0,中性,2022-06-21
2022-06-30,2022-07-20,6.1,-4.56518,7.680000000000001,0,中性,2022-07-21
2022-07-31,2022-08-20,4.2,-4.56396,7.660000000000002,0,中性,2022-08-22
2022-08-31,2022-09-20,2.3,-4.56274,7.640000000000003,0,中性,2022-09-21
2022-09-30,2022-10-20,0.9,-4.56152,7.619999999999998,0,中性,2022-10-21
2022-10-31,2022-11-20,-1.3,-4.5603,7.6,0,中性,2022-11-21
2022-11-30,2022-12-20,-1.3,-4.55127,7.59417,0,中性,2022-12-21
2022-12-31,2023-01-20,-0.7,-4.54224,7.5883400000000005,0,中性,2023-01-30
2023-01-31,2023-02-20,-0.8,-4.5332099999999995,7.582510000000001,0,中性,2023-02-21
2023-02-28,2023-03-20,-1.4,-4.524179999999999,7.57668,0,中性,2023-03-21
2023-03-31,2023-04-20,-2.5,-4.51515,7.57085,0,中性,2023-04-21
2023-04-30,2023-05-20,-3.6,-4.506119999999999,7.56502,0,中性,2023-05-22
2023-05-31,2023-06-20,-4.6,-4.497089999999999,7.55919,1,看多：PPI处于历史低位,2023-06-21
2023-06-30,2023-07-20,-5.4,-4.56274,7.5533600000000005,1,看多：PPI处于历史低位,2023-07-21
2023-07-31,2023-08-20,-4.4,-4.57525,7.547529999999999,0,中性,2023-08-21
2023-08-31,2023-09-20,-3.0,-4.5725,7.5417,0,中性,2023-09-21
2023-09-30,2023-10-20,-2.5,-4.57128,7.518340000000001,0,中性,2023-10-23
2023-10-31,2023-11-20,-2.6,-4.57006,7.494980000000003,0,中性,2023-11-21
2023-11-30,2023-12-20,-3.0,-4.56884,7.471620000000003,0,中性,2023-12-21
2023-12-31,2024-01-20,-2.7,-4.56762,7.4482599999999985,0,中性,2024-01-22
2024-01-31,2024-02-20,-2.5,-4.5664,7.424899999999999,0,中性,2024-02-21
2024-02-29,2024-03-20,-2.7,-4.56518,7.401540000000001,0,中性,2024-03-21
2024-03-31,2024-04-20,-2.8,-4.56396,7.378180000000002,0,中性,2024-04-22
2024-04-30,2024-05-20,-2.5,-4.56274,7.354820000000004,0,中性,2024-05-21
2024-05-31,2024-06-20,-1.4,-4.56152,7.331459999999998,0,中性,2024-06-21
2024-06-30,2024-07-20,-0.8,-4.5603,7.3081,0,中性,2024-07-22
2024-07-31,2024-08-20,-0.8,-4.55127,7.30257,0,中性,2024-08-21
2024-08-31,2024-09-20,-1.8,-4.54224,7.29704,0,中性,2024-09-23
2024-09-30,2024-10-20,-2.8,-4.5332099999999995,7.291510000000001,0,中性,2024-10-21
2024-10-31,2024-11-20,-2.9,-4.524179999999999,7.2859799999999995,0,中性,2024-11-21
2024-11-30,2024-12-20,-2.5,-4.51515,7.28045,0,中性,2024-12-23
2024-12-31,2025-01-20,-2.3,-4.506119999999999,7.27492,0,中性,2025-01-21
2025-01-31,2025-02-20,-2.3,-4.497089999999999,7.2693900000000005,0,中性,2025-02-21
2025-02-28,2025-03-20,-2.2,-4.48806,7.26386,0,中性,2025-03-21
2025-03-31,2025-04-20,-2.5,-4.47903,7.258329999999999,0,中性,2025-04-21
2025-04-30,2025-05-20,-2.7,-4.47,7.2528,0,中性,2025-05-21
2025-05-31,2025-06-20,-3.3,-4.463,7.2507399999999995,0,中性,2025-06-23
2025-06-30,2025-07-20,-3.6,-4.4559999999999995,7.24868,0,中性,2025-07-21
2025-07-31,2025-08-20,-3.6,-4.449,7.24662,0,中性,2025-08-21
2025-08-31,2025-09-20,-2.9,-4.442,7.24456,0,中性,2025-09-22
2025-09-30,2025-10-20,-2.3,-4.4350000000000005,7.2425,0,中性,2025-10-21
2025-10-31,2025-11-20,-2.1,-4.428,7.2404399999999995,0,中性,2025-11-21
2025-11-30,2025-12-20,-2.2,-4.421,7.23838,0,中性,2025-12-22
2025-12-31,2026-01-20,-1.9,-4.414000000000001,7.23632,0,中性,2026-01-21
2026-01-31,2026-02-20,-1.4,-4.407,7.23426,0,中性,2026-02-24
2026-02-28,2026-03-20,-0.9,-4.4,7.2322,0,中性,2026-03-23
2026-03-31,2026-04-20,0.5,-4.3920200000000005,7.22198,0,中性,2026-04-21
2026-04-30,2026-05-20,2.8,-4.38404,7.211760000000001,0,中性,2026-05-21
2026-05-31,2026-06-20,3.9,-4.37606,7.201540000000001,0,中性,2026-06-22
2026-06-30,2026-07-20,4.1,-4.36808,7.191319999999999,0,中性,2026-07-21
2026-07-31,2026-08-20,3.5,-4.3601,7.1811,0,中性,2026-08-21
