date,new_investors_10k,available_date,previous_6m_max,reversal_event,signal_score,signal_text,effective_date
2015-04-30,497.53,2015-05-30,,False,,未触发,2015-06-01
2015-05-31,415.87,2015-06-30,,False,,未触发,2015-07-01
2015-06-30,464.22,2015-07-30,,False,,未触发,2015-07-31
2015-07-31,204.87,2015-08-30,,False,,未触发,2015-08-31
2015-08-31,136.85,2015-09-30,,False,,未触发,2015-10-08
2015-09-30,108.32,2015-10-30,,False,,未触发,2015-11-02
2015-10-31,106.42,2015-11-30,497.53,False,,未触发,2015-12-01
2015-11-30,147.19,2015-12-30,464.22,False,,未触发,2015-12-31
2015-12-31,141.73,2016-01-30,464.22,False,,未触发,2016-02-01
2016-01-31,135.09,2016-03-01,204.87,False,,未触发,2016-03-02
2016-02-29,115.46,2016-03-30,147.19,False,,未触发,2016-03-31
2016-03-31,229.21,2016-04-30,147.19,True,,反转预警：方向需结合此前市场趋势,2016-05-03
2016-04-30,155.12,2016-05-30,229.21,False,,未触发,2016-05-31
2016-05-31,142.14,2016-06-30,229.21,False,,未触发,2016-07-01
2016-06-30,142.09,2016-07-30,229.21,False,,未触发,2016-08-01
2016-07-31,130.62,2016-08-30,229.21,False,,未触发,2016-08-31
2016-08-31,219.9,2016-09-30,229.21,False,,未触发,2016-10-10
2016-09-30,185.38,2016-10-30,229.21,False,,未触发,2016-10-31
2016-10-31,131.02,2016-11-30,219.9,False,,未触发,2016-12-01
2016-11-30,174.8,2016-12-30,219.9,False,,未触发,2017-01-03
2016-12-31,139.69,2017-01-30,219.9,False,,未触发,2017-02-03
2017-01-31,95.63,2017-03-02,219.9,False,,未触发,2017-03-03
2017-02-28,151.5,2017-03-30,219.9,False,,未触发,2017-03-31
2017-03-31,233.41,2017-04-30,185.38,True,,反转预警：方向需结合此前市场趋势,2017-05-02
2017-04-30,128.32,2017-05-30,233.41,False,,未触发,2017-05-31
2017-05-31,124.47,2017-06-30,233.41,False,,未触发,2017-07-03
2017-06-30,132.98,2017-07-30,233.41,False,,未触发,2017-07-31
2017-07-31,121.35,2017-08-30,233.41,False,,未触发,2017-08-31
2017-08-31,151.2,2017-09-30,233.41,False,,未触发,2017-10-09
2017-09-30,132.7,2017-10-30,233.41,False,,未触发,2017-10-31
2017-10-31,96.47,2017-11-30,151.2,False,,未触发,2017-12-01
2017-11-30,122.01,2017-12-30,151.2,False,,未触发,2018-01-02
2017-12-31,97.23,2018-01-30,151.2,False,,未触发,2018-01-31
2018-01-31,122.82,2018-03-02,151.2,False,,未触发,2018-03-05
2018-02-28,74.24,2018-03-30,151.2,False,,未触发,2018-04-02
2018-03-31,155.79,2018-04-30,132.7,True,,反转预警：方向需结合此前市场趋势,2018-05-02
2018-04-30,96.89,2018-05-30,155.79,False,,未触发,2018-05-31
2018-05-31,110.31,2018-06-30,155.79,False,,未触发,2018-07-02
2018-06-30,103.08,2018-07-30,155.79,False,,未触发,2018-07-31
2018-07-31,109.82,2018-08-30,155.79,False,,未触发,2018-08-31
2018-08-31,107.06,2018-09-30,155.79,False,,未触发,2018-10-08
2018-09-30,90.99,2018-10-30,155.79,False,,未触发,2018-10-31
2018-10-31,90.83,2018-11-30,110.31,False,,未触发,2018-12-03
2018-11-30,104.97,2018-12-30,110.31,False,,未触发,2019-01-02
2018-12-31,85.34,2019-01-30,109.82,False,,未触发,2019-01-31
2019-01-31,102.37,2019-03-02,109.82,False,,未触发,2019-03-04
2019-02-28,99.65,2019-03-30,107.06,False,,未触发,2019-04-01
2019-03-31,202.48,2019-04-30,104.97,True,,反转预警：方向需结合此前市场趋势,2019-05-06
2019-04-30,153.11,2019-05-30,202.48,False,,未触发,2019-05-31
2019-05-31,115.26,2019-06-30,202.48,False,,未触发,2019-07-01
2019-06-30,105.58,2019-07-30,202.48,False,,未触发,2019-07-31
2019-07-31,108.49,2019-08-30,202.48,False,,未触发,2019-09-02
2019-08-31,98.62,2019-09-30,202.48,False,,未触发,2019-10-08
2019-09-30,96.28,2019-10-30,202.48,False,,未触发,2019-10-31
2019-10-31,79.38,2019-11-30,153.11,False,,未触发,2019-12-02
2019-11-30,82.65,2019-12-30,115.26,False,,未触发,2019-12-31
2019-12-31,80.93,2020-01-30,108.49,False,,未触发,2020-02-03
2020-01-31,80.07,2020-03-01,108.49,False,,未触发,2020-03-02
2020-02-29,89.54,2020-03-30,98.62,False,,未触发,2020-03-31
2020-03-31,189.12,2020-04-30,96.28,True,,反转预警：方向需结合此前市场趋势,2020-05-06
2020-04-30,164.04,2020-05-30,189.12,False,,未触发,2020-06-01
2020-05-31,121.41,2020-06-30,189.12,False,,未触发,2020-07-01
2020-06-30,154.9,2020-07-30,189.12,False,,未触发,2020-07-31
2020-07-31,242.63,2020-08-30,189.12,True,,反转预警：方向需结合此前市场趋势,2020-08-31
2020-08-31,179.51,2020-09-30,242.63,False,,未触发,2020-10-09
2020-09-30,154.13,2020-10-30,242.63,False,,未触发,2020-11-02
2020-10-31,112.01,2020-11-30,242.63,False,,未触发,2020-12-01
2020-11-30,152.71,2020-12-30,242.63,False,,未触发,2020-12-31
2020-12-31,162.18,2021-01-30,242.63,False,,未触发,2021-02-01
2021-01-31,209.43,2021-03-02,242.63,False,,未触发,2021-03-03
2021-02-28,160.94,2021-03-30,209.43,False,,未触发,2021-03-31
2021-03-31,247.74,2021-04-30,209.43,True,,反转预警：方向需结合此前市场趋势,2021-05-06
2021-04-30,169.14,2021-05-30,247.74,False,,未触发,2021-05-31
2021-05-31,141.22,2021-06-30,247.74,False,,未触发,2021-07-01
2021-06-30,155.52,2021-07-30,247.74,False,,未触发,2021-08-02
2021-07-31,160.89,2021-08-30,247.74,False,,未触发,2021-08-31
2021-08-31,187.46,2021-09-30,247.74,False,,未触发,2021-10-08
2021-09-30,161.82,2021-10-30,247.74,False,,未触发,2021-11-01
2021-10-31,98.07,2021-11-30,187.46,False,,未触发,2021-12-01
2021-11-30,133.75,2021-12-30,187.46,False,,未触发,2021-12-31
2021-12-31,137.38,2022-01-30,187.46,False,,未触发,2022-02-07
2022-01-31,132.43,2022-03-02,187.46,False,,未触发,2022-03-03
2022-02-28,141.46,2022-03-30,187.46,False,,未触发,2022-03-31
2022-03-31,230.2,2022-04-30,161.82,True,,反转预警：方向需结合此前市场趋势,2022-05-05
2022-04-30,125.67,2022-05-30,230.2,False,,未触发,2022-05-31
2022-05-31,120.26,2022-06-30,230.2,False,,未触发,2022-07-01
2022-06-30,133.03,2022-07-30,230.2,False,,未触发,2022-08-01
2022-07-31,113.21,2022-08-30,230.2,False,,未触发,2022-08-31
2022-08-31,124.6,2022-09-30,230.2,False,,未触发,2022-10-10
2022-09-30,103.05,2022-10-30,230.2,False,,未触发,2022-10-31
2022-10-31,80.29,2022-11-30,133.03,False,,未触发,2022-12-01
2022-11-30,97.32,2022-12-30,133.03,False,,未触发,2023-01-03
2022-12-31,71.24,2023-01-30,133.03,False,,未触发,2023-01-31
2023-01-31,84.48,2023-03-02,124.6,False,,未触发,2023-03-03
2023-02-28,167.68,2023-03-30,124.6,True,,反转预警：方向需结合此前市场趋势,2023-03-31
2023-03-31,189.62,2023-04-30,167.68,True,,反转预警：方向需结合此前市场趋势,2023-05-04
2023-04-30,100.19,2023-05-30,189.62,False,,未触发,2023-05-31
2023-05-31,97.26,2023-06-30,189.62,False,,未触发,2023-07-03
2023-06-30,98.13,2023-07-30,189.62,False,,未触发,2023-07-31
2023-07-31,91.03,2023-08-30,189.62,False,,未触发,2023-08-31
2023-08-31,99.59,2023-09-30,189.62,False,,未触发,2023-10-09
