曲线名称,日期,3月,6月,1年,3年,5年,7年,10年,30年
中债中短期票据收益率曲线(AAA),2020-02-04,2.8939,2.8998,2.9158,3.197,3.4503,3.7153,3.9597,
中债商业银行普通债收益率曲线(AAA),2020-02-04,2.7215,2.737,2.8042,2.9979,3.312,3.5849,3.8158,4.2435
中债国债收益率曲线,2020-02-04,1.7475,1.763,2.1,2.4056,2.6399,2.7906,2.8551,3.4488
中债国债收益率曲线,2020-02-05,1.7475,1.7667,2.0773,2.4264,2.6348,2.7893,2.844,3.446
中债中短期票据收益率曲线(AAA),2020-02-05,2.7991,2.8975,2.9118,3.1949,3.4609,3.7157,3.9601,
中债商业银行普通债收益率曲线(AAA),2020-02-05,2.6868,2.7291,2.7947,3.0239,3.3126,3.5853,3.8162,4.2433
中债国债收益率曲线,2020-02-06,1.7496,1.7667,2.0593,2.4327,2.6353,2.7844,2.8392,3.4437
中债中短期票据收益率曲线(AAA),2020-02-06,2.7697,2.8499,2.9104,3.207,3.451,3.7117,3.954,
中债商业银行普通债收益率曲线(AAA),2020-02-06,2.6033,2.6842,2.821,3.0377,3.3231,3.5813,3.8154,4.2422
中债国债收益率曲线,2020-02-07,1.6786,1.68,2.0525,2.4039,2.5917,2.7666,2.8024,3.4059
中债中短期票据收益率曲线(AAA),2020-02-07,2.7555,2.7801,2.8506,3.1976,3.441,3.7015,3.9438,
中债商业银行普通债收益率曲线(AAA),2020-02-07,2.6015,2.6704,2.7949,3.0184,3.3119,3.5711,3.8052,4.243
中债中短期票据收益率曲线(AAA),2020-02-10,2.7066,2.7467,2.8234,3.1725,3.41,3.6744,3.9091,
中债商业银行普通债收益率曲线(AAA),2020-02-10,2.529,2.6206,2.8011,2.9883,3.2879,3.544,3.7705,4.229
中债国债收益率曲线,2020-02-10,1.6272,1.6641,2.0,2.3851,2.5642,2.756,2.7872,3.3993
中债中短期票据收益率曲线(AAA),2020-02-11,2.6832,2.728,2.8384,3.1625,3.4152,3.6514,3.8842,
中债商业银行普通债收益率曲线(AAA),2020-02-11,2.4754,2.5907,2.7648,2.97,3.2819,3.5319,3.7602,4.2262
中债国债收益率曲线,2020-02-11,1.6263,1.684,1.99,2.4153,2.5956,2.7803,2.834,3.4363
中债国债收益率曲线,2020-02-12,1.657,1.7046,1.99,2.4223,2.6067,2.7887,2.8333,3.4389
中债中短期票据收益率曲线(AAA),2020-02-12,2.6629,2.7202,2.7955,3.1302,3.3933,3.6414,3.8861,
中债商业银行普通债收益率曲线(AAA),2020-02-12,2.4379,2.5687,2.7515,2.9508,3.2786,3.5119,3.7621,4.2391
中债中短期票据收益率曲线(AAA),2020-02-13,2.6301,2.6862,2.779,3.1226,3.3857,3.623,3.8695,
中债商业银行普通债收益率曲线(AAA),2020-02-13,2.4822,2.5825,2.7415,2.9519,3.271,3.4935,3.7455,4.2391
中债国债收益率曲线,2020-02-13,1.6325,1.7366,1.981,2.4218,2.6076,2.7867,2.8201,3.432
中债中短期票据收益率曲线(AAA),2020-02-14,2.6114,2.7035,2.7579,3.1048,3.3777,3.6115,3.858,
中债商业银行普通债收益率曲线(AAA),2020-02-14,2.4565,2.5661,2.7334,2.922,3.263,3.4935,3.7451,4.2387
中债国债收益率曲线,2020-02-14,1.6712,1.7977,1.9613,2.4225,2.6229,2.7977,2.8631,3.4659
中债国债收益率曲线,2020-02-17,1.705,1.815,1.9358,2.4389,2.6545,2.8151,2.8928,3.4998
中债商业银行普通债收益率曲线(AAA),2020-02-17,2.4411,2.5444,2.7001,2.932,3.2667,3.4971,3.7501,4.2351
中债中短期票据收益率曲线(AAA),2020-02-17,2.6042,2.6907,2.7667,3.0934,3.3813,3.6151,3.863,
中债国债收益率曲线,2020-02-18,1.744,1.8151,1.9358,2.4303,2.6473,2.8199,2.8664,3.4748
中债中短期票据收益率曲线(AAA),2020-02-18,2.6091,2.6807,2.7614,3.0834,3.3815,3.6153,3.8632,
中债商业银行普通债收益率曲线(AAA),2020-02-18,2.431,2.5457,2.6747,2.912,3.2567,3.4974,3.7504,4.2353
中债中短期票据收益率曲线(AAA),2020-02-19,2.6063,2.6855,2.7614,3.0712,3.3671,3.5856,3.8368,
中债商业银行普通债收益率曲线(AAA),2020-02-19,2.4111,2.5533,2.6754,2.912,3.2595,3.4677,3.724,4.2353
中债国债收益率曲线,2020-02-19,1.7535,1.7999,1.9365,2.4395,2.6545,2.8468,2.8776,3.4748
中债中短期票据收益率曲线(AAA),2020-02-20,2.5807,2.6797,2.7452,3.0506,3.3721,3.5727,3.8239,
中债商业银行普通债收益率曲线(AAA),2020-02-20,2.4033,2.5389,2.7158,2.9224,3.2495,3.4548,3.7111,4.2353
中债国债收益率曲线,2020-02-20,1.7741,1.8093,1.9459,2.4268,2.6834,2.8483,2.8857,3.4999
中债商业银行普通债收益率曲线(AAA),2020-02-21,2.4038,2.5361,2.7063,2.9231,3.2517,3.4459,3.7107,4.2349
中债国债收益率曲线,2020-02-21,1.7744,1.8031,1.9309,2.4068,2.6634,2.8332,2.847,3.46
中债中短期票据收益率曲线(AAA),2020-02-21,2.5719,2.6651,2.7502,3.0539,3.3775,3.5638,3.8235,
中债中短期票据收益率曲线(AAA),2020-02-24,2.571,2.6348,2.7328,3.0519,3.3637,3.5408,3.8005,
中债商业银行普通债收益率曲线(AAA),2020-02-24,2.3746,2.5361,2.7361,2.9231,3.2392,3.4229,3.6877,4.2349
中债国债收益率曲线,2020-02-24,1.7795,1.8174,1.8853,2.3948,2.6311,2.8199,2.812,3.4309
中债国债收益率曲线,2020-02-25,1.7715,1.8401,1.8951,2.3835,2.6384,2.82,2.822,3.4421
中债中短期票据收益率曲线(AAA),2020-02-25,2.5657,2.642,2.7102,3.0402,3.3705,3.5291,3.7808,
中债商业银行普通债收益率曲线(AAA),2020-02-25,2.3733,2.5771,2.7256,2.9231,3.2392,3.4112,3.668,4.2252
中债国债收益率曲线,2020-02-26,1.7556,1.8488,1.8863,2.3835,2.6283,2.8196,2.7973,3.4271
中债中短期票据收益率曲线(AAA),2020-02-26,2.5545,2.6469,2.6943,3.0231,3.3614,3.52,3.7808,
中债商业银行普通债收益率曲线(AAA),2020-02-26,2.3514,2.5171,2.6756,2.9131,3.2317,3.4021,3.668,4.2252
中债中短期票据收益率曲线(AAA),2020-02-27,2.5076,2.5963,2.6732,3.0131,3.3217,3.5051,3.766,
中债商业银行普通债收益率曲线(AAA),2020-02-27,2.3508,2.4742,2.6256,2.9176,3.2024,3.3873,3.6531,4.2103
中债国债收益率曲线,2020-02-27,1.751,1.8922,1.9051,2.3821,2.5953,2.8044,2.7702,3.404
中债中短期票据收益率曲线(AAA),2020-02-28,2.5076,2.5787,2.6624,3.0154,3.3028,3.4851,3.7465,
中债商业银行普通债收益率曲线(AAA),2020-02-28,2.3454,2.483,2.6025,2.8808,3.1732,3.3673,3.6336,4.1911
中债国债收益率曲线,2020-02-28,1.7865,1.8894,1.9291,2.3831,2.5266,2.7477,2.7376,3.3726
中债中短期票据收益率曲线(AAA),2020-03-02,2.5159,2.5595,2.6636,3.0017,3.2828,3.4494,3.7166,
中债商业银行普通债收益率曲线(AAA),2020-03-02,2.3205,2.4714,2.5934,2.8808,3.1532,3.3316,3.6037,4.1612
中债国债收益率曲线,2020-03-02,1.7825,1.8871,1.9251,2.3951,2.5372,2.7548,2.7428,3.3836
中债国债收益率曲线,2020-03-03,1.7831,1.8671,1.958,2.4051,2.5315,2.7646,2.7478,3.3846
中债商业银行普通债收益率曲线(AAA),2020-03-03,2.2898,2.4723,2.5834,2.8984,3.1579,3.3454,3.6188,4.1512
中债中短期票据收益率曲线(AAA),2020-03-03,2.4986,2.5382,2.6659,3.0174,3.3003,3.4632,3.7317,
中债中短期票据收益率曲线(AAA),2020-03-04,2.4504,2.5067,2.6404,2.9828,3.2603,3.4217,3.7317,
中债商业银行普通债收益率曲线(AAA),2020-03-04,2.2369,2.4351,2.5573,2.8737,3.1183,3.3039,3.6188,4.135
中债国债收益率曲线,2020-03-04,1.7534,1.8522,1.943,2.295,2.4843,2.6946,2.673,3.3425
中债中短期票据收益率曲线(AAA),2020-03-05,2.4358,2.4838,2.6165,2.9902,3.2553,3.4499,3.7599,
中债商业银行普通债收益率曲线(AAA),2020-03-05,2.1993,2.4049,2.5439,2.8637,3.0887,3.3321,3.647,4.138
中债国债收益率曲线,2020-03-05,1.7547,1.8476,1.943,2.2815,2.4918,2.6898,2.6829,3.353
中债中短期票据收益率曲线(AAA),2020-03-06,2.3809,2.4463,2.6121,2.971,3.2507,3.4588,3.7508,
中债商业银行普通债收益率曲线(AAA),2020-03-06,2.138,2.3682,2.4822,2.8437,3.0938,3.341,3.618,4.1071
中债国债收益率曲线,2020-03-06,1.6886,1.75,1.913,2.2265,2.4575,2.6231,2.628,3.3061
中债国债收益率曲线,2020-03-09,1.6523,1.6903,1.8806,2.1465,2.3606,2.5158,2.5205,3.1449
中债中短期票据收益率曲线(AAA),2020-03-09,2.2749,2.4026,2.5587,2.9268,3.2097,3.4304,3.7258,
中债商业银行普通债收益率曲线(AAA),2020-03-09,2.0554,2.2638,2.4001,2.7728,3.0134,3.3126,3.593,4.0821
中债中短期票据收益率曲线(AAA),2020-03-10,2.2724,2.4072,2.545,2.9625,3.2023,3.4105,3.7059,
中债商业银行普通债收益率曲线(AAA),2020-03-10,2.079,2.2352,2.3994,2.8314,3.0607,3.2954,3.5731,4.0622
中债国债收益率曲线,2020-03-10,1.6661,1.6991,1.9068,2.187,2.4591,2.6102,2.613,3.2398
中债中短期票据收益率曲线(AAA),2020-03-11,2.2868,2.3929,2.5582,2.9885,3.2123,3.4206,3.7009,
中债商业银行普通债收益率曲线(AAA),2020-03-11,2.0924,2.2768,2.373,2.8422,3.0918,3.3335,3.6112,4.0695
中债国债收益率曲线,2020-03-11,1.7001,1.7211,1.9154,2.2267,2.4539,2.6148,2.6079,3.2118
中债中短期票据收益率曲线(AAA),2020-03-12,2.2858,2.37,2.5671,2.9871,3.2024,3.4157,3.701,
中债商业银行普通债收益率曲线(AAA),2020-03-12,2.1085,2.2778,2.3784,2.8549,3.085,3.3286,3.6113,4.0688
中债国债收益率曲线,2020-03-12,1.6994,1.7625,1.9166,2.2471,2.4769,2.6352,2.6379,3.2277
中债国债收益率曲线,2020-03-13,1.6705,1.7953,1.9234,2.2572,2.5381,2.695,2.6759,3.3002
中债中短期票据收益率曲线(AAA),2020-03-13,2.2701,2.3553,2.5945,3.028,3.2935,3.4758,3.766,
中债商业银行普通债收益率曲线(AAA),2020-03-13,2.1126,2.2524,2.3831,2.8356,3.1405,3.3646,3.6464,4.1039
中债中短期票据收益率曲线(AAA),2020-03-16,2.2686,2.3585,2.5936,3.0585,3.3418,3.5241,3.821,
中债商业银行普通债收益率曲线(AAA),2020-03-16,2.0351,2.2524,2.3925,2.8596,3.145,3.3996,3.6814,4.1389
中债国债收益率曲线,2020-03-16,1.6802,1.7573,1.8954,2.2511,2.5224,2.6871,2.6758,3.2832
中债中短期票据收益率曲线(AAA),2020-03-17,2.2497,2.36,2.6015,3.103,3.3818,3.5677,3.8653,
中债商业银行普通债收益率曲线(AAA),2020-03-17,2.069,2.2579,2.3925,2.8897,3.1687,3.4233,3.7257,4.1832
中债国债收益率曲线,2020-03-17,1.627,1.7622,1.8954,2.2507,2.5508,2.7044,2.7135,3.34
中债国债收益率曲线,2020-03-18,1.6002,1.7673,1.9154,2.2612,2.5443,2.7063,2.7136,3.355
中债商业银行普通债收益率曲线(AAA),2020-03-18,2.0146,2.2168,2.3855,2.8934,3.2001,3.4341,3.7407,4.1982
中债中短期票据收益率曲线(AAA),2020-03-18,2.2488,2.341,2.5299,3.1104,3.4018,3.5785,3.8803,
中债国债收益率曲线,2020-03-19,1.5704,1.7607,1.8853,2.251,2.5546,2.7236,2.7299,3.3701
中债中短期票据收益率曲线(AAA),2020-03-19,2.2397,2.3383,2.5319,3.0885,3.4125,3.5566,3.8584,
中债商业银行普通债收益率曲线(AAA),2020-03-19,1.8752,2.1564,2.3963,2.877,3.2067,3.4122,3.7188,4.1763
中债国债收益率曲线,2020-03-20,1.5168,1.7049,1.8682,2.2429,2.5217,2.6999,2.6815,3.3301
中债中短期票据收益率曲线(AAA),2020-03-20,2.2217,2.3047,2.5092,3.051,3.4324,3.5589,3.8607,
中债商业银行普通债收益率曲线(AAA),2020-03-20,1.8403,2.0531,2.3659,2.8858,3.1964,3.4145,3.7211,4.1786
中债中短期票据收益率曲线(AAA),2020-03-23,2.1585,2.208,2.489,3.0016,3.3937,3.5378,3.8396,
中债商业银行普通债收益率曲线(AAA),2020-03-23,1.7126,2.0215,2.3478,2.8346,3.17,3.3746,3.6812,4.1487
中债国债收益率曲线,2020-03-23,1.516,1.6749,1.8482,2.2032,2.4672,2.6591,2.6315,3.2753
中债中短期票据收益率曲线(AAA),2020-03-24,2.0714,2.1736,2.4526,2.9513,3.3671,3.5394,3.8422,
中债商业银行普通债收益率曲线(AAA),2020-03-24,1.6411,1.9524,2.286,2.7997,3.1252,3.3762,3.6838,4.1513
中债国债收益率曲线,2020-03-24,1.516,1.6348,1.8081,2.1639,2.4497,2.6495,2.6289,3.2704
中债商业银行普通债收益率曲线(AAA),2020-03-25,1.7126,1.9143,2.2803,2.7856,3.1208,3.3628,3.6704,4.1379
中债国债收益率曲线,2020-03-25,1.4522,1.6288,1.7686,2.1265,2.4373,2.6444,2.6289,3.2604
中债中短期票据收益率曲线(AAA),2020-03-25,2.0424,2.1636,2.448,2.9414,3.3617,3.536,3.8388,
中债中短期票据收益率曲线(AAA),2020-03-26,2.025,2.1387,2.4374,2.9095,3.3298,3.5265,3.8293,
中债商业银行普通债收益率曲线(AAA),2020-03-26,1.6614,1.913,2.2822,2.7531,3.0808,3.3533,3.6609,4.1284
中债国债收益率曲线,2020-03-26,1.4003,1.5773,1.7175,2.0824,2.3714,2.5949,2.594,3.2255
中债国债收益率曲线,2020-03-27,1.4026,1.5273,1.7412,2.0713,2.4038,2.6074,2.609,3.2405
中债中短期票据收益率曲线(AAA),2020-03-27,1.9773,2.1388,2.4198,2.8997,3.33,3.5266,3.8295,
中债商业银行普通债收益率曲线(AAA),2020-03-27,1.826,1.9035,2.2703,2.7448,3.0845,3.3535,3.6611,4.1286
中债国债收益率曲线,2020-03-30,1.4097,1.4777,1.7362,2.0454,2.3828,2.6148,2.6142,3.2408
中债中短期票据收益率曲线(AAA),2020-03-30,1.9816,2.1797,2.4295,2.9264,3.3334,3.5316,3.8495,
中债商业银行普通债收益率曲线(AAA),2020-03-30,1.756,1.9267,2.294,2.7267,3.0542,3.3585,3.6811,4.1486
中债中短期票据收益率曲线(AAA),2020-03-31,1.9677,2.1672,2.4215,2.9028,3.3335,3.5341,3.8765,
中债商业银行普通债收益率曲线(AAA),2020-03-31,1.8578,1.91,2.284,2.7158,3.0321,3.361,3.7081,4.1756
中债国债收益率曲线,2020-03-31,1.4062,1.4282,1.687,2.0086,2.3372,2.5638,2.5899,3.2107
中债中短期票据收益率曲线(AAA),2020-04-01,1.9336,2.1155,2.3839,2.8774,3.3101,3.5172,3.8596,
中债商业银行普通债收益率曲线(AAA),2020-04-01,1.6743,1.8747,2.2191,2.7052,3.0042,3.3441,3.6912,4.1484
中债国债收益率曲线,2020-04-01,1.3001,1.4282,1.6778,1.9821,2.3119,2.5287,2.555,3.1857
中债中短期票据收益率曲线(AAA),2020-04-02,1.8596,2.0275,2.3269,2.859,3.2749,3.5086,3.851,
中债商业银行普通债收益率曲线(AAA),2020-04-02,1.5828,1.8586,2.1398,2.6784,3.005,3.3355,3.6826,4.1503
中债国债收益率曲线,2020-04-02,1.2837,1.3827,1.6548,2.0093,2.3366,2.5552,2.5854,3.2208
中债国债收益率曲线,2020-04-03,1.2386,1.32,1.6548,2.0076,2.3142,2.5546,2.5965,3.2507
中债中短期票据收益率曲线(AAA),2020-04-03,1.8731,2.0269,2.3169,2.8582,3.2996,3.5039,3.8463,
中债商业银行普通债收益率曲线(AAA),2020-04-03,1.6097,1.6818,2.12,2.6708,3.0189,3.3308,3.6779,4.1543
中债中短期票据收益率曲线(AAA),2020-04-07,1.7697,1.7862,2.0969,2.7297,3.2033,3.4135,3.7555,
中债商业银行普通债收益率曲线(AAA),2020-04-07,1.4302,1.4349,1.7044,2.5519,2.8867,3.2404,3.5871,4.0952
中债国债收益率曲线,2020-04-07,1.0998,1.1,1.3448,1.7925,2.1776,2.4736,2.5112,3.1761
中债中短期票据收益率曲线(AAA),2020-04-08,1.6613,1.698,1.9973,2.5819,3.1611,3.3429,3.7294,
中债商业银行普通债收益率曲线(AAA),2020-04-08,1.3715,1.4173,1.6918,2.4522,2.7941,3.1698,3.561,4.0691
中债国债收益率曲线,2020-04-08,1.05,1.06,1.2044,1.6958,2.0454,2.4077,2.4824,3.161
中债国债收益率曲线,2020-04-09,1.0501,1.0806,1.2044,1.7177,2.0776,2.4479,2.5226,3.2313
中债商业银行普通债收益率曲线(AAA),2020-04-09,1.3432,1.4697,1.6818,2.3831,2.7785,3.1392,3.5633,4.0714
中债中短期票据收益率曲线(AAA),2020-04-09,1.6331,1.6683,1.9361,2.5324,3.1098,3.3123,3.7317,
中债国债收益率曲线,2020-04-10,1.1026,1.1101,1.24,1.7615,2.115,2.4673,2.5403,3.271
中债中短期票据收益率曲线(AAA),2020-04-10,1.6589,1.6871,1.9492,2.5435,3.1148,3.3187,3.7474,
中债商业银行普通债收益率曲线(AAA),2020-04-10,1.4796,1.4953,1.7276,2.3537,2.7985,3.1456,3.579,4.0665
中债国债收益率曲线,2020-04-13,1.1112,1.1164,1.2643,1.7569,2.0717,2.4863,2.5658,3.2762
中债中短期票据收益率曲线(AAA),2020-04-13,1.6711,1.7001,1.9387,2.5439,3.1148,3.3187,3.7474,
中债商业银行普通债收益率曲线(AAA),2020-04-13,1.4611,1.5059,1.7126,2.358,2.8195,3.1456,3.579,4.0665
中债中短期票据收益率曲线(AAA),2020-04-14,1.6313,1.7261,1.9758,2.5243,3.0896,3.3487,3.7774,
中债商业银行普通债收益率曲线(AAA),2020-04-14,1.4629,1.5009,1.6919,2.3577,2.8222,3.1218,3.5552,4.0427
中债国债收益率曲线,2020-04-14,1.0905,1.1328,1.2331,1.7035,2.0423,2.4735,2.5591,3.2835
中债中短期票据收益率曲线(AAA),2020-04-15,1.6173,1.6992,1.9838,2.5062,3.0851,3.3389,3.7624,
中债商业银行普通债收益率曲线(AAA),2020-04-15,1.3611,1.477,1.6719,2.3252,2.7911,3.112,3.5402,4.0277
中债国债收益率曲线,2020-04-15,1.0501,1.1271,1.225,1.6604,2.028,2.4535,2.5455,3.2911
中债国债收益率曲线,2020-04-16,1.005,1.0907,1.2088,1.6392,2.0236,2.4379,2.5276,3.2765
中债商业银行普通债收益率曲线(AAA),2020-04-16,1.398,1.457,1.6568,2.2675,2.7486,3.1084,3.5366,4.0241
中债中短期票据收益率曲线(AAA),2020-04-16,1.5593,1.6908,1.9107,2.472,3.0405,3.3789,3.8024,
中债中短期票据收益率曲线(AAA),2020-04-17,1.4943,1.61,1.8414,2.4575,3.0336,3.3794,3.8125,
中债商业银行普通债收益率曲线(AAA),2020-04-17,1.3676,1.449,1.6566,2.2624,2.7409,3.1089,3.5467,4.0324
中债国债收益率曲线,2020-04-17,0.9319,1.0987,1.2257,1.6271,2.0293,2.4595,2.559,3.306
中债中短期票据收益率曲线(AAA),2020-04-20,1.4837,1.6101,1.8433,2.4396,3.0339,3.4131,3.8462,
中债商业银行普通债收益率曲线(AAA),2020-04-20,1.2993,1.4202,1.6484,2.2336,2.7412,3.1436,3.5814,4.0671
中债国债收益率曲线,2020-04-20,0.9075,1.0675,1.2025,1.605,2.0262,2.4912,2.592,3.3753
中债国债收益率曲线,2020-04-21,0.8562,1.0318,1.1826,1.5561,1.9871,2.4775,2.5791,3.361
中债商业银行普通债收益率曲线(AAA),2020-04-21,1.303,1.39,1.6524,2.2263,2.7449,3.1473,3.5851,4.0638
中债中短期票据收益率曲线(AAA),2020-04-21,1.4993,1.6088,1.8381,2.4169,3.0265,3.4057,3.8388,
中债国债收益率曲线,2020-04-22,0.8944,1.0272,1.1352,1.521,1.8665,2.4475,2.5567,3.3412
中债中短期票据收益率曲线(AAA),2020-04-22,1.5149,1.6139,1.8565,2.395,2.9911,3.4257,3.8588,
中债商业银行普通债收益率曲线(AAA),2020-04-22,1.2795,1.3401,1.6575,2.186,2.6968,3.1424,3.5803,4.0701
中债中短期票据收益率曲线(AAA),2020-04-23,1.5107,1.6103,1.8165,2.3521,2.9163,3.4393,3.8662,
中债商业银行普通债收益率曲线(AAA),2020-04-23,1.2977,1.3244,1.6395,2.1566,2.6257,3.1502,3.588,4.0778
中债国债收益率曲线,2020-04-23,0.856,1.0129,1.1228,1.4707,1.8372,2.3564,2.5227,3.2916
中债中短期票据收益率曲线(AAA),2020-04-24,1.4984,1.6034,1.7894,2.3263,2.8834,3.4234,3.8671,
中债商业银行普通债收益率曲线(AAA),2020-04-24,1.3485,1.3519,1.6132,2.126,2.5871,3.1165,3.5543,4.0916
中债国债收益率曲线,2020-04-24,0.8581,1.0165,1.1279,1.4082,1.8385,2.3273,2.51,3.2817
中债商业银行普通债收益率曲线(AAA),2020-04-26,1.3394,1.3538,1.6038,2.1266,2.5873,3.1167,3.5545,4.0918
中债国债收益率曲线,2020-04-26,0.8591,1.0192,1.1324,1.4076,1.8424,2.3376,2.5205,3.2842
中债中短期票据收益率曲线(AAA),2020-04-26,1.5279,1.6053,1.7949,2.3269,2.8836,3.4236,3.8673,
中债中短期票据收益率曲线(AAA),2020-04-27,1.5584,1.6679,1.7944,2.3505,2.899,3.439,3.8827,
中债商业银行普通债收益率曲线(AAA),2020-04-27,1.3618,1.3732,1.6011,2.131,2.5981,3.1275,3.5653,4.1026
中债国债收益率曲线,2020-04-27,0.8408,1.0088,1.13,1.4182,1.8633,2.3769,2.5345,3.3043
中债国债收益率曲线,2020-04-28,0.8408,0.9938,1.1338,1.4095,1.8463,2.3646,2.5254,3.3019
中债中短期票据收益率曲线(AAA),2020-04-28,1.5618,1.6323,1.7908,2.3281,2.9022,3.4493,3.9,
中债商业银行普通债收益率曲线(AAA),2020-04-28,1.4003,1.3875,1.6066,2.1275,2.5734,3.1378,3.5826,4.1199
中债国债收益率曲线,2020-04-29,0.8352,0.9692,1.1177,1.4279,1.7903,2.3253,2.5009,3.287
中债商业银行普通债收益率曲线(AAA),2020-04-29,1.3955,1.4226,1.5978,2.1292,2.5697,3.1399,3.5732,4.1105
中债中短期票据收益率曲线(AAA),2020-04-29,1.5422,1.6285,1.8051,2.351,2.8938,3.4514,3.8906,
中债国债收益率曲线,2020-04-30,0.8923,0.9978,1.1465,1.4395,1.7886,2.3639,2.538,3.3242
中债中短期票据收益率曲线(AAA),2020-04-30,1.5608,1.6129,1.7648,2.3396,2.9032,3.4699,3.9195,
中债商业银行普通债收益率曲线(AAA),2020-04-30,1.4817,1.4513,1.6065,2.1227,2.5763,3.1584,3.6021,4.0942
中债国债收益率曲线,2020-05-06,0.9068,1.0121,1.1616,1.5006,1.8361,2.4291,2.5809,3.3669
中债中短期票据收益率曲线(AAA),2020-05-06,1.5693,1.6063,1.7771,2.3708,2.9197,3.4864,3.9197,
中债商业银行普通债收益率曲线(AAA),2020-05-06,1.3793,1.431,1.6148,2.0943,2.5927,3.1749,3.6024,4.0976
中债国债收益率曲线,2020-05-07,0.8785,1.0774,1.1919,1.5304,1.926,2.5003,2.6298,3.4063
中债中短期票据收益率曲线(AAA),2020-05-07,1.5791,1.6364,1.8071,2.4463,2.9691,3.4801,3.9134,
中债商业银行普通债收益率曲线(AAA),2020-05-07,1.3901,1.4501,1.621,2.1612,2.643,3.1686,3.5961,4.1257
中债中短期票据收益率曲线(AAA),2020-05-08,1.6043,1.6378,1.844,2.4922,3.0324,3.5035,3.937,
中债商业银行普通债收益率曲线(AAA),2020-05-08,1.3813,1.4501,1.6563,2.1914,2.663,3.192,3.6197,4.1491
中债国债收益率曲线,2020-05-08,0.9085,1.05,1.2134,1.5519,1.9362,2.4888,2.6207,3.4063
中债中短期票据收益率曲线(AAA),2020-05-09,1.6107,1.6771,1.8522,2.5004,3.0366,3.4993,3.9328,
中债商业银行普通债收益率曲线(AAA),2020-05-09,1.3813,1.4455,1.661,2.2414,2.6495,3.1879,3.6155,4.145
中债国债收益率曲线,2020-05-09,0.9297,1.0618,1.2097,1.5641,1.9468,2.5004,2.64,3.4213
中债国债收益率曲线,2020-05-11,0.9601,1.0829,1.2194,1.6117,2.0187,2.5481,2.6698,3.4564
中债商业银行普通债收益率曲线(AAA),2020-05-11,1.3475,1.4467,1.662,2.2849,2.7123,3.2566,3.6619,4.1914
中债中短期票据收益率曲线(AAA),2020-05-11,1.6189,1.6964,1.8817,2.5396,3.1118,3.568,3.9792,
中债中短期票据收益率曲线(AAA),2020-05-12,1.6218,1.7144,1.8867,2.5726,3.1627,3.609,4.0131,
中债商业银行普通债收益率曲线(AAA),2020-05-12,1.3753,1.5002,1.692,2.3625,2.7814,3.2976,3.6958,4.1804
中债国债收益率曲线,2020-05-12,0.9309,1.0707,1.2225,1.6023,2.0247,2.5381,2.6603,3.4514
中债中短期票据收益率曲线(AAA),2020-05-13,1.6308,1.7175,1.8769,2.5702,3.1443,3.6043,4.0031,
中债商业银行普通债收益率曲线(AAA),2020-05-13,1.4314,1.5578,1.7125,2.3629,2.7619,3.2929,3.6911,4.1757
中债国债收益率曲线,2020-05-13,1.0002,1.1281,1.2381,1.6004,2.051,2.5627,2.7076,3.4802
中债国债收益率曲线,2020-05-14,1.0005,1.1552,1.2334,1.5961,2.0131,2.5575,2.6989,3.489
中债商业银行普通债收益率曲线(AAA),2020-05-14,1.5099,1.5578,1.7008,2.3644,2.7823,3.2817,3.6921,4.1763
中债中短期票据收益率曲线(AAA),2020-05-14,1.6159,1.7201,1.8856,2.5642,3.1495,3.5931,4.0041,
中债国债收益率曲线,2020-05-15,1.0076,1.157,1.2186,1.58,1.9702,2.5281,2.682,3.4963
中债中短期票据收益率曲线(AAA),2020-05-15,1.5831,1.7141,1.871,2.5621,3.1426,3.5861,4.0093,
中债商业银行普通债收益率曲线(AAA),2020-05-15,1.4922,1.5706,1.699,2.3586,2.783,3.2747,3.6973,4.1816
中债中短期票据收益率曲线(AAA),2020-05-18,1.5717,1.7051,1.8699,2.5775,3.1706,3.6141,4.019,
中债商业银行普通债收益率曲线(AAA),2020-05-18,1.4886,1.5964,1.6862,2.3468,2.7923,3.3053,3.707,4.1913
中债国债收益率曲线,2020-05-18,1.0414,1.1701,1.2561,1.6105,2.0592,2.5946,2.7253,3.5434
中债中短期票据收益率曲线(AAA),2020-05-19,1.5762,1.6919,1.8903,2.5873,3.1857,3.63,4.0142,
中债商业银行普通债收益率曲线(AAA),2020-05-19,1.4886,1.632,1.7429,2.3629,2.8026,3.3212,3.7022,4.1865
中债国债收益率曲线,2020-05-19,1.0307,1.2016,1.2787,1.6296,2.1163,2.6157,2.7272,3.5362
中债商业银行普通债收益率曲线(AAA),2020-05-20,1.4935,1.6077,1.7617,2.377,2.8117,3.3316,3.6992,4.1835
中债国债收益率曲线,2020-05-20,1.1012,1.2378,1.3128,1.629,2.1278,2.6106,2.69,3.5118
中债中短期票据收益率曲线(AAA),2020-05-20,1.5738,1.699,1.9069,2.6073,3.196,3.6404,4.0112,
中债中短期票据收益率曲线(AAA),2020-05-21,1.5863,1.7064,1.9084,2.6199,3.1925,3.6549,4.0108,
中债商业银行普通债收益率曲线(AAA),2020-05-21,1.4813,1.5833,1.7617,2.3724,2.7828,3.3461,3.6988,4.1831
中债国债收益率曲线,2020-05-21,1.1032,1.2465,1.3328,1.6716,2.1576,2.6092,2.685,3.5072
中债国债收益率曲线,2020-05-22,1.1202,1.3009,1.3923,1.6368,2.045,2.5268,2.6176,3.4434
中债中短期票据收益率曲线(AAA),2020-05-22,1.5939,1.6983,1.8743,2.594,3.1556,3.6404,3.9962,
中债商业银行普通债收益率曲线(AAA),2020-05-22,1.4762,1.5722,1.7622,2.3253,2.7918,3.3316,3.6843,4.1536
中债国债收益率曲线,2020-05-25,1.1665,1.3261,1.4574,1.7059,2.1377,2.5931,2.6852,3.4934
中债中短期票据收益率曲线(AAA),2020-05-25,1.6019,1.7122,1.8676,2.6049,3.1574,3.639,3.9862,
中债商业银行普通债收益率曲线(AAA),2020-05-25,1.4969,1.5729,1.77,2.3227,2.7974,3.3302,3.7161,4.1554
中债中短期票据收益率曲线(AAA),2020-05-26,1.626,1.7481,1.9175,2.6401,3.1875,3.6691,4.0015,
中债商业银行普通债收益率曲线(AAA),2020-05-26,1.5681,1.6086,1.7826,2.4316,2.8274,3.3702,3.7462,4.1705
中债国债收益率曲线,2020-05-26,1.172,1.3604,1.529,1.7614,2.2295,2.6551,2.7402,3.5283
中债中短期票据收益率曲线(AAA),2020-05-27,1.6813,1.7695,1.955,2.673,3.2223,3.6926,4.0164,
中债商业银行普通债收益率曲线(AAA),2020-05-27,1.5937,1.6236,1.8268,2.483,2.8676,3.4055,3.7662,4.1855
中债国债收益率曲线,2020-05-27,1.4074,1.5046,1.589,1.922,2.2956,2.6858,2.7527,3.5181
中债中短期票据收益率曲线(AAA),2020-05-28,1.7249,1.7886,1.9929,2.7154,3.2501,3.7097,4.0201,
中债商业银行普通债收益率曲线(AAA),2020-05-28,1.5982,1.7384,1.8968,2.5222,2.8833,3.4226,3.7662,4.1935
中债国债收益率曲线,2020-05-28,1.4198,1.5134,1.5995,1.8999,2.2562,2.6749,2.7201,3.5033
中债国债收益率曲线,2020-05-29,1.4627,1.5542,1.601,1.8938,2.2241,2.6371,2.7053,3.4934
中债商业银行普通债收益率曲线(AAA),2020-05-29,1.6429,1.7568,1.8771,2.5373,2.8794,3.4345,3.7515,4.1735
中债中短期票据收益率曲线(AAA),2020-05-29,1.751,1.8226,2.0183,2.7349,3.2702,3.7216,4.0001,
中债中短期票据收益率曲线(AAA),2020-06-01,1.7577,1.8232,2.0447,2.7656,3.29,3.7364,4.0124,
中债商业银行普通债收益率曲线(AAA),2020-06-01,1.6322,1.7067,1.8922,2.5361,2.8936,3.4493,3.7638,4.1859
中债国债收益率曲线,2020-06-01,1.458,1.5543,1.5897,1.902,2.2369,2.6643,2.7253,3.5035
中债中短期票据收益率曲线(AAA),2020-06-02,1.7727,1.8513,2.1034,2.9327,3.3644,3.7838,4.0426,
中债商业银行普通债收益率曲线(AAA),2020-06-02,1.6644,1.7643,1.992,2.6671,2.9793,3.4713,3.794,4.2159
中债国债收益率曲线,2020-06-02,1.4821,1.6133,1.7018,2.039,2.3658,2.7436,2.7852,3.5584
中债中短期票据收益率曲线(AAA),2020-06-03,2.0,2.1029,2.2397,3.0198,3.476,3.8125,4.0542,
中债商业银行普通债收益率曲线(AAA),2020-06-03,1.9163,2.0032,2.1914,2.9466,3.1035,3.5,3.8057,4.2376
中债国债收益率曲线,2020-06-03,1.6675,1.8133,1.8201,2.2858,2.372,2.8643,2.7901,3.5685
中债国债收益率曲线,2020-06-04,1.6879,1.9133,1.9201,2.3296,2.4656,2.885,2.8301,3.5934
中债中短期票据收益率曲线(AAA),2020-06-04,2.0961,2.1585,2.3045,3.0745,3.5063,3.8309,4.0542,
中债商业银行普通债收益率曲线(AAA),2020-06-04,1.9203,1.9696,2.2458,2.9494,3.1895,3.5368,3.8057,4.2196
中债中短期票据收益率曲线(AAA),2020-06-05,2.2005,2.3134,2.5337,3.1335,3.6059,3.8717,4.0511,
中债商业银行普通债收益率曲线(AAA),2020-06-05,2.0162,2.1714,2.3917,2.9964,3.341,3.5776,3.7966,4.2105
中债国债收益率曲线,2020-06-05,1.7652,2.0179,2.0801,2.3856,2.5258,2.9,2.8475,3.6034
中债中短期票据收益率曲线(AAA),2020-06-08,2.2853,2.4575,2.6032,3.1626,3.6307,3.8822,4.0361,
中债商业银行普通债收益率曲线(AAA),2020-06-08,2.1164,2.1807,2.5099,2.9657,3.331,3.5881,3.8071,4.221
中债国债收益率曲线,2020-06-08,1.8743,1.9905,2.0801,2.3492,2.4969,2.8525,2.8101,3.5837
中债中短期票据收益率曲线(AAA),2020-06-09,2.348,2.4444,2.5954,3.1358,3.6028,3.8661,4.0361,
中债商业银行普通债收益率曲线(AAA),2020-06-09,2.1255,2.1664,2.4399,2.9177,3.2919,3.572,3.8071,4.221
中债国债收益率曲线,2020-06-09,1.8469,1.9766,2.0521,2.301,2.5002,2.85,2.8031,3.5863
中债国债收益率曲线,2020-06-10,1.9026,2.0009,2.0677,2.3342,2.5134,2.84,2.8201,3.5837
中债中短期票据收益率曲线(AAA),2020-06-10,2.36,2.4208,2.6068,3.1158,3.6144,3.8599,4.0261,
中债商业银行普通债收益率曲线(AAA),2020-06-10,2.126,2.1836,2.4199,2.9091,3.2728,3.5658,3.7971,4.211
中债中短期票据收益率曲线(AAA),2020-06-11,2.3564,2.4108,2.5877,3.0959,3.5763,3.8396,4.0461,
中债商业银行普通债收益率曲线(AAA),2020-06-11,2.1415,2.2128,2.4784,2.901,3.2756,3.5649,3.8171,4.231
中债国债收益率曲线,2020-06-11,1.8991,1.9584,2.0723,2.3127,2.4818,2.8,2.7701,3.5236
中债中短期票据收益率曲线(AAA),2020-06-12,2.3015,2.4036,2.5768,3.0406,3.5265,3.8472,4.0161,
中债商业银行普通债收益率曲线(AAA),2020-06-12,2.1662,2.2424,2.4585,2.8707,3.257,3.5725,3.7871,4.201
中债国债收益率曲线,2020-06-12,1.8698,1.8504,2.0504,2.2931,2.469,2.785,2.7451,3.5012
中债国债收益率曲线,2020-06-15,1.84,1.8504,2.0364,2.2881,2.5118,2.7802,2.7878,3.5236
中债商业银行普通债收益率曲线(AAA),2020-06-15,2.1723,2.2017,2.444,2.8326,3.2289,3.5447,3.7621,4.206
中债中短期票据收益率曲线(AAA),2020-06-15,2.307,2.3722,2.5529,3.0118,3.503,3.8194,3.9911,
中债国债收益率曲线,2020-06-16,1.8401,1.9537,2.0757,2.3572,2.5993,2.88,2.8402,3.5736
中债中短期票据收益率曲线(AAA),2020-06-16,2.3367,2.3777,2.5624,3.0381,3.5378,3.8441,4.0111,
中债商业银行普通债收益率曲线(AAA),2020-06-16,2.1595,2.2179,2.4581,2.8557,3.2254,3.5694,3.7821,4.226
中债中短期票据收益率曲线(AAA),2020-06-17,2.3292,2.3764,2.5807,3.069,3.5764,3.8489,4.0274,
中债商业银行普通债收益率曲线(AAA),2020-06-17,2.1714,2.2255,2.4581,2.9142,3.2234,3.5742,3.78,4.256
中债国债收益率曲线,2020-06-17,1.9009,2.1384,2.1117,2.3925,2.6455,2.93,2.8802,3.5972
中债中短期票据收益率曲线(AAA),2020-06-18,2.3039,2.3847,2.5781,3.0541,3.5719,3.8472,4.0132,
中债商业银行普通债收益率曲线(AAA),2020-06-18,2.161,2.2018,2.4383,2.9273,3.2338,3.5725,3.7658,4.2818
中债国债收益率曲线,2020-06-18,1.8806,2.1339,2.1156,2.3811,2.6136,2.88,2.8527,3.5836
中债国债收益率曲线,2020-06-19,1.8239,2.1337,2.1203,2.4004,2.6227,2.88,2.8752,3.6112
中债商业银行普通债收益率曲线(AAA),2020-06-19,2.1605,2.2612,2.4383,2.9264,3.2934,3.5979,3.7549,4.2709
中债中短期票据收益率曲线(AAA),2020-06-19,2.2861,2.3836,2.5962,3.0803,3.5899,3.8726,4.0023,
中债商业银行普通债收益率曲线(AAA),2020-06-22,2.164,2.317,2.475,2.9582,3.3459,3.618,3.775,4.3129
中债国债收益率曲线,2020-06-22,1.8621,2.1749,2.145,2.4608,2.6681,2.9055,2.9153,3.626
中债中短期票据收益率曲线(AAA),2020-06-22,2.2977,2.4095,2.6428,3.0937,3.6142,3.8819,4.0272,
中债中短期票据收益率曲线(AAA),2020-06-23,2.3829,2.4806,2.6997,3.1886,3.7033,3.9096,4.0398,
中债商业银行普通债收益率曲线(AAA),2020-06-23,2.2683,2.3454,2.5056,3.0189,3.4443,3.6457,3.8027,4.3406
中债国债收益率曲线,2020-06-23,1.9054,2.1921,2.223,2.4776,2.6517,2.915,2.9127,3.6235
中债中短期票据收益率曲线(AAA),2020-06-24,2.4208,2.5191,2.7224,3.1929,3.6915,3.8971,4.0273,
中债商业银行普通债收益率曲线(AAA),2020-06-24,2.204,2.3321,2.5048,3.0094,3.4494,3.6486,3.7902,4.3281
中债国债收益率曲线,2020-06-24,1.8839,2.1215,2.1495,2.439,2.5861,2.87,2.8614,3.5888
中债国债收益率曲线,2020-06-28,1.8691,2.1217,2.1261,2.4333,2.5723,2.855,2.8404,3.574
中债中短期票据收益率曲线(AAA),2020-06-28,2.4273,2.5242,2.7176,3.1995,3.6864,3.892,4.0222,
中债商业银行普通债收益率曲线(AAA),2020-06-28,2.2185,2.3696,2.4852,2.9909,3.434,3.6435,3.7851,4.303
中债中短期票据收益率曲线(AAA),2020-06-29,2.4223,2.4927,2.7032,3.1912,3.6981,3.904,4.0305,
中债商业银行普通债收益率曲线(AAA),2020-06-29,2.1812,2.3271,2.5052,2.9706,3.4348,3.6555,3.7935,4.3114
中债国债收益率曲线,2020-06-29,1.7467,2.0905,2.1144,2.3967,2.591,2.8525,2.8504,3.5916
中债中短期票据收益率曲线(AAA),2020-06-30,2.3633,2.4827,2.7328,3.2006,3.6906,3.8958,4.0505,
中债商业银行普通债收益率曲线(AAA),2020-06-30,2.1411,2.2642,2.5034,2.9746,3.4129,3.6755,3.8135,4.3314
中债国债收益率曲线,2020-06-30,1.7385,2.071,2.1764,2.3882,2.5542,2.8202,2.823,3.5591
中债中短期票据收益率曲线(AAA),2020-07-01,2.2698,2.4662,2.7224,3.1832,3.6836,3.8888,4.0355,
中债商业银行普通债收益率曲线(AAA),2020-07-01,1.9607,2.2356,2.4524,2.9498,3.3854,3.6576,3.7985,4.3164
中债国债收益率曲线,2020-07-01,1.7067,2.0579,2.1276,2.4036,2.5976,2.8265,2.8456,3.5766
中债国债收益率曲线,2020-07-02,1.7299,2.0599,2.0976,2.3897,2.5753,2.8228,2.8584,3.579
中债商业银行普通债收益率曲线(AAA),2020-07-02,2.0284,2.2751,2.4722,2.9223,3.3535,3.6501,3.7981,4.316
中债中短期票据收益率曲线(AAA),2020-07-02,2.1777,2.3922,2.7182,3.1836,3.6668,3.8813,4.0351,
中债中短期票据收益率曲线(AAA),2020-07-03,2.164,2.358,2.7061,3.1712,3.6806,3.8885,4.0251,
中债商业银行普通债收益率曲线(AAA),2020-07-03,2.029,2.2548,2.4886,2.9272,3.354,3.6422,3.7962,4.3141
中债国债收益率曲线,2020-07-03,1.7016,2.0487,2.0976,2.3878,2.6084,2.8628,2.8974,3.6139
中债中短期票据收益率曲线(AAA),2020-07-06,2.1762,2.3732,2.734,3.2428,3.7442,3.9185,4.0526,
中债商业银行普通债收益率曲线(AAA),2020-07-06,2.1776,2.33,2.5292,3.0585,3.4662,3.6722,3.8237,4.3316
中债国债收益率曲线,2020-07-06,1.719,2.0792,2.1263,2.6016,2.751,2.9676,2.9959,3.6887
中债中短期票据收益率曲线(AAA),2020-07-07,2.2772,2.4232,2.8231,3.3376,3.8158,3.9498,4.0737,
中债商业银行普通债收益率曲线(AAA),2020-07-07,2.2549,2.3575,2.5471,3.1582,3.4869,3.7035,3.8448,4.3427
中债国债收益率曲线,2020-07-07,1.7455,2.0785,2.1513,2.6276,2.7925,2.9922,3.0158,3.7087
中债国债收益率曲线,2020-07-08,1.8606,2.0868,2.16,2.6679,2.8522,2.996,3.0632,3.7435
中债中短期票据收益率曲线(AAA),2020-07-08,2.3401,2.458,2.8879,3.3611,3.8506,3.9525,4.0737,
中债商业银行普通债收益率曲线(AAA),2020-07-08,2.2523,2.3875,2.5939,3.2011,3.5037,3.7062,3.8448,4.3427
中债中短期票据收益率曲线(AAA),2020-07-09,2.3915,2.5329,2.9233,3.5265,3.9291,3.9909,4.0897,
中债商业银行普通债收益率曲线(AAA),2020-07-09,2.2593,2.4145,2.7107,3.2621,3.6035,3.7446,3.8448,4.3729
中债国债收益率曲线,2020-07-09,1.9821,2.1284,2.2256,2.7143,2.8995,3.0618,3.0809,3.7687
中债中短期票据收益率曲线(AAA),2020-07-10,2.4835,2.6024,3.0113,3.5763,3.9516,4.0155,4.1143,
中债商业银行普通债收益率曲线(AAA),2020-07-10,2.2537,2.5165,2.764,3.3071,3.633,3.7396,3.8498,4.3916
中债国债收益率曲线,2020-07-10,2.1012,2.11,2.2165,2.6894,2.8423,3.0209,3.0305,3.7439
中债中短期票据收益率曲线(AAA),2020-07-13,2.5094,2.6418,3.0427,3.6684,4.0288,4.0653,4.141,
中债商业银行普通债收益率曲线(AAA),2020-07-13,2.3912,2.5743,2.8049,3.3494,3.6737,3.7663,3.8765,4.3883
中债国债收益率曲线,2020-07-13,2.1063,2.1151,2.208,2.7154,2.8905,3.0599,3.0557,3.759
中债国债收益率曲线,2020-07-14,2.0499,2.0502,2.198,2.6959,2.8272,3.0323,3.0057,3.737
中债中短期票据收益率曲线(AAA),2020-07-14,2.5143,2.6446,3.0399,3.7029,4.031,4.0696,4.1453,
中债商业银行普通债收益率曲线(AAA),2020-07-14,2.3972,2.5414,2.8567,3.3444,3.6797,3.7706,3.8808,4.3926
中债中短期票据收益率曲线(AAA),2020-07-15,2.5101,2.6422,3.0363,3.7032,4.0188,4.0625,4.1453,
中债商业银行普通债收益率曲线(AAA),2020-07-15,2.3972,2.5386,2.8417,3.3484,3.6663,3.7635,3.8808,4.3926
中债国债收益率曲线,2020-07-15,2.0321,2.0415,2.2,2.6051,2.7402,3.0098,2.9559,3.7048
中债中短期票据收益率曲线(AAA),2020-07-16,2.5162,2.6495,2.9708,3.6485,3.9933,4.0827,4.1653,
中债商业银行普通债收益率曲线(AAA),2020-07-16,2.3823,2.5665,2.8543,3.3223,3.6599,3.7837,3.9008,4.4126
中债国债收益率曲线,2020-07-16,2.0242,2.0619,2.1534,2.5541,2.7133,2.9798,2.9459,3.6949
中债中短期票据收益率曲线(AAA),2020-07-17,2.5483,2.6471,2.9547,3.6177,3.9549,4.0827,4.1753,
中债商业银行普通债收益率曲线(AAA),2020-07-17,2.4334,2.6665,2.8716,3.2847,3.6219,3.7937,3.9108,4.4226
中债国债收益率曲线,2020-07-17,2.0296,2.0512,2.2256,2.5141,2.7022,2.9799,2.9507,3.6998
中债国债收益率曲线,2020-07-20,1.9934,2.0439,2.254,2.5256,2.67,2.9797,2.9311,3.6953
中债中短期票据收益率曲线(AAA),2020-07-20,2.5532,2.6271,2.9362,3.5961,3.9517,4.0794,4.1652,
中债商业银行普通债收益率曲线(AAA),2020-07-20,2.3742,2.7185,2.8553,3.2586,3.639,3.7904,3.9007,4.4125
中债中短期票据收益率曲线(AAA),2020-07-21,2.5189,2.6464,2.8862,3.5411,3.8851,4.0447,4.1547,
中债商业银行普通债收益率曲线(AAA),2020-07-21,2.531,2.7185,2.8158,3.1487,3.5985,3.7557,3.8902,4.402
中债国债收益率曲线,2020-07-21,1.9876,2.0133,2.2455,2.4641,2.6326,2.9348,2.9011,3.6653
中债中短期票据收益率曲线(AAA),2020-07-22,2.5489,2.6532,2.8786,3.4959,3.8361,3.9957,4.1347,
中债商业银行普通债收益率曲线(AAA),2020-07-22,2.527,2.7218,2.7971,3.1138,3.5531,3.7067,3.8702,4.382
中债国债收益率曲线,2020-07-22,2.0001,1.9936,2.2552,2.4655,2.6253,2.885,2.8861,3.6402
中债中短期票据收益率曲线(AAA),2020-07-23,2.5835,2.6722,2.8736,3.4709,3.7846,3.9442,4.1077,
中债商业银行普通债收益率曲线(AAA),2020-07-23,2.4984,2.7081,2.8287,3.1118,3.5183,3.6719,3.8432,4.3795
中债国债收益率曲线,2020-07-23,1.9642,2.0234,2.2538,2.4862,2.6379,2.8832,2.9064,3.66
中债国债收益率曲线,2020-07-24,1.9613,2.0048,2.2446,2.4556,2.5999,2.8513,2.8612,3.6
中债中短期票据收益率曲线(AAA),2020-07-24,2.6209,2.707,2.856,3.4317,3.7526,3.9121,4.0756,
中债商业银行普通债收益率曲线(AAA),2020-07-24,2.5962,2.6971,2.8263,3.1136,3.5153,3.6667,3.8111,4.3644
中债中短期票据收益率曲线(AAA),2020-07-27,2.6512,2.6932,2.8476,3.4024,3.7342,3.9021,4.0656,
中债商业银行普通债收益率曲线(AAA),2020-07-27,2.6074,2.7205,2.8063,3.0894,3.4768,3.6567,3.8011,4.3544
中债国债收益率曲线,2020-07-27,1.9507,2.0157,2.2461,2.4769,2.6284,2.8538,2.8791,3.5973
中债中短期票据收益率曲线(AAA),2020-07-28,2.6588,2.7057,2.8735,3.4008,3.7358,3.9037,4.0556,
中债商业银行普通债收益率曲线(AAA),2020-07-28,2.606,2.7682,2.8108,3.1365,3.501,3.6583,3.7911,4.3754
中债国债收益率曲线,2020-07-28,2.005,2.0306,2.2565,2.481,2.6762,2.9028,2.9214,3.6449
中债中短期票据收益率曲线(AAA),2020-07-29,2.6741,2.7164,2.911,3.4511,3.7235,3.8992,4.0586,
中债国债收益率曲线,2020-07-29,1.9994,2.0336,2.2459,2.5069,2.6829,2.9229,2.9415,3.6645
中债商业银行普通债收益率曲线(AAA),2020-07-29,2.6091,2.7684,2.8195,3.1421,3.5058,3.6538,3.7941,4.3787
中债商业银行普通债收益率曲线(AAA),2020-07-30,2.5757,2.764,2.8488,3.1836,3.5288,3.6653,3.7874,4.382
中债中短期票据收益率曲线(AAA),2020-07-30,2.6652,2.7129,2.901,3.4753,3.7465,3.9107,4.0586,
中债国债收益率曲线,2020-07-30,1.9799,2.0336,2.2461,2.5061,2.6794,2.9424,2.9364,3.6648
中债国债收益率曲线,2020-07-31,1.9799,2.0836,2.2428,2.5152,2.7022,2.97,2.9664,3.7031
中债中短期票据收益率曲线(AAA),2020-07-31,2.6503,2.7137,2.9103,3.5153,3.777,3.9164,4.0585,
中债商业银行普通债收益率曲线(AAA),2020-07-31,2.58,2.7771,2.8436,3.2239,3.5759,3.671,3.7873,4.4019
中债中短期票据收益率曲线(AAA),2020-08-03,2.6528,2.7272,2.92,3.5501,3.8018,3.9116,4.0709,
中债商业银行普通债收益率曲线(AAA),2020-08-03,2.5776,2.7943,2.845,3.243,3.6091,3.6662,3.7997,4.4143
中债国债收益率曲线,2020-08-03,1.9415,2.0836,2.1565,2.5443,2.6845,2.9896,2.9466,3.6945
中债中短期票据收益率曲线(AAA),2020-08-04,2.6561,2.7363,2.9247,3.5546,3.8418,3.9316,4.0909,
中债商业银行普通债收益率曲线(AAA),2020-08-04,2.612,2.793,2.8659,3.2646,3.5939,3.6862,3.8097,4.4243
中债国债收益率曲线,2020-08-04,2.0142,2.1236,2.1746,2.5867,2.7007,2.9845,2.9365,3.6945
中债国债收益率曲线,2020-08-05,2.05,2.1949,2.2288,2.662,2.7638,3.0169,2.9592,3.718
中债中短期票据收益率曲线(AAA),2020-08-05,2.6583,2.7374,2.9205,3.5568,3.8622,3.9269,4.0925,
中债商业银行普通债收益率曲线(AAA),2020-08-05,2.5948,2.786,2.8658,3.2834,3.5836,3.6815,3.8113,4.4259
中债中短期票据收益率曲线(AAA),2020-08-06,2.6153,2.7727,2.8907,3.5381,3.8659,3.9169,4.0825,
中债商业银行普通债收益率曲线(AAA),2020-08-06,2.6149,2.776,2.8862,3.2875,3.5573,3.6552,3.785,4.422
中债国债收益率曲线,2020-08-06,2.0604,2.2052,2.2356,2.6788,2.8211,3.0345,2.9816,3.7498
中债中短期票据收益率曲线(AAA),2020-08-07,2.6247,2.7825,2.8878,3.5466,3.881,3.932,4.0976,
中债商业银行普通债收益率曲线(AAA),2020-08-07,2.5997,2.7619,2.9102,3.3008,3.5774,3.6703,3.8001,4.4099
中债国债收益率曲线,2020-08-07,2.0615,2.2092,2.2225,2.687,2.8311,3.0393,2.9918,3.7685
中债国债收益率曲线,2020-08-10,2.0812,2.2092,2.2001,2.6667,2.806,3.0094,2.9543,3.7255
中债商业银行普通债收益率曲线(AAA),2020-08-10,2.5951,2.765,2.8895,3.3118,3.5602,3.6703,3.8001,4.4099
中债中短期票据收益率曲线(AAA),2020-08-10,2.6248,2.7877,2.913,3.55,3.8825,3.932,4.0976,
中债国债收益率曲线,2020-08-11,2.0889,2.195,2.2213,2.6781,2.8267,3.0093,2.9544,3.7198
中债中短期票据收益率曲线(AAA),2020-08-11,2.643,2.7993,2.9193,3.5508,3.8687,3.9182,4.0838,
中债商业银行普通债收益率曲线(AAA),2020-08-11,2.5918,2.7573,2.8788,3.3111,3.5349,3.645,3.7748,4.3846
中债中短期票据收益率曲线(AAA),2020-08-12,2.636,2.8305,2.9191,3.5385,3.8685,3.918,4.0836,
中债商业银行普通债收益率曲线(AAA),2020-08-12,2.5717,2.7559,2.8741,3.3114,3.5047,3.6148,3.7446,4.3544
中债国债收益率曲线,2020-08-12,2.1467,2.235,2.2415,2.7177,2.865,3.0242,2.962,3.7293
中债中短期票据收益率曲线(AAA),2020-08-13,2.6217,2.8259,2.9107,3.532,3.8672,3.9195,4.0796,
中债商业银行普通债收益率曲线(AAA),2020-08-13,2.5805,2.7629,2.8777,3.3323,3.4991,3.6163,3.7406,4.3504
中债国债收益率曲线,2020-08-13,2.1485,2.2458,2.2522,2.6967,2.8397,3.0093,2.9555,3.7198
中债商业银行普通债收益率曲线(AAA),2020-08-14,2.5521,2.7492,2.8608,3.3527,3.4834,3.6175,3.7406,4.3604
中债国债收益率曲线,2020-08-14,2.1319,2.2968,2.2744,2.6746,2.8209,2.9943,2.9369,3.7021
中债中短期票据收益率曲线(AAA),2020-08-14,2.6091,2.8292,2.9083,3.5217,3.8572,3.9207,4.0796,
中债中短期票据收益率曲线(AAA),2020-08-17,2.6243,2.8124,2.9144,3.4911,3.8326,3.9286,4.0867,
中债商业银行普通债收益率曲线(AAA),2020-08-17,2.5539,2.7996,2.8508,3.3231,3.4644,3.6254,3.7477,4.3683
中债国债收益率曲线,2020-08-17,2.1242,2.2891,2.265,2.6926,2.8106,2.9795,2.9421,3.6949
中债国债收益率曲线,2020-08-18,2.1174,2.2909,2.2754,2.6975,2.8458,2.9997,2.9771,3.7189
中债中短期票据收益率曲线(AAA),2020-08-18,2.6481,2.8304,2.9299,3.4782,3.8258,3.9218,4.0886,
中债商业银行普通债收益率曲线(AAA),2020-08-18,2.5368,2.7931,2.8486,3.3122,3.4567,3.6105,3.7327,4.3734
中债国债收益率曲线,2020-08-19,2.1536,2.3897,2.4369,2.7303,2.8844,3.0343,2.9921,3.7342
中债商业银行普通债收益率曲线(AAA),2020-08-19,2.5299,2.7936,2.851,3.3114,3.4845,3.627,3.7523,4.373
中债中短期票据收益率曲线(AAA),2020-08-19,2.6744,2.8637,2.956,3.4815,3.8454,3.9414,4.1082,
中债国债收益率曲线,2020-08-20,2.1831,2.4698,2.4237,2.7677,2.9115,3.0591,2.9973,3.7448
中债中短期票据收益率曲线(AAA),2020-08-20,2.7115,2.8986,2.9527,3.4994,3.8692,3.9652,4.132,
中债商业银行普通债收益率曲线(AAA),2020-08-20,2.5378,2.796,2.8978,3.3437,3.5141,3.6171,3.775,4.3968
中债中短期票据收益率曲线(AAA),2020-08-21,2.7354,2.9423,2.964,3.5096,3.8729,3.9594,4.1262,
中债商业银行普通债收益率曲线(AAA),2020-08-21,2.5742,2.8204,2.9402,3.3541,3.5285,3.6271,3.78,4.4018
中债国债收益率曲线,2020-08-21,2.1961,2.4829,2.4336,2.7518,2.8754,3.0291,2.9823,3.7112
中债中短期票据收益率曲线(AAA),2020-08-24,2.7349,2.9773,2.9957,3.5357,3.8828,3.9799,4.1467,
中债商业银行普通债收益率曲线(AAA),2020-08-24,2.5745,2.8219,2.9403,3.3599,3.5343,3.6477,3.8006,4.4224
中债国债收益率曲线,2020-08-24,2.2,2.4987,2.4437,2.7952,2.8976,3.0492,2.9998,3.7296
中债中短期票据收益率曲线(AAA),2020-08-25,2.7344,2.9972,3.0385,3.5778,3.9134,4.0097,4.1765,
中债商业银行普通债收益率曲线(AAA),2020-08-25,2.5784,2.8568,2.9552,3.4095,3.5843,3.6975,3.8504,4.4522
中债国债收益率曲线,2020-08-25,2.1698,2.5192,2.4742,2.8614,2.9454,3.0842,3.0424,3.7501
中债中短期票据收益率曲线(AAA),2020-08-26,2.7231,2.9796,3.0518,3.6243,3.921,4.0049,4.1717,
中债商业银行普通债收益率曲线(AAA),2020-08-26,2.594,2.8594,2.9871,3.4306,3.5957,3.6977,3.8504,4.4522
中债国债收益率曲线,2020-08-26,2.2027,2.5199,2.4854,2.8779,2.9751,3.0991,3.0511,3.7549
中债国债收益率曲线,2020-08-27,2.2199,2.5199,2.4961,2.9057,2.982,3.1189,3.0599,3.7643
中债中短期票据收益率曲线(AAA),2020-08-27,2.745,2.9945,3.075,3.6696,3.9507,4.0121,4.1617,
中债商业银行普通债收益率曲线(AAA),2020-08-27,2.588,2.879,2.999,3.4508,3.6306,3.7049,3.8404,4.4622
中债国债收益率曲线,2020-08-28,2.2478,2.5043,2.4869,2.9077,2.9902,3.1387,3.0672,3.7748
中债中短期票据收益率曲线(AAA),2020-08-28,2.7513,3.0095,3.0842,3.6933,3.9667,4.0114,4.1516,
中债商业银行普通债收益率曲线(AAA),2020-08-28,2.597,2.8567,3.0047,3.4705,3.6593,3.7042,3.8404,4.4521
中债中短期票据收益率曲线(AAA),2020-08-31,2.7603,3.0137,3.1041,3.7182,3.9765,4.0212,4.1613,
中债商业银行普通债收益率曲线(AAA),2020-08-31,2.6106,2.8743,3.0048,3.453,3.6642,3.709,3.8452,4.4569
中债国债收益率曲线,2020-08-31,2.2335,2.5297,2.5123,2.8928,2.9549,3.0983,3.0177,3.7343
中债中短期票据收益率曲线(AAA),2020-09-01,2.7532,3.0232,3.108,3.7134,3.9762,4.0196,4.1697,
中债商业银行普通债收益率曲线(AAA),2020-09-01,2.5955,2.8835,3.0346,3.4775,3.6657,3.7181,3.8643,4.466
中债国债收益率曲线,2020-09-01,2.2348,2.5199,2.5203,2.922,2.9811,3.1528,3.0478,3.7603
中债中短期票据收益率曲线(AAA),2020-09-02,2.7509,3.0216,3.1432,3.7339,3.9574,4.0291,4.1792,
中债商业银行普通债收益率曲线(AAA),2020-09-02,2.6147,2.875,3.024,3.4764,3.6604,3.7355,3.8817,4.474
中债国债收益率曲线,2020-09-02,2.2755,2.5359,2.5563,2.9641,3.0526,3.2054,3.1027,3.7812
中债国债收益率曲线,2020-09-03,2.2779,2.5359,2.5712,2.9585,3.0842,3.1906,3.1051,3.7814
中债商业银行普通债收益率曲线(AAA),2020-09-03,2.6133,2.8692,3.024,3.4944,3.6692,3.7577,3.9039,4.4962
中债中短期票据收益率曲线(AAA),2020-09-03,2.7717,3.0288,3.1721,3.7405,3.9662,4.0513,4.2014,
中债中短期票据收益率曲线(AAA),2020-09-04,2.7807,3.0483,3.1732,3.7446,3.9823,4.0448,4.1784,
中债商业银行普通债收益率曲线(AAA),2020-09-04,2.6367,2.9114,3.0317,3.5018,3.6499,3.7312,3.8609,4.4606
中债国债收益率曲线,2020-09-04,2.2795,2.5459,2.5885,2.9871,3.1008,3.2082,3.1228,3.803
中债中短期票据收益率曲线(AAA),2020-09-07,2.8131,3.0576,3.1939,3.7597,3.9827,4.0611,4.1947,
中债商业银行普通债收益率曲线(AAA),2020-09-07,2.6556,2.9403,3.0487,3.5238,3.6503,3.7412,3.8709,4.4607
中债国债收益率曲线,2020-09-07,2.3757,2.5909,2.6151,2.9968,3.1074,3.2085,3.1454,3.832
中债中短期票据收益率曲线(AAA),2020-09-08,2.8354,3.0801,3.2262,3.741,3.9939,4.0723,4.2059,
中债商业银行普通债收益率曲线(AAA),2020-09-08,2.6564,2.9303,3.0821,3.525,3.6608,3.7497,3.8794,4.4592
中债国债收益率曲线,2020-09-08,2.3633,2.58,2.5969,2.9862,3.0846,3.1958,3.123,3.8204
中债国债收益率曲线,2020-09-09,2.3873,2.6549,2.603,2.9363,3.0323,3.1531,3.0805,3.7891
中债商业银行普通债收益率曲线(AAA),2020-09-09,2.6583,2.9561,3.0869,3.5142,3.6655,3.7416,3.8713,4.4511
中债中短期票据收益率曲线(AAA),2020-09-09,2.8248,3.1008,3.2362,3.7411,3.9859,4.0642,4.1978,
中债国债收益率曲线,2020-09-10,2.3617,2.6,2.573,2.8839,2.999,3.1484,3.0833,3.8128
中债中短期票据收益率曲线(AAA),2020-09-10,2.8103,3.1065,3.2365,3.7111,3.9711,4.0597,4.1978,
中债商业银行普通债收益率曲线(AAA),2020-09-10,2.6504,2.9853,3.0886,3.4837,3.6684,3.7371,3.8713,4.4236
中债中短期票据收益率曲线(AAA),2020-09-11,2.8044,3.1032,3.2512,3.7154,3.969,4.0747,4.2128,
中债商业银行普通债收益率曲线(AAA),2020-09-11,2.6457,3.0065,3.0801,3.4858,3.675,3.7521,3.8863,4.4386
中债国债收益率曲线,2020-09-11,2.3232,2.6005,2.5964,2.9092,3.0371,3.1886,3.1346,3.8234
中债中短期票据收益率曲线(AAA),2020-09-14,2.8067,3.1168,3.2478,3.7329,3.9865,4.0784,4.216,
中债商业银行普通债收益率曲线(AAA),2020-09-14,2.6201,2.9972,3.065,3.4854,3.6932,3.7558,3.8863,4.4449
中债国债收益率曲线,2020-09-14,2.2859,2.5999,2.6051,2.8955,3.0608,3.1987,3.1532,3.8291
中债中短期票据收益率曲线(AAA),2020-09-15,2.7863,3.0916,3.238,3.7079,3.9765,4.0684,4.206,
中债商业银行普通债收益率曲线(AAA),2020-09-15,2.634,2.9944,3.0365,3.4631,3.6891,3.7453,3.8758,4.4344
中债国债收益率曲线,2020-09-15,2.2871,2.5722,2.5934,2.8514,3.0008,3.1586,3.1083,3.81
中债中短期票据收益率曲线(AAA),2020-09-16,2.7573,3.0742,3.2161,3.6879,3.9511,4.0403,4.1779,
中债商业银行普通债收益率曲线(AAA),2020-09-16,2.5834,3.0115,3.0595,3.4412,3.6536,3.7171,3.8476,4.4362
中债国债收益率曲线,2020-09-16,2.3333,2.5683,2.6114,2.8457,2.9944,3.1785,3.126,3.8276
中债中短期票据收益率曲线(AAA),2020-09-17,2.7685,3.0558,3.2073,3.692,3.9555,4.0445,4.1821,
中债商业银行普通债收益率曲线(AAA),2020-09-17,2.6091,3.0227,3.05,3.4275,3.6488,3.7123,3.8428,4.4314
中债国债收益率曲线,2020-09-17,2.3316,2.577,2.6124,2.8566,3.0157,3.1933,3.1334,3.8251
中债国债收益率曲线,2020-09-18,2.3218,2.5771,2.6088,2.83,2.971,3.1682,3.1162,3.8301
中债中短期票据收益率曲线(AAA),2020-09-18,2.7462,3.0719,3.1988,3.6849,3.9667,4.0557,4.1933,
中债商业银行普通债收益率曲线(AAA),2020-09-18,2.5965,3.0379,3.0502,3.4224,3.6385,3.7235,3.854,4.4426
中债商业银行普通债收益率曲线(AAA),2020-09-21,2.6265,3.0546,3.0904,3.4198,3.6779,3.7545,3.885,4.4436
中债中短期票据收益率曲线(AAA),2020-09-21,2.7525,3.0669,3.1872,3.6907,3.9768,4.0657,4.2033,
中债国债收益率曲线,2020-09-21,2.2852,2.5782,2.6127,2.804,2.9414,3.1435,3.0999,3.8153
中债中短期票据收益率曲线(AAA),2020-09-22,2.7984,3.0852,3.1853,3.6766,3.9618,4.0681,4.2057,
中债商业银行普通债收益率曲线(AAA),2020-09-22,2.641,3.0101,3.0558,3.4253,3.6879,3.7669,3.8974,4.446
中债国债收益率曲线,2020-09-22,2.3201,2.5611,2.6082,2.8164,2.9374,3.1238,3.0863,3.8053
中债中短期票据收益率曲线(AAA),2020-09-23,2.7944,3.0823,3.1811,3.6879,3.9648,4.0981,4.2357,
中债商业银行普通债收益率曲线(AAA),2020-09-23,2.6273,3.0001,3.0558,3.4053,3.6849,3.7969,3.9274,4.456
中债国债收益率曲线,2020-09-23,2.2718,2.5598,2.6282,2.8207,2.9433,3.1334,3.089,3.8103
中债国债收益率曲线,2020-09-24,2.2215,2.5677,2.5942,2.8422,2.955,3.1284,3.084,3.8029
中债商业银行普通债收益率曲线(AAA),2020-09-24,2.6406,3.0013,3.056,3.3802,3.6694,3.807,3.9375,4.4661
中债中短期票据收益率曲线(AAA),2020-09-24,2.8215,3.0874,3.1679,3.6902,3.9749,4.1082,4.2458,
中债中短期票据收益率曲线(AAA),2020-09-25,2.8625,3.0908,3.1679,3.6847,3.961,4.1133,4.2509,
中债商业银行普通债收益率曲线(AAA),2020-09-25,2.6664,3.0182,3.0825,3.4,3.6812,3.8121,3.9426,4.4663
中债国债收益率曲线,2020-09-25,2.2131,2.5677,2.6116,2.8754,3.0015,3.1589,3.1295,3.8329
中债中短期票据收益率曲线(AAA),2020-09-27,2.8817,3.1009,3.1679,3.7098,3.9704,4.1328,4.2704,
中债商业银行普通债收益率曲线(AAA),2020-09-27,2.6938,3.0395,3.0825,3.4195,3.6812,3.8316,3.9621,4.4858
中债国债收益率曲线,2020-09-27,2.2067,2.5613,2.6005,2.8825,3.0086,3.1544,3.1324,3.8305
中债中短期票据收益率曲线(AAA),2020-09-28,2.9065,3.1186,3.1829,3.7144,3.9728,4.1452,4.2791,
中债商业银行普通债收益率曲线(AAA),2020-09-28,2.7289,3.0414,3.0903,3.4162,3.6759,3.8263,3.9568,4.4805
中债国债收益率曲线,2020-09-28,2.215,2.5662,2.6075,2.8868,3.0007,3.1607,3.1092,3.8205
中债国债收益率曲线,2020-09-29,2.3109,2.6043,2.6381,2.8899,3.0245,3.1879,3.1292,3.833
中债中短期票据收益率曲线(AAA),2020-09-29,2.9157,3.1408,3.1756,3.7225,3.9652,4.1442,4.2781,
中债商业银行普通债收益率曲线(AAA),2020-09-29,2.7265,3.0401,3.0764,3.4163,3.6683,3.8253,3.9558,4.4795
中债商业银行普通债收益率曲线(AAA),2020-09-30,2.5165,3.0366,3.1271,3.4117,3.6744,3.8314,3.9619,4.4856
中债国债收益率曲线,2020-09-30,2.3213,2.5999,2.6462,2.9301,3.0537,3.2126,3.1482,3.8481
中债中短期票据收益率曲线(AAA),2020-09-30,2.7362,3.1443,3.1726,3.7292,3.9714,4.1503,4.2842,
中债中短期票据收益率曲线(AAA),2020-10-09,2.7149,3.1216,3.1888,3.7354,3.9889,4.1678,4.3017,
中债商业银行普通债收益率曲线(AAA),2020-10-09,2.7428,2.9899,3.1179,3.4357,3.6919,3.8489,3.9794,4.488
中债国债收益率曲线,2020-10-09,2.3662,2.6009,2.7017,2.9897,3.1147,3.2619,3.1873,3.8834
中债中短期票据收益率曲线(AAA),2020-10-10,2.7237,3.1333,3.2036,3.765,4.0078,4.1868,4.3207,
中债商业银行普通债收益率曲线(AAA),2020-10-10,2.6567,2.977,3.1182,3.4545,3.7109,3.8679,3.9984,4.507
中债国债收益率曲线,2020-10-10,2.3443,2.601,2.7017,2.9872,3.1144,3.2664,3.1898,3.8822
中债国债收益率曲线,2020-10-12,2.3747,2.6482,2.6937,3.0005,3.0893,3.2665,3.1861,3.8709
中债中短期票据收益率曲线(AAA),2020-10-12,2.7545,3.1317,3.2051,3.7489,3.9874,4.1663,4.3002,
中债商业银行普通债收益率曲线(AAA),2020-10-12,2.8121,3.0242,3.1179,3.4546,3.7074,3.8679,3.9984,4.4934
中债中短期票据收益率曲线(AAA),2020-10-13,2.7591,3.1198,3.1959,3.7588,3.9972,4.1761,4.31,
中债商业银行普通债收益率曲线(AAA),2020-10-13,2.8834,3.0442,3.1179,3.4645,3.7074,3.8679,3.9984,4.4935
中债国债收益率曲线,2020-10-13,2.3731,2.6576,2.6959,3.0026,3.1072,3.2812,3.195,3.8835
中债中短期票据收益率曲线(AAA),2020-10-14,2.7937,3.1263,3.1999,3.7467,4.0067,4.1856,4.3195,
中债商业银行普通债收益率曲线(AAA),2020-10-14,2.8981,3.0289,3.1179,3.4612,3.7269,3.8774,4.0079,4.4862
中债国债收益率曲线,2020-10-14,2.5231,2.6999,2.7189,3.0188,3.1393,3.2915,3.215,3.8985
中债中短期票据收益率曲线(AAA),2020-10-15,2.7948,3.117,3.1917,3.7254,4.0013,4.1801,4.314,
中债商业银行普通债收益率曲线(AAA),2020-10-15,2.8961,3.0174,3.1229,3.4741,3.7319,3.8719,4.0024,4.4688
中债国债收益率曲线,2020-10-15,2.6124,2.6998,2.6882,3.019,3.1655,3.2921,3.23,3.9035
中债国债收益率曲线,2020-10-16,2.6137,2.6897,2.6961,3.0159,3.1557,3.2773,3.2202,3.9086
中债商业银行普通债收益率曲线(AAA),2020-10-16,2.8972,3.0161,3.1353,3.4655,3.7353,3.8753,4.0058,4.4722
中债中短期票据收益率曲线(AAA),2020-10-16,2.8248,3.1259,3.2028,3.7157,4.0047,4.1835,4.3174,
中债中短期票据收益率曲线(AAA),2020-10-19,2.8282,3.1382,3.1828,3.7121,4.0117,4.1904,4.3243,
中债商业银行普通债收益率曲线(AAA),2020-10-19,2.9202,2.9961,3.152,3.477,3.7298,3.87,4.0005,4.4769
中债国债收益率曲线,2020-10-19,2.6213,2.6893,2.6973,2.997,3.131,3.2571,3.2005,3.9012
中债中短期票据收益率曲线(AAA),2020-10-20,2.8815,3.1429,3.1841,3.6976,4.0062,4.185,4.3189,
中债商业银行普通债收益率曲线(AAA),2020-10-20,2.9473,3.0113,3.158,3.4979,3.72,3.8646,3.9951,4.4715
中债国债收益率曲线,2020-10-20,2.6238,2.6892,2.7047,2.9955,3.1196,3.2473,3.1955,3.8963
中债中短期票据收益率曲线(AAA),2020-10-21,2.9001,3.1382,3.1729,3.689,4.0011,4.1799,4.3138,
中债商业银行普通债收益率曲线(AAA),2020-10-21,2.8975,3.0327,3.1559,3.4799,3.7149,3.8595,3.99,4.4664
中债国债收益率曲线,2020-10-21,2.6355,2.6836,2.6848,2.9666,3.04,3.2324,3.1855,3.8888
中债国债收益率曲线,2020-10-22,2.6327,2.6823,2.6461,2.9255,2.98,3.2127,3.1707,3.8713
中债商业银行普通债收益率曲线(AAA),2020-10-22,2.9465,3.0499,3.158,3.4799,3.6906,3.8352,3.9657,4.4421
中债中短期票据收益率曲线(AAA),2020-10-22,2.9558,3.1368,3.1629,3.6675,3.9768,4.1556,4.2895,
中债中短期票据收益率曲线(AAA),2020-10-23,2.9575,3.1431,3.1657,3.6523,3.9735,4.1523,4.2862,
中债商业银行普通债收益率曲线(AAA),2020-10-23,2.9368,3.0494,3.1636,3.4906,3.6873,3.8319,3.9624,4.4388
中债国债收益率曲线,2020-10-23,2.6359,2.6882,2.6821,2.96,3.0,3.2421,3.1957,3.8888
中债中短期票据收益率曲线(AAA),2020-10-26,3.0013,3.1894,3.1764,3.6613,3.9736,4.1524,4.2979,
中债商业银行普通债收益率曲线(AAA),2020-10-26,2.9974,3.0786,3.1738,3.4805,3.6817,3.832,3.974,4.4504
中债国债收益率曲线,2020-10-26,2.6453,2.6872,2.6917,2.9679,3.0077,3.2517,3.1934,3.8864
中债中短期票据收益率曲线(AAA),2020-10-27,3.069,3.1989,3.2077,3.6585,3.9721,4.1509,4.2964,
中债商业银行普通债收益率曲线(AAA),2020-10-27,3.0266,3.1075,3.1687,3.4933,3.6821,3.8432,3.9852,4.4616
中债国债收益率曲线,2020-10-27,2.6459,2.7245,2.6867,2.9372,2.9702,3.2167,3.1609,3.8615
中债国债收益率曲线,2020-10-28,2.6631,2.7897,2.7228,2.959,2.9953,3.2558,3.181,3.8715
中债中短期票据收益率曲线(AAA),2020-10-28,3.077,3.2077,3.2191,3.6484,3.9721,4.1509,4.2964,
中债商业银行普通债收益率曲线(AAA),2020-10-28,3.0131,3.0927,3.1605,3.4954,3.6821,3.8432,3.9852,4.4616
中债商业银行普通债收益率曲线(AAA),2020-10-29,3.0119,3.0775,3.1363,3.4884,3.6827,3.8438,3.9858,4.4622
中债中短期票据收益率曲线(AAA),2020-10-29,3.0991,3.2102,3.2321,3.6464,3.9727,4.1515,4.297,
中债国债收益率曲线,2020-10-29,2.656,2.7695,2.7191,2.9524,2.9904,3.2558,3.186,3.874
中债国债收益率曲线,2020-10-30,2.662,2.7845,2.7273,2.9459,2.9755,3.2411,3.181,3.8615
中债中短期票据收益率曲线(AAA),2020-10-30,3.0929,3.2145,3.2454,3.6602,3.9832,4.1621,4.3076,
中债商业银行普通债收益率曲线(AAA),2020-10-30,3.0206,3.0834,3.1391,3.4878,3.6933,3.8544,3.9964,4.4728
中债中短期票据收益率曲线(AAA),2020-11-02,3.1096,3.2156,3.2482,3.667,3.9842,4.151,4.2845,
中债商业银行普通债收益率曲线(AAA),2020-11-02,3.0106,3.0734,3.1491,3.5017,3.6974,3.8433,3.9733,4.4497
中债国债收益率曲线,2020-11-02,2.6647,2.7794,2.7525,2.9462,2.9757,3.2364,3.1785,3.8465
中债中短期票据收益率曲线(AAA),2020-11-03,3.1294,3.2226,3.257,3.6563,3.9793,4.1461,4.2748,
中债商业银行普通债收益率曲线(AAA),2020-11-03,3.0304,3.0807,3.1508,3.4855,3.7369,3.8828,4.0128,4.4392
中债国债收益率曲线,2020-11-03,2.6364,2.7392,2.7322,2.932,2.9633,3.2268,3.1762,3.8465
中债商业银行普通债收益率曲线(AAA),2020-11-04,3.0146,3.0743,3.151,3.4872,3.7225,3.872,4.002,4.4384
中债国债收益率曲线,2020-11-04,2.6591,2.739,2.7347,2.9378,2.9761,3.2073,3.1687,3.834
中债中短期票据收益率曲线(AAA),2020-11-04,3.139,3.2252,3.2621,3.6528,3.9686,4.1353,4.264,
中债中短期票据收益率曲线(AAA),2020-11-05,3.1281,3.2204,3.2599,3.638,3.956,4.1249,4.2433,
中债商业银行普通债收益率曲线(AAA),2020-11-05,3.0096,3.0614,3.1408,3.492,3.7099,3.8616,3.9813,4.4177
中债国债收益率曲线,2020-11-05,2.6633,2.7487,2.7481,2.9602,2.9986,3.2228,3.1912,3.8541
中债国债收益率曲线,2020-11-06,2.6513,2.7595,2.7832,2.9702,3.0341,3.2354,3.2063,3.8716
中债中短期票据收益率曲线(AAA),2020-11-06,3.1383,3.23,3.2623,3.6387,3.9463,4.1154,4.2439,
中债商业银行普通债收益率曲线(AAA),2020-11-06,3.0056,3.0664,3.1443,3.4748,3.704,3.8558,3.9819,4.4183
中债国债收益率曲线,2020-11-09,2.6578,2.7688,2.7944,2.9852,3.0572,3.2628,3.2363,3.8916
中债中短期票据收益率曲线(AAA),2020-11-09,3.16,3.2419,3.2871,3.6562,3.963,4.1188,4.234,
中债商业银行普通债收益率曲线(AAA),2020-11-09,3.0143,3.0699,3.1535,3.4731,3.7186,3.8592,3.972,4.4084
中债中短期票据收益率曲线(AAA),2020-11-10,3.1607,3.231,3.3029,3.6718,3.9822,4.1138,4.2246,
中债商业银行普通债收益率曲线(AAA),2020-11-10,3.047,3.0819,3.1635,3.4836,3.7182,3.8542,3.9626,4.399
中债国债收益率曲线,2020-11-10,2.6564,2.7543,2.7882,2.9602,3.0426,3.2503,3.2241,3.8867
中债中短期票据收益率曲线(AAA),2020-11-11,3.1648,3.2624,3.3088,3.6987,3.9929,4.1193,4.2301,
中债商业银行普通债收益率曲线(AAA),2020-11-11,3.0702,3.1123,3.1748,3.4821,3.7149,3.8442,3.9526,4.409
中债国债收益率曲线,2020-11-11,2.7113,2.8,2.8009,2.9702,3.0528,3.2584,3.2391,3.8942
中债中短期票据收益率曲线(AAA),2020-11-12,3.1749,3.3174,3.3556,3.7379,4.018,4.1444,4.2552,
中债商业银行普通债收益率曲线(AAA),2020-11-12,3.0835,3.1165,3.2216,3.4824,3.7265,3.8442,3.9526,4.419
中债国债收益率曲线,2020-11-12,2.756,2.8297,2.8287,2.9902,3.0832,3.283,3.2614,3.9016
中债国债收益率曲线,2020-11-13,2.7926,2.8599,2.8464,3.0053,3.0984,3.2885,3.2715,3.9066
中债商业银行普通债收益率曲线(AAA),2020-11-13,3.1197,3.1506,3.266,3.5108,3.7603,3.878,3.9796,4.449
中债中短期票据收益率曲线(AAA),2020-11-13,3.2488,3.3475,3.4309,3.8009,4.0662,4.1926,4.3034,
中债中短期票据收益率曲线(AAA),2020-11-16,3.2897,3.3493,3.4511,3.8276,4.0746,4.201,4.3247,
中债商业银行普通债收益率曲线(AAA),2020-11-16,3.1287,3.1575,3.2712,3.5061,3.7687,3.8864,4.0009,4.4703
中债国债收益率曲线,2020-11-16,2.6887,2.8298,2.8497,3.0109,3.1039,3.2956,3.2741,3.9041
中债中短期票据收益率曲线(AAA),2020-11-17,3.3224,3.376,3.4723,3.8381,4.0676,4.216,4.3397,
中债商业银行普通债收益率曲线(AAA),2020-11-17,3.1228,3.1574,3.2715,3.5066,3.7617,3.9014,4.0159,4.4853
中债国债收益率曲线,2020-11-17,2.6887,2.8348,2.8634,3.0259,3.1242,3.3034,3.2866,3.9116
中债中短期票据收益率曲线(AAA),2020-11-18,3.3292,3.3911,3.4948,3.858,4.0632,4.2116,4.3593,
中债商业银行普通债收益率曲线(AAA),2020-11-18,3.1527,3.2175,3.3034,3.5459,3.7699,3.9096,4.0241,4.4935
中债国债收益率曲线,2020-11-18,2.7526,2.8676,2.94,3.0603,3.167,3.3292,3.324,3.9289
中债国债收益率曲线,2020-11-19,2.808,2.8843,2.9433,3.11,3.2145,3.3589,3.3487,3.9412
中债商业银行普通债收益率曲线(AAA),2020-11-19,3.2337,3.2665,3.3137,3.5778,3.7702,3.9189,4.0299,4.4993
中债中短期票据收益率曲线(AAA),2020-11-19,3.3573,3.4039,3.5681,3.8881,4.0725,4.2209,4.3651,
中债国债收益率曲线,2020-11-20,2.9216,3.0226,2.9503,3.1201,3.191,3.3385,3.31,3.9316
中债中短期票据收益率曲线(AAA),2020-11-20,3.3719,3.4327,3.5906,3.9065,4.0621,4.2431,4.3873,
中债商业银行普通债收益率曲线(AAA),2020-11-20,3.2718,3.257,3.3475,3.6339,3.8002,3.9489,4.0599,4.5293
中债国债收益率曲线,2020-11-23,2.8924,2.9742,2.951,3.0751,3.1337,3.303,3.265,3.9018
中债中短期票据收益率曲线(AAA),2020-11-23,3.3628,3.4376,3.5973,3.89,4.0569,4.2379,4.3723,
中债商业银行普通债收益率曲线(AAA),2020-11-23,3.2896,3.2847,3.3518,3.6569,3.8095,3.9437,4.0449,4.5143
中债中短期票据收益率曲线(AAA),2020-11-24,3.3533,3.4649,3.5672,3.8759,4.0735,4.2545,4.3889,
中债商业银行普通债收益率曲线(AAA),2020-11-24,3.2774,3.3132,3.3853,3.644,3.7892,3.9234,4.0246,4.514
中债国债收益率曲线,2020-11-24,2.9023,2.9942,2.969,3.1001,3.1691,3.3256,3.29,3.9041
中债中短期票据收益率曲线(AAA),2020-11-25,3.3465,3.4668,3.5531,3.863,4.0635,4.2445,4.3789,
中债商业银行普通债收益率曲线(AAA),2020-11-25,3.2526,3.3084,3.355,3.6438,3.7743,3.9085,4.0097,4.4991
中债国债收益率曲线,2020-11-25,2.9031,2.9999,2.9461,3.0754,3.134,3.3031,3.2675,3.8867
中债商业银行普通债收益率曲线(AAA),2020-11-26,3.2002,3.2718,3.3515,3.5923,3.774,3.9082,4.0094,4.4988
中债国债收益率曲线,2020-11-26,2.9279,2.9848,2.9357,3.0755,3.142,3.3134,3.285,3.8992
中债中短期票据收益率曲线(AAA),2020-11-26,3.3355,3.4789,3.5458,3.8429,4.0632,4.2342,4.3686,
中债中短期票据收益率曲线(AAA),2020-11-27,3.3376,3.4543,3.5383,3.8401,4.0539,4.225,4.3594,
中债商业银行普通债收益率曲线(AAA),2020-11-27,3.193,3.2504,3.3456,3.5923,3.7888,3.923,4.0242,4.5136
中债国债收益率曲线,2020-11-27,2.9274,2.9698,2.9104,3.0837,3.1522,3.3189,3.3,3.9041
中债国债收益率曲线,2020-11-30,2.8599,2.8903,2.831,2.9967,3.0708,3.2642,3.25,3.8668
中债中短期票据收益率曲线(AAA),2020-11-30,3.2904,3.4166,3.5244,3.8163,4.0032,4.1878,4.3357,
中债商业银行普通债收益率曲线(AAA),2020-11-30,3.1123,3.2031,3.2521,3.5796,3.7746,3.9088,4.0005,4.4899
中债国债收益率曲线,2020-12-01,2.8801,2.8203,2.8457,3.0061,3.0915,3.2843,3.2725,3.8817
中债中短期票据收益率曲线(AAA),2020-12-01,3.1981,3.3685,3.491,3.7944,3.9769,4.1645,4.3116,
中债商业银行普通债收益率曲线(AAA),2020-12-01,3.09,3.1863,3.2208,3.5404,3.7483,3.8855,3.9764,4.4658
中债中短期票据收益率曲线(AAA),2020-12-02,3.1548,3.3737,3.4774,3.7989,3.9845,4.1631,4.3102,
中债商业银行普通债收益率曲线(AAA),2020-12-02,3.115,3.1871,3.2062,3.5357,3.7558,3.8841,3.975,4.4644
中债国债收益率曲线,2020-12-02,2.8707,2.8403,2.8608,3.0519,3.125,3.2943,3.2925,3.8942
中债中短期票据收益率曲线(AAA),2020-12-03,3.1475,3.3274,3.4634,3.8073,3.9717,4.1503,4.2974,
中债商业银行普通债收益率曲线(AAA),2020-12-03,3.1409,3.1726,3.2266,3.5429,3.7431,3.8805,3.9714,4.4608
中债国债收益率曲线,2020-12-03,2.8616,2.8603,2.8761,3.0473,3.1305,3.28,3.2851,3.8816
中债中短期票据收益率曲线(AAA),2020-12-04,3.1579,3.3032,3.463,3.8074,3.9641,4.1427,4.284,
中债商业银行普通债收益率曲线(AAA),2020-12-04,3.1319,3.1612,3.22,3.54,3.7379,3.8729,3.958,4.4474
中债国债收益率曲线,2020-12-04,2.8551,2.8738,2.8708,3.0348,3.1156,3.2701,3.2651,3.8566
中债国债收益率曲线,2020-12-07,2.834,2.8509,2.8614,3.042,3.1261,3.2738,3.2701,3.8545
中债中短期票据收益率曲线(AAA),2020-12-07,3.1619,3.2751,3.4542,3.8201,3.9522,4.1341,4.2754,
中债商业银行普通债收益率曲线(AAA),2020-12-07,3.0622,3.1558,3.2231,3.54,3.756,3.891,3.9761,4.4655
中债中短期票据收益率曲线(AAA),2020-12-08,3.1292,3.2328,3.4345,3.8233,3.9513,4.1332,4.2745,
中债商业银行普通债收益率曲线(AAA),2020-12-08,2.9884,3.1336,3.2216,3.5331,3.7474,3.905,3.9901,4.4895
中债国债收益率曲线,2020-12-08,2.8103,2.8315,2.8417,3.0115,3.1121,3.2575,3.2551,3.8313
中债中短期票据收益率曲线(AAA),2020-12-09,3.0825,3.1911,3.4209,3.7985,3.9461,4.128,4.2693,
中债商业银行普通债收益率曲线(AAA),2020-12-09,2.9123,3.0735,3.1776,3.5123,3.735,3.925,4.0101,4.5095
中债国债收益率曲线,2020-12-09,2.7421,2.8014,2.8449,3.0097,3.1257,3.27,3.2726,3.8234
中债国债收益率曲线,2020-12-10,2.7135,2.7626,2.8047,2.9623,3.105,3.26,3.2601,3.8262
中债商业银行普通债收益率曲线(AAA),2020-12-10,2.8788,2.9706,3.1573,3.4711,3.726,3.9242,4.0093,4.5087
中债中短期票据收益率曲线(AAA),2020-12-10,3.0502,3.1545,3.4002,3.772,3.9371,4.119,4.2603,
中债国债收益率曲线,2020-12-11,2.7221,2.8082,2.8334,2.9969,3.1403,3.3,3.2951,3.8434
中债中短期票据收益率曲线(AAA),2020-12-11,3.07,3.1386,3.3941,3.7877,3.936,4.119,4.2495,
中债商业银行普通债收益率曲线(AAA),2020-12-11,2.8676,2.9733,3.1527,3.4761,3.7248,3.9242,3.9985,4.4819
中债中短期票据收益率曲线(AAA),2020-12-14,3.0596,3.1434,3.4093,3.7855,3.946,4.129,4.2556,
中债商业银行普通债收益率曲线(AAA),2020-12-14,2.8676,2.9942,3.1566,3.4862,3.7348,3.9342,4.0046,4.488
中债国债收益率曲线,2020-12-14,2.6999,2.786,2.8245,2.9833,3.126,3.285,3.2851,3.8383
中债中短期票据收益率曲线(AAA),2020-12-15,3.0592,3.1133,3.3629,3.7606,3.9302,4.1151,4.2494,
中债商业银行普通债收益率曲线(AAA),2020-12-15,2.8077,2.9575,3.1209,3.4839,3.7063,3.9203,3.9984,4.4864
中债国债收益率曲线,2020-12-15,2.6754,2.7557,2.7888,2.9593,3.0989,3.2775,3.2777,3.8361
中债国债收益率曲线,2020-12-16,2.6,2.7227,2.7312,2.9271,3.0802,3.2702,3.2752,3.8361
中债商业银行普通债收益率曲线(AAA),2020-12-16,2.6991,2.8694,3.0693,3.4359,3.6863,3.9003,3.9944,4.4824
中债中短期票据收益率曲线(AAA),2020-12-16,2.9946,3.0124,3.3194,3.75,3.9102,4.0951,4.2454,
中债商业银行普通债收益率曲线(AAA),2020-12-17,2.7035,2.8702,3.0247,3.4242,3.6969,3.9152,4.005,4.493
中债国债收益率曲线,2020-12-17,2.6,2.6887,2.7273,2.9528,3.1025,3.2776,3.2802,3.8412
中债中短期票据收益率曲线(AAA),2020-12-17,2.9,2.9512,3.2912,3.7323,3.9302,4.1151,4.256,
中债中短期票据收益率曲线(AAA),2020-12-18,2.8115,2.8918,3.2904,3.7428,3.9378,4.1161,4.246,
中债商业银行普通债收益率曲线(AAA),2020-12-18,2.7336,2.8802,3.0367,3.43,3.7045,3.9137,3.995,4.483
中债国债收益率曲线,2020-12-18,2.5802,2.6837,2.7267,2.9642,3.11,3.2804,3.2902,3.8283
中债中短期票据收益率曲线(AAA),2020-12-21,2.8255,2.8962,3.2628,3.7344,3.9079,4.1261,4.2328,
中债商业银行普通债收益率曲线(AAA),2020-12-21,2.7273,2.8618,3.0543,3.4281,3.6978,3.9153,3.9966,4.4946
中债国债收益率曲线,2020-12-21,2.533,2.6535,2.6919,2.9284,3.0735,3.2602,3.2652,3.8185
中债国债收益率曲线,2020-12-22,2.5113,2.6045,2.6695,2.901,3.0353,3.2156,3.2278,3.7862
中债中短期票据收益率曲线(AAA),2020-12-22,2.8263,2.8852,3.2281,3.6833,3.873,4.0912,4.1979,
中债商业银行普通债收益率曲线(AAA),2020-12-22,2.6603,2.8298,3.0281,3.4398,3.6629,3.8804,3.9617,4.4797
中债中短期票据收益率曲线(AAA),2020-12-23,2.786,2.879,3.1993,3.6309,3.863,4.079,4.1696,
中债商业银行普通债收益率曲线(AAA),2020-12-23,2.695,2.8277,3.0247,3.4319,3.6382,3.8682,3.9495,4.4775
中债国债收益率曲线,2020-12-23,2.4711,2.5884,2.6551,2.8885,3.0237,3.22,3.2153,3.7839
中债中短期票据收益率曲线(AAA),2020-12-24,2.7758,2.8817,3.2012,3.5951,3.8415,4.0575,4.1721,
中债商业银行普通债收益率曲线(AAA),2020-12-24,2.6635,2.8277,3.0081,3.412,3.6167,3.8467,3.952,4.48
中债国债收益率曲线,2020-12-24,2.4806,2.567,2.6501,2.9097,3.0439,3.235,3.2303,3.8014
中债中短期票据收益率曲线(AAA),2020-12-25,2.744,2.9054,3.1915,3.5874,3.8315,4.0475,4.1621,
中债商业银行普通债收益率曲线(AAA),2020-12-25,2.6337,2.8455,3.0084,3.4217,3.6163,3.8367,3.942,4.482
中债国债收益率曲线,2020-12-25,2.4739,2.57,2.6096,2.8856,3.003,3.195,3.1878,3.7743
中债国债收益率曲线,2020-12-28,2.4027,2.5667,2.5671,2.8552,2.9953,3.1851,3.1629,3.7571
中债商业银行普通债收益率曲线(AAA),2020-12-28,2.6447,2.8011,2.9939,3.4149,3.6206,3.8217,3.927,4.477
中债中短期票据收益率曲线(AAA),2020-12-28,2.7627,2.8879,3.1643,3.5859,3.8358,4.0325,4.1471,
中债中短期票据收益率曲线(AAA),2020-12-29,2.7581,2.8779,3.1812,3.5914,3.799,3.9976,4.1122,
中债商业银行普通债收益率曲线(AAA),2020-12-29,2.7255,2.8267,3.0498,3.4324,3.6078,3.7868,3.8921,4.4954
中债国债收益率曲线,2020-12-29,2.3633,2.5165,2.5486,2.8505,2.9879,3.18,3.1554,3.7445
中债中短期票据收益率曲线(AAA),2020-12-30,2.7643,2.868,3.1712,3.5714,3.7943,3.9858,4.1022,
中债商业银行普通债收益率曲线(AAA),2020-12-30,2.7955,2.8164,3.0115,3.4144,3.5875,3.7568,3.8621,4.4854
中债国债收益率曲线,2020-12-30,2.3502,2.5121,2.5036,2.7943,2.931,3.1451,3.1204,3.7172
中债中短期票据收益率曲线(AAA),2020-12-31,2.6078,2.8078,3.1406,3.544,3.7975,3.989,4.1054,
中债商业银行普通债收益率曲线(AAA),2020-12-31,2.4883,2.7331,3.0115,3.3755,3.5693,3.76,3.8653,4.5186
中债国债收益率曲线,2020-12-31,2.2824,2.4316,2.4739,2.8174,2.9512,3.1699,3.1429,3.7268
中债国债收益率曲线,2021-01-04,2.1518,2.3646,2.4952,2.8784,2.9961,3.2124,3.178,3.7593
中债中短期票据收益率曲线(AAA),2021-01-04,2.5451,2.7874,3.1055,3.5392,3.8034,3.9803,4.1152,
中债商业银行普通债收益率曲线(AAA),2021-01-04,2.4038,2.6436,2.9602,3.3656,3.5791,3.7698,3.8751,4.501
中债中短期票据收益率曲线(AAA),2021-01-05,2.5197,2.7796,3.0698,3.5431,3.8101,3.9878,4.1227,
中债商业银行普通债收益率曲线(AAA),2021-01-05,2.4383,2.6922,2.9118,3.3668,3.5858,3.7773,3.8826,4.4985
中债国债收益率曲线,2021-01-05,2.1029,2.3465,2.4714,2.84,2.9459,3.175,3.1305,3.7222
中债中短期票据收益率曲线(AAA),2021-01-06,2.5,2.757,3.0474,3.5147,3.791,3.9854,4.1203,
中债商业银行普通债收益率曲线(AAA),2021-01-06,2.4336,2.6876,2.8717,3.3352,3.5658,3.7749,3.8802,4.4961
中债国债收益率曲线,2021-01-06,2.0034,2.2397,2.4109,2.7911,2.9335,3.145,3.1256,3.7197
中债中短期票据收益率曲线(AAA),2021-01-07,2.475,2.6884,2.9993,3.4855,3.7552,3.9734,4.1083,
中债商业银行普通债收益率曲线(AAA),2021-01-07,2.438,2.6411,2.852,3.2867,3.5538,3.7629,3.8682,4.4641
中债国债收益率曲线,2021-01-07,1.9879,2.21,2.3568,2.768,2.9252,3.13,3.1256,3.7198
中债国债收益率曲线,2021-01-08,1.897,2.1675,2.3568,2.7768,2.9471,3.1525,3.1456,3.7372
中债中短期票据收益率曲线(AAA),2021-01-08,2.4758,2.6531,2.9652,3.4514,3.7311,3.9493,4.0907,
中债商业银行普通债收益率曲线(AAA),2021-01-08,2.3261,2.6171,2.8355,3.2772,3.5489,3.7388,3.8582,4.4541
中债中短期票据收益率曲线(AAA),2021-01-11,2.4814,2.6975,2.9664,3.4673,3.7211,3.9393,4.0807,
中债商业银行普通债收益率曲线(AAA),2021-01-11,2.378,2.708,2.8149,3.2919,3.5389,3.7288,3.8582,4.4841
中债国债收益率曲线,2021-01-11,1.8756,2.1172,2.3653,2.7939,2.9682,3.17,3.1632,3.7496
中债中短期票据收益率曲线(AAA),2021-01-12,2.4519,2.6654,2.9394,3.4664,3.712,3.9301,4.0715,
中债商业银行普通债收益率曲线(AAA),2021-01-12,2.348,2.68,2.8249,3.3137,3.5369,3.7218,3.8512,4.4771
中债国债收益率曲线,2021-01-12,1.9029,2.13,2.335,2.7499,2.9452,3.1476,3.1457,3.7398
中债中短期票据收益率曲线(AAA),2021-01-13,2.474,2.6795,2.9315,3.4505,3.7024,3.9172,4.0566,
中债商业银行普通债收益率曲线(AAA),2021-01-13,2.275,2.637,2.797,3.3136,3.5319,3.7089,3.8363,4.4622
中债国债收益率曲线,2021-01-13,1.8825,2.0814,2.2914,2.6975,2.8987,3.1105,3.1157,3.7201
中债国债收益率曲线,2021-01-14,1.8529,2.0441,2.3405,2.7305,2.895,3.0918,3.1059,3.7076
中债中短期票据收益率曲线(AAA),2021-01-14,2.4455,2.6503,2.9049,3.4282,3.6799,3.9022,4.0416,
中债商业银行普通债收益率曲线(AAA),2021-01-14,2.3468,2.637,2.7593,3.2716,3.4997,3.6882,3.8213,4.4472
中债中短期票据收益率曲线(AAA),2021-01-15,2.4479,2.582,2.916,3.4591,3.6797,3.902,4.039,
中债商业银行普通债收益率曲线(AAA),2021-01-15,2.4254,2.6287,2.7793,3.286,3.5198,3.7083,3.8414,4.4673
中债国债收益率曲线,2021-01-15,1.8529,2.066,2.3843,2.7875,2.9634,3.1478,3.1508,3.7423
中债中短期票据收益率曲线(AAA),2021-01-18,2.5595,2.6787,2.9268,3.5115,3.7197,3.912,4.049,
中债商业银行普通债收益率曲线(AAA),2021-01-18,2.504,2.7036,2.8294,3.3492,3.557,3.7183,3.8514,4.4773
中债国债收益率曲线,2021-01-18,1.9013,2.125,2.45,2.8422,3.0078,3.1749,3.1658,3.7496
中债中短期票据收益率曲线(AAA),2021-01-19,2.6376,2.7779,2.9662,3.5474,3.7249,3.9203,4.0604,
中债商业银行普通债收益率曲线(AAA),2021-01-19,2.5516,2.722,2.8562,3.3574,3.5622,3.7266,3.8628,4.4887
中债国债收益率曲线,2021-01-19,2.0313,2.1703,2.4859,2.8272,2.993,3.1601,3.1609,3.7472
中债国债收益率曲线,2021-01-20,2.0513,2.175,2.47,2.8014,2.9584,3.1491,3.161,3.7369
中债中短期票据收益率曲线(AAA),2021-01-20,2.6212,2.7703,2.9632,3.5534,3.7099,3.9053,4.0698,
中债商业银行普通债收益率曲线(AAA),2021-01-20,2.4973,2.6914,2.8989,3.3569,3.5506,3.715,3.8512,4.4771
中债中短期票据收益率曲线(AAA),2021-01-21,2.5878,2.7625,2.9494,3.5544,3.7099,3.9074,4.0739,
中债商业银行普通债收益率曲线(AAA),2021-01-21,2.5253,2.656,2.8619,3.3327,3.5486,3.7171,3.8553,4.4712
中债国债收益率曲线,2021-01-21,2.0318,2.1555,2.4475,2.76,2.9244,3.1216,3.1335,3.7198
中债中短期票据收益率曲线(AAA),2021-01-22,2.608,2.7656,2.949,3.5403,3.7004,3.8979,4.0566,
中债商业银行普通债收益率曲线(AAA),2021-01-22,2.521,2.6557,2.858,3.3284,3.5453,3.6985,3.8367,4.4626
中债国债收益率曲线,2021-01-22,2.0316,2.1355,2.4525,2.7645,2.9373,3.1112,3.1185,3.7156
