date,cpi_yoy_pct,cpi_available_date,ppi_yoy_pct,ppi_available_date
2006-01-31,,,3.05,2006-02-20
2006-02-28,,,3.01,2006-03-20
2006-03-31,,,2.49,2006-04-20
2006-04-30,,,1.87,2006-05-20
2006-05-31,,,2.43,2006-06-20
2006-06-30,,,3.52,2006-07-20
2006-07-31,,,3.58,2006-08-20
2006-08-31,,,3.4,2006-09-20
2006-09-30,,,3.45,2006-10-20
2006-10-31,,,2.9,2006-11-20
2006-11-30,,,2.78,2006-12-20
2006-12-31,,,3.05,2007-01-20
2007-01-31,,,3.3,2007-02-20
2007-02-28,,,2.6,2007-03-20
2007-03-31,,,2.65,2007-04-20
2007-04-30,,,2.87,2007-05-20
2007-05-31,,,2.76,2007-06-20
2007-06-30,,,2.49,2007-07-20
2007-07-31,,,2.39,2007-08-20
2007-08-31,,,2.56,2007-09-20
2007-09-30,,,2.71,2007-10-20
2007-10-31,,,3.21,2007-11-20
2007-11-30,,,4.55,2007-12-20
2007-12-31,,,5.43,2008-01-20
2008-01-31,7.0781,2008-02-20,6.07,2008-02-20
2008-02-29,8.7443,2008-03-20,6.62,2008-03-20
2008-03-31,8.3097,2008-04-20,7.95,2008-04-20
2008-04-30,8.4829,2008-05-20,8.12,2008-05-20
2008-05-31,7.7163,2008-06-20,8.22,2008-06-20
2008-06-30,7.0844,2008-07-20,8.84,2008-07-20
2008-07-31,6.302,2008-08-20,10.03,2008-08-20
2008-08-31,4.9001,2008-09-20,10.06,2008-09-20
2008-09-30,4.6425,2008-10-20,9.13,2008-10-20
2008-10-31,3.9744,2008-11-20,6.59,2008-11-20
2008-11-30,2.434,2008-12-20,1.99,2008-12-20
2008-12-31,1.1999,2009-01-20,-1.14,2009-01-20
2009-01-31,0.95,2009-02-20,-3.35,2009-02-20
2009-02-28,-1.5582,2009-03-20,-4.47,2009-03-20
2009-03-31,-1.1714,2009-04-20,-5.99,2009-04-20
2009-04-30,-1.5,2009-05-20,-6.6,2009-05-20
2009-05-31,-1.3713,2009-06-20,-7.2,2009-06-20
2009-06-30,-1.7,2009-07-20,-7.8,2009-07-20
2009-07-31,-1.8057,2009-08-20,-8.22,2009-08-20
2009-08-31,-1.2043,2009-09-20,-7.86,2009-09-20
2009-09-30,-0.7883,2009-10-20,-6.99,2009-10-20
2009-10-31,-0.53,2009-11-20,-5.85,2009-11-20
2009-11-30,0.56,2009-12-20,-2.08,2009-12-20
2009-12-31,1.8559,2010-01-20,1.7,2010-01-20
2010-01-31,1.53,2010-02-20,4.32,2010-02-20
2010-02-28,2.6953,2010-03-20,5.39,2010-03-20
2010-03-31,2.3707,2010-04-20,5.91,2010-04-20
2010-04-30,2.8136,2010-05-20,6.81,2010-05-20
2010-05-31,3.0613,2010-06-20,7.13,2010-06-20
2010-06-30,2.9499,2010-07-20,6.41,2010-07-20
2010-07-31,3.3042,2010-08-20,4.84,2010-08-20
2010-08-31,3.4794,2010-09-20,4.32,2010-09-20
2010-09-30,3.6056,2010-10-20,4.33,2010-10-20
2010-10-31,4.3655,2010-11-20,5.04,2010-11-20
2010-11-30,5.1192,2010-12-20,6.06,2010-12-20
2010-12-31,4.5859,2011-01-20,5.93,2011-01-20
2011-01-31,4.9121,2011-02-20,6.6436,2011-02-20
2011-02-28,4.9443,2011-03-20,7.2322,2011-03-20
2011-03-31,5.383,2011-04-20,7.3081,2011-04-20
2011-04-30,5.3442,2011-05-20,6.821,2011-05-20
2011-05-31,5.5146,2011-06-20,6.7851,2011-06-20
2011-06-30,6.3553,2011-07-20,7.1209,2011-07-20
2011-07-31,6.4508,2011-08-20,7.5417,2011-08-20
2011-08-31,6.1514,2011-09-20,7.2528,2011-09-20
2011-09-30,6.0671,2011-10-20,6.5227,2011-10-20
2011-10-31,5.4954,2011-11-20,5.0038,2011-11-20
2011-11-30,4.2246,2011-12-20,2.7179,2011-12-20
2011-12-31,4.0704,2012-01-20,1.6854,2012-01-20
2012-01-31,4.5485,2012-02-20,0.7347,2012-02-20
2012-02-29,3.1613,2012-03-20,0.0284,2012-03-20
2012-03-31,3.5856,2012-04-20,-0.3171,2012-04-20
2012-04-30,3.3653,2012-05-20,-0.6984,2012-05-20
2012-05-31,3.0008,2012-06-20,-1.3981,2012-06-20
2012-06-30,2.1504,2012-07-20,-2.0843,2012-07-20
2012-07-31,1.8,2012-08-20,-2.8651,2012-08-20
2012-08-31,2.0,2012-09-20,-3.4784,2012-09-20
2012-09-30,1.9,2012-10-20,-3.5545,2012-10-20
2012-10-31,1.7,2012-11-20,-2.7558,2012-11-20
2012-11-30,2.0,2012-12-20,-2.1995,2012-12-20
2012-12-31,2.5,2013-01-20,-1.9397,2013-01-20
2013-01-31,2.0,2013-02-20,-1.6372,2013-02-20
2013-02-28,3.2,2013-03-20,-1.6254,2013-03-20
2013-03-31,2.1,2013-04-20,-1.919,2013-04-20
2013-04-30,2.4,2013-05-20,-2.6175,2013-05-20
2013-05-31,2.0981,2013-06-20,-2.8658,2013-06-20
2013-06-30,2.7,2013-07-20,-2.6965,2013-07-20
2013-07-31,2.7,2013-08-20,-2.2712,2013-08-20
2013-08-31,2.6,2013-09-20,-1.625,2013-09-20
2013-09-30,3.1,2013-10-20,-1.3439,2013-10-20
2013-10-31,3.2,2013-11-20,-1.5071,2013-11-20
2013-11-30,3.0,2013-12-20,-1.4242,2013-12-20
2013-12-31,2.49871692,2014-01-20,-1.3557,2014-01-20
2014-01-31,2.5,2014-02-20,-1.6394,2014-02-20
2014-02-28,2.0,2014-03-20,-2.0182,2014-03-20
2014-03-31,2.4,2014-04-20,-2.3022,2014-04-20
2014-04-30,1.80138144,2014-05-20,-2.0042,2014-05-20
2014-05-31,2.5,2014-06-20,-1.4464,2014-06-20
2014-06-30,2.3,2014-07-20,-1.1086,2014-07-20
2014-07-31,2.3,2014-08-20,-0.8688,2014-08-20
2014-08-31,2.0,2014-09-20,-1.2038,2014-09-20
2014-09-30,1.6,2014-10-20,-1.7996,2014-10-20
2014-10-31,1.60114868,2014-11-20,-2.2428,2014-11-20
2014-11-30,1.4,2014-12-20,-2.6928,2014-12-20
2014-12-31,1.5,2015-01-20,-3.3152,2015-01-20
2015-01-31,0.8,2015-02-20,-4.3202,2015-02-20
2015-02-28,1.4,2015-03-20,-4.7976,2015-03-20
2015-03-31,1.4,2015-04-20,-4.5603,2015-04-20
2015-04-30,1.5,2015-05-20,-4.5725,2015-05-20
2015-05-31,1.2,2015-06-20,-4.607,2015-06-20
2015-06-30,1.4,2015-07-20,-4.8135,2015-07-20
2015-07-31,1.6,2015-08-20,-5.3692,2015-08-20
2015-08-31,2.0,2015-09-20,-5.9227,2015-09-20
2015-09-30,1.59560463,2015-10-20,-5.945,2015-10-20
2015-10-31,1.3,2015-11-20,-5.9,2015-11-20
2015-11-30,1.5,2015-12-20,-5.9,2015-12-20
2015-12-31,1.6,2016-01-20,-5.9,2016-01-20
2016-01-31,1.8,2016-02-20,-5.3,2016-02-20
2016-02-29,2.3,2016-03-20,-4.9,2016-03-20
2016-03-31,2.3,2016-04-20,-4.3,2016-04-20
2016-04-30,2.3,2016-05-20,-3.4,2016-05-20
2016-05-31,2.0,2016-06-20,-2.8,2016-06-20
2016-06-30,1.9,2016-07-20,-2.6,2016-07-20
2016-07-31,1.8,2016-08-20,-1.7,2016-08-20
2016-08-31,1.3,2016-09-20,-0.8,2016-09-20
2016-09-30,1.9,2016-10-20,0.1,2016-10-20
2016-10-31,2.1,2016-11-20,1.2,2016-11-20
2016-11-30,2.3,2016-12-20,3.3,2016-12-20
2016-12-31,2.1,2017-01-20,5.5,2017-01-20
2017-01-31,2.5,2017-02-20,6.9,2017-02-20
2017-02-28,0.8,2017-03-20,7.8,2017-03-20
2017-03-31,0.9,2017-04-20,7.6,2017-04-20
2017-04-30,1.2,2017-05-20,6.4,2017-05-20
2017-05-31,1.5,2017-06-20,5.5,2017-06-20
2017-06-30,1.5,2017-07-20,5.5,2017-07-20
2017-07-31,1.4,2017-08-20,5.5,2017-08-20
2017-08-31,1.8,2017-09-20,6.3,2017-09-20
2017-09-30,1.6,2017-10-20,6.9,2017-10-20
2017-10-31,1.9,2017-11-20,6.9,2017-11-20
2017-11-30,1.7,2017-12-20,5.8,2017-12-20
2017-12-31,1.8,2018-01-20,4.9,2018-01-20
2018-01-31,1.5,2018-02-20,4.3,2018-02-20
2018-02-28,2.9,2018-03-20,3.7,2018-03-20
2018-03-31,2.1,2018-04-20,3.1,2018-04-20
2018-04-30,1.8,2018-05-20,3.4,2018-05-20
2018-05-31,1.8,2018-06-20,4.1,2018-06-20
2018-06-30,1.9,2018-07-20,4.7,2018-07-20
2018-07-31,2.1,2018-08-20,4.6,2018-08-20
2018-08-31,2.3,2018-09-20,4.1,2018-09-20
2018-09-30,2.5,2018-10-20,3.6,2018-10-20
2018-10-31,2.5,2018-11-20,3.3,2018-11-20
2018-11-30,2.2,2018-12-20,2.7,2018-12-20
2018-12-31,1.9,2019-01-20,0.9,2019-01-20
2019-01-31,1.7,2019-02-20,0.1,2019-02-20
2019-02-28,1.5,2019-03-20,0.1,2019-03-20
2019-03-31,2.3,2019-04-20,0.4,2019-04-20
2019-04-30,2.5,2019-05-20,0.9,2019-05-20
2019-05-31,2.7,2019-06-20,0.6,2019-06-20
2019-06-30,2.7,2019-07-20,0.0,2019-07-20
2019-07-31,2.8,2019-08-20,-0.3,2019-08-20
2019-08-31,2.8,2019-09-20,-0.8,2019-09-20
2019-09-30,3.0,2019-10-20,-1.2,2019-10-20
2019-10-31,3.8,2019-11-20,-1.6,2019-11-20
2019-11-30,4.5,2019-12-20,-1.4,2019-12-20
2019-12-31,4.5,2020-01-20,-0.5,2020-01-20
2020-01-31,5.4,2020-02-20,0.1,2020-02-20
2020-02-29,5.2,2020-03-20,-0.4,2020-03-20
2020-03-31,4.3,2020-04-20,-1.5,2020-04-20
2020-04-30,3.3,2020-05-20,-3.1,2020-05-20
2020-05-31,2.4,2020-06-20,-3.7,2020-06-20
2020-06-30,2.5,2020-07-20,-3.0,2020-07-20
2020-07-31,2.7,2020-08-20,-2.4,2020-08-20
2020-08-31,2.4,2020-09-20,-2.0,2020-09-20
2020-09-30,1.7,2020-10-20,-2.1,2020-10-20
2020-10-31,0.5,2020-11-20,-2.1,2020-11-20
2020-11-30,-0.5,2020-12-20,-1.5,2020-12-20
2020-12-31,0.2,2021-01-20,-0.4,2021-01-20
2021-01-31,-0.3,2021-02-20,0.3,2021-02-20
2021-02-28,-0.2,2021-03-20,1.7,2021-03-20
2021-03-31,0.4,2021-04-20,4.4,2021-04-20
2021-04-30,0.9,2021-05-20,6.8,2021-05-20
2021-05-31,1.3,2021-06-20,9.0,2021-06-20
2021-06-30,1.1,2021-07-20,8.8,2021-07-20
2021-07-31,1.0,2021-08-20,9.0,2021-08-20
2021-08-31,0.8,2021-09-20,9.5,2021-09-20
2021-09-30,0.7,2021-10-20,10.7,2021-10-20
2021-10-31,1.5,2021-11-20,13.5,2021-11-20
2021-11-30,2.3,2021-12-20,12.9,2021-12-20
2021-12-31,1.5,2022-01-20,10.3,2022-01-20
2022-01-31,0.9,2022-02-20,9.1,2022-02-20
2022-02-28,0.9,2022-03-20,8.8,2022-03-20
2022-03-31,1.5,2022-04-20,8.3,2022-04-20
2022-04-30,2.1,2022-05-20,8.0,2022-05-20
2022-05-31,2.1,2022-06-20,6.4,2022-06-20
2022-06-30,2.5,2022-07-20,6.1,2022-07-20
2022-07-31,2.7,2022-08-20,4.2,2022-08-20
2022-08-31,2.5,2022-09-20,2.3,2022-09-20
2022-09-30,2.8,2022-10-20,0.9,2022-10-20
2022-10-31,2.1,2022-11-20,-1.3,2022-11-20
2022-11-30,1.6,2022-12-20,-1.3,2022-12-20
2022-12-31,1.8,2023-01-20,-0.7,2023-01-20
2023-01-31,2.1,2023-02-20,-0.8,2023-02-20
2023-02-28,1.0,2023-03-20,-1.4,2023-03-20
2023-03-31,0.7,2023-04-20,-2.5,2023-04-20
2023-04-30,0.1,2023-05-20,-3.6,2023-05-20
2023-05-31,0.2,2023-06-20,-4.6,2023-06-20
2023-06-30,0.0,2023-07-20,-5.4,2023-07-20
2023-07-31,-0.3,2023-08-20,-4.4,2023-08-20
2023-08-31,0.1,2023-09-20,-3.0,2023-09-20
2023-09-30,0.0,2023-10-20,-2.5,2023-10-20
2023-10-31,-0.2,2023-11-20,-2.6,2023-11-20
2023-11-30,-0.5,2023-12-20,-3.0,2023-12-20
2023-12-31,-0.3,2024-01-20,-2.7,2024-01-20
2024-01-31,-0.8,2024-02-20,-2.5,2024-02-20
2024-02-29,0.7,2024-03-20,-2.7,2024-03-20
2024-03-31,0.1,2024-04-20,-2.8,2024-04-20
2024-04-30,0.3,2024-05-20,-2.5,2024-05-20
2024-05-31,0.3,2024-06-20,-1.4,2024-06-20
2024-06-30,0.2,2024-07-20,-0.8,2024-07-20
2024-07-31,0.5,2024-08-20,-0.8,2024-08-20
2024-08-31,0.6,2024-09-20,-1.8,2024-09-20
2024-09-30,0.4,2024-10-20,-2.8,2024-10-20
2024-10-31,0.3,2024-11-20,-2.9,2024-11-20
2024-11-30,0.2,2024-12-20,-2.5,2024-12-20
2024-12-31,0.1,2025-01-20,-2.3,2025-01-20
2025-01-31,0.5,2025-02-20,-2.3,2025-02-20
2025-02-28,-0.7,2025-03-20,-2.2,2025-03-20
2025-03-31,-0.1,2025-04-20,-2.5,2025-04-20
2025-04-30,-0.1,2025-05-20,-2.7,2025-05-20
2025-05-31,-0.1,2025-06-20,-3.3,2025-06-20
2025-06-30,0.1,2025-07-20,-3.6,2025-07-20
2025-07-31,0.0,2025-08-20,-3.6,2025-08-20
2025-08-31,-0.4,2025-09-20,-2.9,2025-09-20
2025-09-30,-0.3,2025-10-20,-2.3,2025-10-20
2025-10-31,0.2,2025-11-20,-2.1,2025-11-20
2025-11-30,0.7,2025-12-20,-2.2,2025-12-20
2025-12-31,0.8,2026-01-20,-1.9,2026-01-20
2026-01-31,0.2,2026-02-20,-1.4,2026-02-20
2026-02-28,1.3,2026-03-20,-0.9,2026-03-20
2026-03-31,1.0,2026-04-20,0.5,2026-04-20
2026-04-30,1.2,2026-05-20,2.8,2026-05-20
2026-05-31,1.2,2026-06-20,3.9,2026-06-20
2026-06-30,1.0,2026-07-20,4.1,2026-07-20
2026-07-31,0.5,2026-08-20,3.5,2026-08-20
