date,cpi_mom_pct,cpi_chain_index,cpi_available_date
2008-01-31,1.2,101.2,2008-02-20
2008-02-29,2.6,103.83120000000001,2008-03-20
2008-03-31,-0.7,103.10438160000001,2008-04-20
2008-04-30,0.1038,103.21140394810082,2008-05-20
2008-05-31,-0.4,102.79855833230842,2008-06-20
2008-06-30,-0.2,102.59296121564381,2008-07-20
2008-07-31,0.1,102.69555417685945,2008-08-20
2008-08-31,-0.1,102.5928586226826,2008-09-20
2008-09-30,0.0,102.5928586226826,2008-10-20
2008-10-31,-0.3,102.28508004681454,2008-11-20
2008-11-30,-0.8,101.46679940644002,2008-12-20
2008-12-31,-0.2439,101.21932188268772,2009-01-20
2009-01-31,0.9445,102.17533837786969,2009-02-20
2009-02-28,0.0232,102.19904305637337,2009-03-20
2009-03-31,-0.3467,101.84471897409692,2009-04-20
2009-04-30,-0.2319,101.608541070796,2009-05-20
2009-05-31,-0.2852,101.31875351166208,2009-06-20
2009-06-30,-0.4825,100.82989052596831,2009-07-20
2009-07-31,0.0138,100.84380505086091,2009-08-20
2009-08-31,0.4784,101.3262418142242,2009-09-20
2009-09-30,0.4492,101.78139929245368,2009-10-20
2009-10-31,-0.0817,101.69824388923176,2009-11-20
2009-11-30,0.3296,102.03344130109066,2009-12-20
2009-12-31,1.0433,103.09795619418493,2010-01-20
2010-01-31,0.6219,103.73912238375658,2010-02-20
2010-02-28,1.1708,104.9537000286256,2010-03-20
2010-03-31,-0.6618,104.25911644183617,2010-04-20
2010-04-30,0.1998,104.46742615648694,2010-05-20
2010-05-31,-0.074,104.39012026113114,2010-06-20
2010-06-30,-0.5611,103.80438729634594,2010-07-20
2010-07-31,0.358,104.17600700286684,2010-08-20
2010-08-31,0.6488,104.85190093630146,2010-09-20
2010-09-30,0.5717,105.45133925395429,2010-10-20
2010-10-31,0.6512,106.13803837517605,2010-11-20
2010-11-30,1.0542,107.25694557572719,2010-12-20
2010-12-31,0.5307,107.82615818589755,2011-01-20
2011-01-31,1.042,108.94970675419462,2011-02-20
2011-02-28,1.2352,110.2954535320224,2011-03-20
2011-03-31,-0.207,110.06714194321113,2011-04-20
2011-04-30,0.1383,110.21936480051858,2011-05-20
2011-05-31,0.0736,110.30048625301177,2011-06-20
2011-06-30,0.2774,110.60645980187762,2011-07-20
2011-07-31,0.4633,111.11889953013974,2011-08-20
2011-08-31,0.3081,111.4612568595921,2011-09-20
2011-09-30,0.4685,111.98345284797928,2011-10-20
2011-10-31,0.0929,112.08748547567504,2011-11-20
2011-11-30,-0.1889,111.87575221561148,2011-12-20
2011-12-31,0.3119,112.22469268677197,2012-01-20
2012-01-31,1.4975,113.9052574597564,2012-02-20
2012-02-29,-0.108,113.78223978169986,2012-03-20
2012-03-31,0.2033,114.01355907517605,2012-04-20
2012-04-30,-0.0747,113.9283909465469,2012-05-20
2012-05-31,-0.2792,113.61030287902413,2012-06-20
2012-06-30,-0.5505,112.98487816167511,2012-07-20
2012-07-31,0.0981,113.09571632715169,2012-08-20
2012-08-31,0.5702,113.74058810164914,2012-09-20
2012-09-30,0.3381,114.12514503002083,2012-10-20
2012-10-31,-0.0919,114.02026402173824,2012-11-20
2012-11-30,0.1177,114.15446587249183,2012-12-20
2012-12-31,0.7894,115.0556012260893,2013-01-20
2013-01-31,1.0103,116.21800796527646,2013-02-20
2013-02-28,1.0564,117.44573500142164,2013-03-20
2013-03-31,-0.9132,116.37322054938866,2013-04-20
2013-04-30,0.2351,116.64681399090027,2013-05-20
2013-05-31,-0.5597,115.9939417729932,2013-06-20
2013-06-30,0.0049,115.99962547614007,2013-07-20
2013-07-31,0.1036,116.11980108813336,2013-08-20
2013-08-31,0.46497032,116.65972369883619,2013-09-20
2013-09-30,0.81284348,117.60798465670818,2013-10-20
2013-10-31,0.05735523,117.6754389868064,2013-11-20
2013-11-30,-0.06445624,117.599589823432,2013-12-20
2013-12-31,0.2813488,117.93045485820512,2014-01-20
2014-01-31,0.99786994,119.10724741734042,2014-02-20
2014-02-28,0.52884802,119.73714373698353,2014-03-20
2014-03-31,-0.4916863,119.14841260521747,2014-04-20
2014-04-30,-0.33606842,118.74799241752004,2014-05-20
2014-05-31,0.10055298,118.86739706258602,2014-06-20
2014-06-30,-0.13288685,118.70943792295256,2014-07-20
2014-07-31,0.05380941,118.77331477111322,2014-08-20
2014-08-31,0.17592267,118.98226395770605,2014-09-20
2014-09-30,0.4536683,119.5220487719045,2014-10-20
2014-10-31,0.03141593,119.55959773508124,2014-11-20
2014-11-30,-0.2236259,119.29223150860979,2014-12-20
2014-12-31,0.34683648,119.70598048528771,2015-01-20
2015-01-31,0.25981903,120.0169994026366,2015-02-20
2015-02-28,1.19460288,121.45072593399007,2015-03-20
2015-03-31,-0.54597886,120.78763064507395,2015-04-20
2015-04-30,-0.2050355,120.53997312264266,2015-05-20
2015-05-31,-0.17388027,120.33037789191907,2015-06-20
2015-06-30,0.02508881,120.36056735180067,2015-07-20
2015-07-31,0.30686906,120.7299166934438,2015-08-20
2015-08-31,0.4794943,121.3088097623836,2015-09-20
2015-09-30,0.0992,121.42914810166789,2015-10-20
2015-10-31,-0.3,121.06486065736289,2015-11-20
2015-11-30,0.0,121.06486065736289,2015-12-20
2015-12-31,0.5,121.67018496064968,2016-01-20
2016-01-31,0.5,122.2785358854529,2016-02-20
2016-02-29,1.6,124.23499245962016,2016-03-20
2016-03-31,-0.4,123.73805248978167,2016-04-20
2016-04-30,-0.2,123.4905763848021,2016-05-20
2016-05-31,-0.5,122.87312350287809,2016-06-20
2016-06-30,-0.1,122.75025037937522,2016-07-20
2016-07-31,0.2,122.99575088013397,2016-08-20
2016-08-31,0.1,123.11874663101409,2016-09-20
2016-09-30,0.7,123.98057785743117,2016-10-20
2016-10-31,-0.1,123.85659727957375,2016-11-20
2016-11-30,0.1,123.9804538768533,2016-12-20
2016-12-31,0.2,124.228414784607,2017-01-20
2017-01-31,1.0,125.47069893245306,2017-02-20
2017-02-28,-0.2,125.21975753458815,2017-03-20
2017-03-31,-0.3,124.8440982619844,2017-04-20
2017-04-30,0.1,124.96894236024636,2017-05-20
2017-05-31,-0.1,124.8439734178861,2017-06-20
2017-06-30,-0.2,124.59428547105034,2017-07-20
2017-07-31,0.1,124.71887975652139,2017-08-20
2017-08-31,0.4,125.21775527554746,2017-09-20
2017-09-30,0.5,125.84384405192519,2017-10-20
2017-10-31,0.1,125.96968789597712,2017-11-20
2017-11-30,0.0,125.96968789597712,2017-12-20
2017-12-31,0.3,126.34759695966503,2018-01-20
2018-01-31,0.6,127.10568254142301,2018-02-20
2018-02-28,1.2,128.63095073192008,2018-03-20
2018-03-31,-1.1,127.21601027386895,2018-04-20
2018-04-30,-0.2,126.96157825332122,2018-05-20
2018-05-31,-0.2,126.70765509681456,2018-06-20
2018-06-30,-0.1,126.58094744171775,2018-07-20
2018-07-31,0.3,126.96069028404288,2018-08-20
2018-08-31,0.7,127.84941511603118,2018-09-20
2018-09-30,0.7,128.7443610218434,2018-10-20
2018-10-31,0.2,129.00184974388708,2018-11-20
2018-11-30,-0.3,128.61484419465543,2018-12-20
2018-12-31,0.0,128.61484419465543,2019-01-20
2019-01-31,0.5,129.2579184156287,2019-02-20
2019-02-28,1.0,130.550497599785,2019-03-20
2019-03-31,-0.4,130.02829560938585,2019-04-20
2019-04-30,0.1,130.15832390499523,2019-05-20
2019-05-31,0.0,130.15832390499523,2019-06-20
2019-06-30,-0.1,130.02816558109024,2019-07-20
2019-07-31,0.4,130.5482782434146,2019-08-20
2019-08-31,0.7,131.4621161911185,2019-09-20
2019-09-30,0.9,132.64527523683856,2019-10-20
2019-10-31,0.9,133.8390827139701,2019-11-20
2019-11-30,0.4,134.37443904482598,2019-12-20
2019-12-31,0.0,134.37443904482598,2020-01-20
2020-01-31,1.4,136.25568119145356,2020-02-20
2020-02-29,0.8,137.3457266409852,2020-03-20
2020-03-31,-1.2,135.69757792129334,2020-04-20
2020-04-30,-0.9,134.47629972000172,2020-05-20
2020-05-31,-0.8,133.4004893222417,2020-06-20
2020-06-30,-0.1,133.26708883291946,2020-07-20
2020-07-31,0.6,134.06669136591697,2020-08-20
2020-08-31,0.4,134.60295813138066,2020-09-20
2020-09-30,0.2,134.87216404764342,2020-10-20
2020-10-31,-0.3,134.4675475555005,2020-11-20
2020-11-30,-0.6,133.66074227016747,2020-12-20
2020-12-31,0.7,134.59636746605864,2021-01-20
2021-01-31,1.0,135.9423311407192,2021-02-20
2021-02-28,0.6,136.75798512756353,2021-03-20
2021-03-31,-0.5,136.0741952019257,2021-04-20
2021-04-30,-0.3,135.66597261631992,2021-05-20
2021-05-31,-0.2,135.39464067108727,2021-06-20
2021-06-30,-0.4,134.85306210840292,2021-07-20
2021-07-31,0.3,135.25762129472812,2021-08-20
2021-08-31,0.1,135.39287891602285,2021-09-20
2021-09-30,0.0,135.39287891602285,2021-10-20
2021-10-31,0.7,136.340629068435,2021-11-20
2021-11-30,0.4,136.88599158470876,2021-12-20
2021-12-31,-0.3,136.47533360995462,2022-01-20
2022-01-31,0.4,137.02123494439445,2022-02-20
2022-02-28,0.6,137.84336235406082,2022-03-20
2022-03-31,0.0,137.84336235406082,2022-04-20
2022-04-30,0.4,138.39473580347706,2022-05-20
2022-05-31,-0.2,138.1179463318701,2022-06-20
2022-06-30,0.0,138.1179463318701,2022-07-20
2022-07-31,0.5,138.80853606352943,2022-08-20
2022-08-31,-0.1,138.66972752746588,2022-09-20
2022-09-30,0.3,139.08573671004828,2022-10-20
2022-10-31,0.1,139.2248224467583,2022-11-20
2022-11-30,-0.2,138.94637280186478,2022-12-20
2022-12-31,0.0,138.94637280186478,2023-01-20
2023-01-31,0.8,140.0579437842797,2023-02-20
2023-02-28,-0.5,139.3576540653583,2023-03-20
2023-03-31,-0.3,138.93958110316225,2023-04-20
2023-04-30,-0.1,138.8006415220591,2023-05-20
2023-05-31,-0.2,138.52304023901496,2023-06-20
2023-06-30,-0.2,138.24599415853694,2023-07-20
2023-07-31,0.2,138.52248614685402,2023-08-20
2023-08-31,0.3,138.93805360529456,2023-09-20
2023-09-30,0.2,139.21592971250516,2023-10-20
2023-10-31,-0.1,139.07671378279264,2023-11-20
2023-11-30,-0.5,138.3813302138787,2023-12-20
2023-12-31,0.1,138.51971154409256,2024-01-20
2024-01-31,0.3,138.93527067872483,2024-02-20
2024-02-29,1.0,140.32462338551207,2024-03-20
2024-03-31,-1.0,138.92137715165694,2024-04-20
2024-04-30,0.1,139.06029852880857,2024-05-20
2024-05-31,-0.1,138.92123823027976,2024-06-20
2024-06-30,-0.2,138.6433957538192,2024-07-20
2024-07-31,0.5,139.33661273258826,2024-08-20
2024-08-31,0.4,139.8939591835186,2024-09-20
2024-09-30,0.0,139.8939591835186,2024-10-20
2024-10-31,-0.3,139.47427730596806,2024-11-20
2024-11-30,-0.6,138.63743164213224,2024-12-20
2024-12-31,0.0,138.63743164213224,2025-01-20
2025-01-31,0.7,139.60789366362715,2025-02-20
2025-02-28,-0.2,139.3286778762999,2025-03-20
2025-03-31,-0.4,138.7713631647947,2025-04-20
2025-04-30,0.1,138.91013452795949,2025-05-20
2025-05-31,-0.2,138.63231425890356,2025-06-20
2025-06-30,-0.1,138.49368194464466,2025-07-20
2025-07-31,0.4,139.04765667242324,2025-08-20
2025-08-31,0.0,139.04765667242324,2025-09-20
2025-09-30,0.1,139.18670432909565,2025-10-20
2025-10-31,0.2,139.46507773775386,2025-11-20
2025-11-30,-0.1,139.3256126600161,2025-12-20
2025-12-31,0.2,139.60426388533614,2026-01-20
2026-01-31,0.2,139.8834724131068,2026-02-20
2026-02-28,1.0,141.2823071372379,2026-03-20
2026-03-31,-0.7,140.29333098727722,2026-04-20
2026-04-30,0.3,140.71421098023902,2026-05-20
2026-05-31,-0.1,140.57349676925878,2026-06-20
2026-06-30,-0.3,140.15177627895102,2026-07-20
2026-07-31,-0.1,140.01162450267205,2026-08-20
