date,northbound_net_buy_100m
2014-11-17,120.8233
2014-11-18,47.1967
2014-11-19,24.9677
2014-11-20,21.4194
2014-11-21,21.9953
2014-11-24,58.5647
2014-11-25,27.500300000000003
2014-11-26,31.9261
2014-11-27,28.6866
2014-11-28,22.4622
2014-12-01,13.1782
2014-12-02,31.1533
2014-12-03,36.849
2014-12-04,33.5898
2014-12-05,24.495700000000003
2014-12-08,14.1599
2014-12-09,10.2419
2014-12-10,18.3643
2014-12-11,9.1477
2014-12-12,16.924500000000002
2014-12-15,9.3615
2014-12-16,12.2584
2014-12-17,4.8908
2014-12-18,18.2988
2014-12-19,8.6222
2014-12-22,13.2383
2014-12-23,5.8668
2014-12-29,6.6912
2014-12-30,-6.9615
2014-12-31,-0.2084
2015-01-05,20.0227
2015-01-06,-0.2314999999999999
2015-01-07,3.4208
2015-01-08,0.5783
2015-01-09,14.5318
2015-01-12,-12.7347
2015-01-13,-2.5069
2015-01-14,5.938400000000001
2015-01-15,7.0523
2015-01-16,1.2676
2015-01-19,-3.4306
2015-01-20,21.4523
2015-01-21,19.2566
2015-01-22,1.5143
2015-01-23,2.6152
2015-01-26,3.9634
2015-01-27,9.0335
2015-01-28,11.4192
2015-01-29,9.7546
2015-01-30,0.2959
2015-02-02,1.7846000000000002
2015-02-03,27.0
2015-02-04,10.961
2015-02-05,28.3328
2015-02-06,1.6066
2015-02-09,11.1839
2015-02-10,16.290499999999998
2015-02-11,13.8157
2015-02-12,11.5982
2015-02-13,19.144
2015-02-16,1.2378
2015-02-17,2.2129
2015-02-25,10.1148
2015-02-26,-4.5268
2015-02-27,6.7247
2015-03-02,7.4556
2015-03-03,0.9386
2015-03-04,3.0537
2015-03-05,6.419
2015-03-06,3.897
2015-03-09,5.8871
2015-03-10,0.5295000000000001
2015-03-11,8.7582
2015-03-12,15.8187
2015-03-13,15.84
2015-03-16,13.7416
2015-03-17,21.1135
2015-03-18,15.9056
2015-03-19,0.616
2015-03-20,11.4111
2015-03-23,18.6604
2015-03-24,-16.462
2015-03-25,-0.3109
2015-03-26,-10.1401
2015-03-27,1.0671
2015-03-30,-12.5018
2015-03-31,-13.9089
2015-04-01,-0.1437
2015-04-08,-40.2101
2015-04-09,-50.819
2015-04-10,-8.8493
2015-04-13,9.31250000000001
2015-04-14,4.2818000000000005
2015-04-15,10.2933
2015-04-16,15.7445
2015-04-17,15.9654
2015-04-20,-11.4778
2015-04-21,13.8645
2015-04-22,7.01129999999999
2015-04-23,-7.3913
2015-04-24,0.2955
2015-04-27,10.648599999999998
2015-04-28,-2.6124
2015-04-29,2.7586
2015-04-30,-4.4358
2015-05-04,0.4386
2015-05-05,7.773300000000001
2015-05-06,4.1623
2015-05-07,25.6317
2015-05-08,7.653200000000001
2015-05-11,-0.763
2015-05-12,-4.0679
2015-05-13,-4.0242
2015-05-14,-1.8602
2015-05-15,5.0123
2015-05-18,11.0203
2015-05-19,20.0327
2015-05-20,27.7194
2015-05-21,18.2344
2015-05-26,34.1038
2015-05-27,1.82950000000001
2015-05-28,-31.748800000000003
2015-05-29,21.1066
2015-06-01,17.1735
2015-06-02,2.2936
2015-06-03,0.3155
2015-06-04,-10.9371
2015-06-05,-13.8974
2015-06-08,-12.9
2015-06-09,-15.288
2015-06-10,14.0119
2015-06-11,-10.4555
2015-06-12,13.0872
2015-06-15,-12.539
2015-06-16,-0.44700000000001
2015-06-17,-10.6985
2015-06-18,5.444299999999999
2015-06-19,77.3166
2015-06-23,68.36359999999999
2015-06-24,-31.655700000000003
2015-06-25,-36.3212
2015-06-26,31.2024
2015-06-29,-15.134
2015-07-02,27.08
2015-07-03,69.7986
2015-07-06,-135.2322
2015-07-07,-103.5783
2015-07-08,-66.2613
2015-07-09,-37.5711
2015-07-10,-28.5082
2015-07-13,-23.018600000000003
2015-07-14,-15.722
2015-07-15,-3.3362
2015-07-16,-5.299
2015-07-17,1.9485
2015-07-20,-3.7824
2015-07-21,-6.7102
2015-07-22,-6.2339
2015-07-23,3.3360000000000003
2015-07-24,-0.6615000000000001
2015-07-27,-1.5371
2015-07-28,24.5827
2015-07-29,-6.4486
2015-07-30,-2.0587
2015-07-31,4.2727
2015-08-03,-21.9915
2015-08-04,-3.6768
2015-08-05,0.0591
2015-08-06,2.0893
2015-08-07,7.7587
2015-08-10,1.7668
2015-08-11,6.5727
2015-08-12,-2.0065
2015-08-13,1.6698
2015-08-14,-0.2221999999999999
2015-08-17,-5.8436
2015-08-18,-4.8258
2015-08-19,0.1653
2015-08-20,-8.3861
2015-08-21,-9.2285
2015-08-24,81.48819999999999
2015-08-25,79.81439999999999
2015-08-26,73.9709
2015-08-27,47.1277
2015-08-28,-25.492
2015-08-31,-6.4947
2015-09-01,-12.890999999999998
2015-09-02,-30.4361
2015-09-07,-1.7682
2015-09-08,43.7886
2015-09-09,-29.8587
2015-09-10,29.083
2015-09-11,-0.6945
2015-09-14,-7.204
2015-09-15,10.3902
2015-09-16,17.2541
2015-09-17,3.4549000000000003
2015-09-18,23.8367
2015-09-21,5.494299999999999
2015-09-22,-1.3232
2015-09-23,-13.0712
2015-09-24,-9.4042
2015-09-29,-15.3764
2015-09-30,3.2662
2015-10-08,37.3463
2015-10-09,17.0427
2015-10-12,-1.9865
2015-10-13,-4.1034
2015-10-14,-9.118
2015-10-15,3.5141000000000004
2015-10-16,-7.0339
2015-10-19,-2.5971
2015-10-22,-13.763699999999998
2015-10-23,-10.4818
2015-10-26,-12.2336
2015-10-27,-2.2697
2015-10-28,-11.3421
2015-10-29,-15.7742
2015-10-30,-12.0101
2015-11-02,-10.6042
2015-11-03,-9.6482
2015-11-04,-23.0618
2015-11-05,-39.4646
2015-11-06,-17.0212
2015-11-09,-14.4373
2015-11-10,-27.1369
2015-11-11,-27.920900000000003
2015-11-12,-16.2195
2015-11-13,-2.9679
2015-11-16,-1.8013
2015-11-17,-4.3578
2015-11-18,-2.1648
2015-11-19,-2.6558
2015-11-20,-1.6353
2015-11-23,-2.4533
2015-11-24,1.541
2015-11-25,-1.127
2015-11-26,4.5078
2015-11-27,1.5917
2015-11-30,31.5765
2015-12-01,6.2839
2015-12-02,-5.9244
2015-12-03,-10.9018
2015-12-04,-6.4671
2015-12-07,-1.7904
2015-12-08,-6.6967
2015-12-09,1.6425999999999998
2015-12-10,-4.8474
2015-12-11,-3.7662
2015-12-14,-5.2791
2015-12-15,2.1049
2015-12-16,-6.7038
2015-12-17,8.8727
2015-12-18,-3.0096
2015-12-21,-4.5787
2015-12-22,-7.6189
2015-12-23,-3.7183
2015-12-28,-2.7253
2015-12-29,4.9169
2015-12-30,2.8467
2015-12-31,-4.9067
2016-01-04,0.31
2016-01-05,14.2938
2016-01-06,-6.5684000000000005
2016-01-07,-0.0033
2016-01-08,1.5373
2016-01-11,-5.682799999999999
2016-01-12,-8.5657
2016-01-13,0.966
2016-01-14,-2.9209
2016-01-15,-3.4044
2016-01-18,0.8090999999999999
2016-01-19,2.9988
2016-01-20,-8.8077
2016-01-21,-2.8932
2016-01-22,3.2116
2016-01-25,0.5265
2016-01-26,-2.6188
2016-01-27,43.1987
2016-01-28,-4.9852
2016-01-29,14.5736
2016-02-01,-3.5844
2016-02-02,-1.2018
2016-02-03,-23.7781
2016-02-04,1.3771
2016-02-05,-0.9779
2016-02-15,-2.2079
2016-02-16,2.0211
2016-02-17,-3.4368
2016-02-18,2.4455
2016-02-19,0.004
2016-02-22,-1.1177
2016-02-23,2.717
2016-02-24,-2.7959
2016-02-25,0.3046999999999999
2016-02-26,13.1711
2016-02-29,17.0632
2016-03-01,5.0273
2016-03-02,24.4053
2016-03-03,-8.298300000000001
2016-03-04,17.3144
2016-03-07,7.591699999999999
2016-03-08,-3.4488
2016-03-09,0.2369
2016-03-10,2.3764
2016-03-11,9.0675
2016-03-14,3.2258
2016-03-15,-2.7788
2016-03-16,-2.7727
2016-03-17,15.8768
2016-03-18,9.998
2016-03-21,-1.6364
2016-03-22,4.1503
2016-03-23,-1.3021
2016-03-29,-2.8217000000000003
2016-03-30,10.5777
2016-03-31,21.475
2016-04-01,-4.7276
2016-04-05,0.2505
2016-04-06,-4.2095
2016-04-07,-1.5714
2016-04-08,-2.526
2016-04-11,9.4832
2016-04-12,8.697000000000001
2016-04-13,31.5424
2016-04-14,14.4401
2016-04-15,-0.7816
2016-04-18,-10.8678
2016-04-19,2.0205
2016-04-20,-15.3648
2016-04-21,1.5711000000000002
2016-04-22,-1.909
2016-04-25,-1.3016
2016-04-26,1.8295
2016-04-27,-3.3679
2016-04-28,-2.805
2016-04-29,0.8895000000000001
2016-05-03,6.153
2016-05-04,-2.7589
2016-05-05,-5.638
2016-05-06,-13.5968
2016-05-09,-5.3404
2016-05-10,-4.1152
2016-05-11,-2.4017
2016-05-12,-4.5585
2016-05-13,-7.305099999999999
2016-05-16,0.3243
2016-05-17,-1.4602000000000002
2016-05-18,-4.236000000000001
2016-05-19,-1.7866
2016-05-20,2.1399
2016-05-23,3.4403
2016-05-24,-0.7462000000000001
2016-05-25,12.5928
2016-05-26,3.0982
2016-05-27,6.1487
2016-05-30,24.31
2016-05-31,34.3676
2016-06-01,19.0118
2016-06-02,7.9983
2016-06-03,13.8583
2016-06-06,2.0072
2016-06-07,11.2444
2016-06-08,-0.5609000000000001
2016-06-13,-10.8297
2016-06-14,-2.5828
2016-06-15,-6.9986
2016-06-16,-9.2515
2016-06-17,7.2983
2016-06-20,0.358
2016-06-21,-0.8844
2016-06-22,7.0591
2016-06-23,-0.7434999999999999
2016-06-24,-20.6853
2016-06-27,-0.8371
2016-06-28,-0.9098
2016-06-29,8.9453
2016-07-04,11.4914
2016-07-05,-1.5847
2016-07-06,-6.4507
2016-07-07,-2.1199
2016-07-08,-2.2707
2016-07-11,15.496199999999998
2016-07-12,16.8992
2016-07-13,4.8099
2016-07-14,7.031499999999999
2016-07-15,4.1581
2016-07-18,7.105499999999999
2016-07-19,5.454400000000001
2016-07-20,3.4217
2016-07-21,7.0012
2016-07-22,2.9192
2016-07-25,4.4865
2016-07-26,4.6967
2016-07-27,9.752
2016-07-28,-5.668099999999999
2016-07-29,0.856
2016-08-01,10.5475
2016-08-03,-1.6819
2016-08-04,-4.3737
2016-08-05,4.7495
2016-08-08,6.233099999999999
2016-08-09,12.921500000000002
2016-08-10,10.4539
2016-08-11,7.0421000000000005
2016-08-12,2.314
2016-08-15,3.8364
2016-08-16,46.8617
2016-08-17,15.056
2016-08-18,11.7204
2016-08-19,3.557
2016-08-22,-0.9197
2016-08-23,1.7541
2016-08-24,2.2566
2016-08-25,3.3807
2016-08-26,1.9703
2016-08-29,-0.3359
2016-08-30,9.0338
2016-08-31,2.7925
2016-09-01,1.1973
2016-09-02,-1.8333
2016-09-05,14.7079
2016-09-06,8.8107
2016-09-07,4.8377
2016-09-08,9.5292
2016-09-09,-3.4957
2016-09-12,-25.7944
2016-09-13,-3.3815
2016-09-14,-11.6759
2016-09-19,-8.2693
2016-09-20,-8.5289
2016-09-21,-2.5494
2016-09-22,10.4294
2016-09-23,5.4779
2016-09-26,-3.7796
2016-09-27,-3.3643
2016-09-28,-1.646
2016-09-29,5.6294
2016-10-11,9.7584
2016-10-12,-5.7549
2016-10-13,-5.3053
2016-10-14,9.3891
2016-10-17,-1.7463
2016-10-18,6.5165
2016-10-19,3.91
2016-10-20,3.6675
2016-10-24,7.5594
2016-10-25,9.1472
2016-10-26,2.3446
2016-10-27,-5.7674
2016-10-28,2.5516
2016-10-31,1.4494999999999998
2016-11-01,4.086
2016-11-02,-9.7834
2016-11-03,-4.03
2016-11-04,-1.8742
2016-11-07,0.7190000000000001
2016-11-08,3.2119
2016-11-09,-40.4128
2016-11-10,15.3818
2016-11-11,-6.667000000000001
2016-11-14,-2.0042
2016-11-15,0.1184
2016-11-16,6.9984
2016-11-17,-0.2879
2016-11-18,-0.6413
2016-11-21,1.1322
2016-11-22,13.2473
2016-11-23,11.3004
2016-11-24,8.8473
2016-11-25,17.1
2016-11-28,13.9552
2016-11-29,9.8508
2016-11-30,11.0196
2016-12-01,9.4071
2016-12-02,-15.3939
2016-12-05,11.8122
2016-12-06,13.8401
2016-12-07,18.368
2016-12-08,22.882800000000003
2016-12-09,-0.3682
2016-12-12,9.5874
2016-12-13,15.2474
2016-12-14,8.9355
2016-12-15,4.5757
2016-12-16,11.3973
2016-12-19,-6.4064
2016-12-20,-25.5438
2016-12-21,1.5348
2016-12-22,-5.2364
2016-12-28,-5.42
2016-12-29,-1.2166
2016-12-30,-0.8164
2017-01-03,-0.5629
2017-01-04,-8.2966
2017-01-05,-3.924
2017-01-06,-15.701
2017-01-09,-0.6542
2017-01-10,2.5432
2017-01-11,16.860799999999998
2017-01-12,12.285
2017-01-13,12.053
2017-01-16,-8.083
2017-01-17,10.5458
2017-01-18,13.9136
2017-01-19,10.6391
2017-01-20,16.7727
2017-01-23,13.991
2017-01-24,13.6544
2017-01-25,1.7442
2017-01-26,8.6132
2017-02-03,13.0867
2017-02-06,27.7627
2017-02-07,16.321099999999998
2017-02-08,12.1851
2017-02-09,18.7181
2017-02-10,16.2104
2017-02-13,16.9835
2017-02-14,13.4662
2017-02-15,23.0833
2017-02-16,18.6494
2017-02-17,12.1927
2017-02-20,18.3337
2017-02-21,13.1423
2017-02-22,10.7675
2017-02-23,14.1366
2017-02-24,7.7148
2017-02-27,3.7498
2017-02-28,1.5026
2017-03-01,8.9289
2017-03-02,3.9168
2017-03-03,1.2819999999999998
2017-03-06,2.5778
2017-03-07,3.0321
2017-03-08,0.6022
2017-03-09,-19.1218
2017-03-10,-8.4266
2017-03-13,7.186699999999999
2017-03-14,-9.9215
2017-03-15,3.5561000000000003
2017-03-16,17.7923
2017-03-17,12.0551
2017-03-20,15.6699
2017-03-21,8.74
2017-03-22,5.261799999999999
2017-03-23,16.8768
2017-03-24,17.253
2017-03-27,3.1777999999999995
2017-03-28,8.809
2017-03-29,2.6604
2017-03-30,11.8037
2017-03-31,-2.0005
2017-04-05,13.9941
2017-04-06,-0.0258
2017-04-07,4.4914
2017-04-10,7.3991
2017-04-11,-4.7544
2017-04-12,-3.5509
2017-04-18,0.2419
2017-04-19,10.5066
2017-04-20,16.329
2017-04-21,6.3411
2017-04-24,3.5557
2017-04-25,14.0887
2017-04-26,9.6083
2017-04-27,5.216799999999999
2017-04-28,16.722
2017-05-04,10.446
2017-05-05,-2.645
2017-05-08,2.2001
2017-05-09,21.323400000000003
2017-05-10,21.256
2017-05-11,22.4512
2017-05-12,1.0745
2017-05-15,16.5016
2017-05-16,30.004
2017-05-17,14.931
2017-05-18,9.602
2017-05-19,12.7001
2017-05-22,5.653300000000001
2017-05-23,2.7725
2017-05-24,10.5185
2017-05-25,15.0703
2017-05-26,-0.1523
2017-05-31,-16.27
2017-06-01,-16.968
2017-06-02,15.6286
2017-06-05,18.0144
2017-06-06,20.2122
2017-06-07,22.5453
2017-06-08,22.8857
2017-06-09,13.2558
2017-06-12,-10.5967
2017-06-13,4.8187
2017-06-14,-13.239
2017-06-15,22.2485
2017-06-16,9.7481
2017-06-19,22.8799
2017-06-20,3.1171
2017-06-21,13.7256
2017-06-22,16.8812
2017-06-23,14.0521
2017-06-26,1.3591
2017-06-27,26.4754
2017-06-28,-3.9857
2017-06-29,29.956100000000003
2017-06-30,-11.818499999999998
2017-07-03,4.0767
2017-07-04,-6.0083
2017-07-05,5.6854
2017-07-06,-10.7096
2017-07-07,2.6378
2017-07-10,8.9498
2017-07-11,8.2049
2017-07-12,15.0273
2017-07-13,13.511
2017-07-14,0.5297
2017-07-17,13.4889
2017-07-18,20.0142
2017-07-19,17.5218
2017-07-20,1.2741
2017-07-21,15.2481
2017-07-24,15.8944
2017-07-25,12.3526
2017-07-26,17.7448
2017-07-27,26.7273
2017-07-28,23.0658
2017-07-31,18.8892
2017-08-01,14.8826
2017-08-02,2.8001
2017-08-03,23.4822
2017-08-04,28.1256
2017-08-07,27.8841
2017-08-08,18.2119
2017-08-09,12.1583
2017-08-10,-2.7923
2017-08-11,-9.0431
2017-08-14,2.2414
2017-08-15,-0.7786
2017-08-16,8.1248
2017-08-17,6.3422
2017-08-18,-10.7043
2017-08-21,0.7081000000000001
2017-08-22,0.1959
2017-08-24,12.417
2017-08-25,30.4364
2017-08-28,37.7086
2017-08-29,17.2229
2017-08-30,32.877399999999994
2017-08-31,17.7836
2017-09-01,41.787200000000006
2017-09-04,17.196099999999998
2017-09-05,9.4016
2017-09-06,1.6279
2017-09-07,9.3161
2017-09-08,4.2978
2017-09-11,20.0663
2017-09-12,24.6882
2017-09-13,2.3535
2017-09-14,0.4644
2017-09-15,-1.8766
2017-09-18,43.8734
2017-09-19,1.38059999999999
2017-09-20,20.0582
2017-09-21,11.9834
2017-09-22,4.845
2017-09-25,-17.6926
2017-09-26,0.2773
2017-09-27,6.4814
2017-09-28,-3.7446
2017-09-29,11.2961
2017-10-09,75.642
2017-10-10,40.8785
2017-10-11,15.96
2017-10-12,3.5827
2017-10-13,2.7245
2017-10-16,14.0666
2017-10-17,16.868
2017-10-18,-5.7198
2017-10-19,-0.337
2017-10-20,-1.6962000000000002
2017-10-23,-14.8771
2017-10-24,-32.6987
2017-10-25,4.6384
2017-10-26,15.238
2017-10-27,0.7673000000000001
2017-10-30,-11.6605
2017-10-31,-5.1497
2017-11-01,25.4899
2017-11-02,15.1751
2017-11-03,1.9037
2017-11-06,4.8426
2017-11-07,15.2373
2017-11-08,18.6979
2017-11-09,29.8382
2017-11-10,2.30849999999999
2017-11-13,5.747999999999999
2017-11-14,3.2938
2017-11-15,-21.5748
2017-11-16,4.2662
2017-11-17,-15.4942
2017-11-20,-9.371399999999989
2017-11-21,-7.00829999999999
2017-11-22,4.0297
2017-11-23,18.869
2017-11-24,8.0727
2017-11-27,-14.3315
2017-11-28,32.9546
2017-11-29,12.9441
2017-11-30,-9.80249999999999
2017-12-01,32.4309
2017-12-04,-1.4629
2017-12-05,-32.3082
2017-12-06,-39.3483
2017-12-07,-15.5033
2017-12-08,36.3775
2017-12-11,15.274
2017-12-12,-7.355399999999999
2017-12-13,28.8105
2017-12-14,6.1923999999999895
2017-12-15,-26.63
2017-12-18,18.7086
2017-12-19,15.851300000000002
2017-12-20,-9.339
2017-12-21,12.5249
2017-12-27,8.3239
2017-12-28,27.8569
2017-12-29,15.2565
2018-01-02,33.5706
2018-01-03,44.3083
2018-01-04,43.4097
2018-01-05,24.1145
2018-01-08,17.1081
2018-01-09,28.4252
2018-01-10,15.4928
2018-01-11,0.73010000000001
2018-01-12,21.1973
2018-01-15,-17.5912
2018-01-16,22.9265
2018-01-17,-8.2801
2018-01-18,18.0689
2018-01-19,10.4626
2018-01-22,21.710500000000003
2018-01-23,26.6609
2018-01-24,1.2256
2018-01-25,22.239
2018-01-26,30.0346
2018-01-29,-8.2497
2018-01-30,4.067
2018-01-31,-0.55229999999999
2018-02-01,2.7123000000000004
2018-02-02,-1.5151
2018-02-05,-34.6302
2018-02-06,-97.9285
2018-02-07,17.165399999999998
2018-02-08,28.7541
2018-02-09,-26.0874
2018-02-12,-12.5826
2018-02-13,-8.7866
2018-02-14,11.5492
2018-02-22,23.7096
2018-02-23,17.7912
2018-02-26,32.0958
2018-02-27,26.0026
2018-02-28,-4.5458
2018-03-01,12.1766
2018-03-02,-10.5934
2018-03-05,-13.7652
2018-03-06,9.7959
2018-03-07,-25.668000000000003
2018-03-08,28.2628
2018-03-09,14.0238
2018-03-12,23.6795
2018-03-13,13.6071
2018-03-14,5.9018
2018-03-15,13.775
2018-03-16,-21.8511
2018-03-19,8.8464
2018-03-20,-8.7201
2018-03-21,5.3763
2018-03-22,3.7191
2018-03-23,-17.4569
2018-03-26,38.3993
2018-03-27,10.5906
2018-03-28,7.02599999999999
2018-04-03,29.0643
2018-04-04,14.1143
2018-04-09,32.744699999999995
2018-04-10,33.4512
2018-04-11,9.4043
2018-04-12,28.3148
2018-04-13,23.0219
2018-04-16,26.0775
2018-04-17,6.87619999999999
2018-04-18,72.2168
2018-04-19,52.66439999999999
2018-04-20,-11.6035
2018-04-23,23.3335
2018-04-24,39.0022
2018-04-25,13.791
2018-04-26,-30.9994
2018-04-27,25.0302
2018-05-02,45.6991
2018-05-03,4.07679999999999
2018-05-04,-13.3396
2018-05-07,27.0898
2018-05-08,19.4055
2018-05-09,21.8643
2018-05-10,30.0867
2018-05-11,25.4995
2018-05-14,56.858
2018-05-15,36.3212
2018-05-16,11.0733
2018-05-17,22.7985
2018-05-18,34.3788
2018-05-23,22.3112
2018-05-24,20.4888
2018-05-25,20.3426
2018-05-28,38.7221
2018-05-29,14.6587
2018-05-30,12.7001
2018-05-31,57.477700000000006
2018-06-01,21.9287
2018-06-04,60.3214
2018-06-05,37.3664
2018-06-06,26.6042
2018-06-07,41.4189
2018-06-08,1.4284
2018-06-11,42.616800000000005
2018-06-12,24.921100000000003
2018-06-13,14.1626
2018-06-14,28.0602
2018-06-15,26.2838
2018-06-19,-21.1157
2018-06-20,7.5352
2018-06-21,-9.1094
2018-06-22,1.11570000000001
2018-06-25,-37.794
2018-06-26,23.6324
2018-06-27,-12.5065
2018-06-28,8.05000000000001
2018-07-03,3.43259999999999
2018-07-04,-14.3282
2018-07-05,22.655500000000004
2018-07-06,43.8544
2018-07-09,34.3163
2018-07-10,6.0923
2018-07-11,-2.5362
2018-07-12,17.924400000000002
2018-07-13,10.886400000000002
2018-07-16,-0.9932
2018-07-17,-6.3304
2018-07-18,-1.0469000000000102
2018-07-19,24.3952
2018-07-20,21.36
2018-07-23,-1.3849
2018-07-24,26.3474
2018-07-25,16.1758
2018-07-26,3.9327
2018-07-27,25.567
2018-07-30,23.5058
2018-07-31,30.9291
2018-08-01,9.3866
2018-08-02,3.62910000000001
2018-08-03,5.10570000000001
2018-08-06,30.6312
2018-08-07,29.8501
2018-08-08,16.5803
2018-08-09,52.145
2018-08-10,0.5425
2018-08-13,-5.7795000000000005
2018-08-14,-13.3972
2018-08-15,-15.271400000000002
2018-08-16,21.719
2018-08-17,3.6753
2018-08-20,56.56100000000001
2018-08-21,28.1475
2018-08-22,20.0322
2018-08-23,12.599200000000002
2018-08-24,-1.7687
2018-08-27,21.6764
2018-08-28,14.3072
2018-08-29,20.3195
2018-08-30,6.16360000000001
2018-08-31,37.6719
2018-09-03,2.7077
2018-09-04,13.5113
2018-09-05,-31.0886
2018-09-06,8.86290000000001
2018-09-07,-2.5409
2018-09-10,-6.0471
2018-09-11,-0.4203
2018-09-12,-10.453499999999998
2018-09-13,27.3993
2018-09-14,28.0742
2018-09-17,6.9134
2018-09-18,19.171
2018-09-19,7.76179999999999
2018-09-20,48.0023
2018-09-26,18.7773
2018-09-27,28.894
2018-09-28,16.262999999999998
2018-10-08,-97.1611
2018-10-09,-30.7984
2018-10-10,-16.1204
2018-10-11,-36.3236
2018-10-12,10.7254
2018-10-15,-11.0467
2018-10-18,-6.33949999999999
2018-10-19,43.2254
2018-10-22,-7.6201
2018-10-23,-3.5304999999999898
2018-10-24,14.7065
2018-10-25,-36.0184
2018-10-26,-16.651300000000003
2018-10-29,27.8841
2018-10-30,2.29500000000001
2018-10-31,57.4869
2018-11-01,84.82469999999999
2018-11-02,173.84669999999997
2018-11-05,9.38369999999999
2018-11-06,-17.953
2018-11-07,20.2859
2018-11-08,38.5726
2018-11-09,0.9247
2018-11-12,11.0318
2018-11-13,23.96
2018-11-14,-8.96360000000001
2018-11-15,25.3776
2018-11-16,19.9578
2018-11-19,16.4212
2018-11-20,-30.6416
2018-11-21,9.5104
2018-11-22,-6.7549
2018-11-23,-10.512
2018-11-26,23.9296
2018-11-27,1.4538
2018-11-28,25.3917
2018-11-29,10.7326
2018-11-30,48.346
2018-12-03,121.4136
2018-12-04,42.9169
2018-12-05,8.9071
2018-12-06,-42.295100000000005
2018-12-07,-5.1223
2018-12-10,-17.7016
2018-12-11,3.0050999999999903
2018-12-12,12.6574
2018-12-13,66.1944
2018-12-14,-17.075
2018-12-17,12.586099999999998
2018-12-18,-30.1215
2018-12-19,-7.847899999999999
2018-12-20,-11.7963
2018-12-21,-1.929
2018-12-27,5.3359000000000005
2018-12-28,22.2967
2019-01-02,3.5386999999999897
2019-01-03,7.8012
2019-01-04,2.3686000000000003
2019-01-07,16.4635
2019-01-08,14.1605
2019-01-09,67.63119999999999
2019-01-10,16.3921
2019-01-11,42.6643
2019-01-14,-16.8417
2019-01-15,51.8028
2019-01-16,25.273200000000003
2019-01-17,25.856
2019-01-18,84.2101
2019-01-21,32.236999999999995
2019-01-22,-13.9297
2019-01-23,18.1194
2019-01-24,24.4563
2019-01-25,34.9324
2019-01-28,49.4045
2019-01-29,23.7598
2019-01-30,9.9416
2019-01-31,86.6391
2019-02-01,55.465900000000005
2019-02-11,45.6904
2019-02-12,53.2622
2019-02-13,86.0133
2019-02-14,56.8098
2019-02-15,21.9383
2019-02-18,47.8807
2019-02-19,16.1802
2019-02-20,47.5817
2019-02-21,23.1807
2019-02-22,59.9899
2019-02-25,-7.16049999999999
2019-02-26,19.9278
2019-02-27,48.755500000000005
2019-02-28,28.3993
2019-03-01,30.2042
2019-03-04,35.3956
2019-03-05,41.5746
2019-03-06,-8.34600000000002
2019-03-07,-39.6991
2019-03-08,-12.277
2019-03-11,-19.8666
2019-03-12,9.9724
2019-03-13,-23.4714
2019-03-14,23.328000000000003
2019-03-15,22.8852
2019-03-18,33.8769
2019-03-19,-15.988599999999998
2019-03-20,-1.0559
2019-03-21,-11.9487
2019-03-22,-13.5718
2019-03-25,-107.7445
2019-03-26,9.9557
2019-03-27,-4.961899999999989
2019-03-28,-15.6303
2019-03-29,110.9315
2019-04-01,31.1818
2019-04-02,-1.6143
2019-04-03,29.0534
2019-04-04,-14.5222
2019-04-08,-44.4076
2019-04-09,-4.02620000000001
2019-04-10,-33.522
2019-04-11,-41.9867
2019-04-12,-5.0723
2019-04-15,-22.7432
2019-04-16,34.3249
2019-04-17,-18.7757
2019-04-23,-64.977
2019-04-24,-35.2516
2019-04-25,-17.0638
2019-04-26,-10.425999999999998
2019-04-29,45.3273
2019-04-30,-5.46890000000001
2019-05-06,-56.2353
2019-05-07,-11.4174
2019-05-08,-49.6337
2019-05-09,-56.8095
2019-05-14,-108.9967
2019-05-15,9.07449999999999
2019-05-16,-33.9697
2019-05-17,-56.1104
2019-05-20,-24.2644
2019-05-21,-36.8439
2019-05-22,-44.9386
2019-05-23,-41.1407
2019-05-24,-16.1754
2019-05-27,-19.0502
2019-05-28,55.6686
2019-05-29,-32.5141
2019-05-30,-7.882699999999989
2019-05-31,-5.4977
2019-06-03,44.0698
2019-06-04,10.6425
2019-06-05,30.5782
2019-06-06,10.7856
2019-06-10,78.9727
2019-06-11,69.4596
2019-06-12,12.8601
2019-06-13,11.7104
2019-06-14,-16.3821
2019-06-17,5.0730999999999895
2019-06-18,15.921600000000002
2019-06-19,49.2374
2019-06-20,55.6491
2019-06-21,73.305
2019-06-24,-19.111
2019-06-25,-32.9954
2019-06-26,-12.1347
2019-06-27,38.3888
2019-07-02,11.2181
2019-07-03,-4.89529999999999
2019-07-04,9.7682
2019-07-05,4.2771
2019-07-08,-36.059
2019-07-09,-26.198
2019-07-10,-16.374100000000002
2019-07-11,24.3587
2019-07-12,14.5927
2019-07-15,-14.41
2019-07-16,10.092
2019-07-17,17.5105
2019-07-18,18.4497
2019-07-19,61.8924
2019-07-22,3.85
2019-07-23,-4.0566
2019-07-24,20.5019
2019-07-25,19.4873
2019-07-26,-13.866700000000002
2019-07-29,0.58980000000001
2019-07-30,24.5098
2019-07-31,-4.9916
2019-08-01,-11.5082
2019-08-02,-68.1199
2019-08-05,-34.630300000000005
2019-08-06,-29.7873
2019-08-07,-30.5043
2019-08-08,25.4925
2019-08-09,13.949000000000002
2019-08-12,22.3917
2019-08-13,-24.3609
2019-08-14,11.8365
2019-08-15,1.3724
2019-08-16,-2.1734
2019-08-19,78.4761
2019-08-20,-12.6233
2019-08-21,19.9941
2019-08-22,15.1533
2019-08-23,11.4877
2019-08-26,-30.3373
2019-08-27,112.7098
2019-08-28,-7.78410000000002
2019-08-29,3.83169999999998
2019-08-30,67.1955
2019-09-02,53.099
2019-09-03,0.18659999999998
2019-09-04,49.7288
2019-09-05,91.8323
2019-09-06,85.2392
2019-09-09,27.8546
2019-09-10,23.7874
2019-09-11,24.3202
2019-09-12,32.9548
2019-09-16,9.0994
2019-09-17,-5.182000000000009
2019-09-18,39.2137
2019-09-19,26.9258
2019-09-20,148.6234
2019-09-23,-15.3135
2019-09-24,27.5172
2019-09-25,4.92959999999999
2019-09-26,24.9747
2019-09-27,3.185
2019-09-30,-6.35170000000001
2019-10-08,17.4395
2019-10-09,-22.1687
2019-10-10,1.3633000000000002
2019-10-11,37.2614
2019-10-14,27.0163
2019-10-15,36.7125
2019-10-16,27.3642
2019-10-17,17.3879
2019-10-18,-12.4349
2019-10-21,29.1477
2019-10-22,2.94849999999999
2019-10-23,-18.0457
2019-10-24,5.604200000000009
2019-10-25,15.3767
2019-10-28,28.397
2019-10-29,24.2363
2019-10-30,28.9953
2019-10-31,73.8932
2019-11-01,74.4927
2019-11-04,40.8483
2019-11-05,52.0048
2019-11-06,7.91069999999998
2019-11-07,21.096
2019-11-08,13.6693
2019-11-11,6.699599999999991
2019-11-12,-0.1081
2019-11-13,-17.630399999999998
2019-11-14,12.1102
2019-11-15,16.8429
2019-11-18,14.5905
2019-11-19,25.2435
2019-11-20,1.8988
2019-11-21,6.29129999999999
2019-11-22,9.4476
2019-11-25,56.364
2019-11-26,214.3015
2019-11-27,24.2167
2019-11-28,17.3801
2019-11-29,6.71
2019-12-02,27.1045
2019-12-03,34.566
2019-12-04,39.5756
2019-12-05,60.6456
2019-12-06,43.6179
2019-12-09,33.9078
2019-12-10,29.5471
2019-12-11,23.6794
2019-12-12,65.21770000000001
2019-12-13,52.7059
2019-12-16,7.000099999999979
2019-12-17,88.06530000000001
2019-12-18,44.831
2019-12-19,35.3637
2019-12-20,37.1532
2019-12-23,17.491500000000002
2019-12-27,46.809
2019-12-30,44.279700000000005
2019-12-31,-1.6225000000000198
2020-01-02,101.4705
2020-01-03,33.6085
2020-01-06,43.5521
2020-01-07,45.0696
2020-01-08,14.2295
2020-01-09,75.5058
2020-01-10,29.5824
2020-01-13,77.10470000000001
2020-01-14,34.2796
2020-01-15,10.441400000000002
2020-01-16,38.465
2020-01-17,35.2135
2020-01-20,41.93
2020-01-21,-71.28020000000001
2020-01-22,-7.63910000000002
2020-01-23,-117.618
2020-02-03,181.8939
2020-02-04,49.2017
2020-02-05,-3.08139999999999
2020-02-06,105.5796
2020-02-07,-32.9928
2020-02-10,-32.7234
2020-02-11,10.4352
2020-02-12,14.8511
2020-02-13,7.91200000000003
2020-02-14,43.2275
2020-02-17,53.623900000000006
2020-02-18,-53.904700000000005
2020-02-19,37.4464
2020-02-20,38.9792
2020-02-21,-11.2008
2020-02-24,-87.0514
2020-02-25,-48.3134
2020-02-26,-67.2689
2020-02-27,-39.405
2020-02-28,-51.368
2020-03-02,41.5201
2020-03-03,4.80289999999997
2020-03-04,-7.8043
2020-03-05,48.1062
2020-03-06,-30.421100000000003
2020-03-09,-143.1889
2020-03-10,30.9587
2020-03-11,-74.6503
2020-03-12,-83.8038
2020-03-13,-147.263
2020-03-16,-98.0748
2020-03-17,-82.3803
2020-03-18,-71.9123
2020-03-19,-102.2035
2020-03-20,16.866300000000003
2020-03-23,-79.9926
2020-03-24,39.8714
2020-03-25,25.0386
2020-03-26,-13.5751
2020-03-27,34.1373
2020-03-30,-1.25690000000002
2020-03-31,16.4985
2020-04-01,42.35
2020-04-02,43.3176
2020-04-03,-19.4318
2020-04-07,126.7376
2020-04-08,-34.527
2020-04-14,142.2898
2020-04-15,33.5439
2020-04-16,38.1451
2020-04-17,86.23629999999999
2020-04-20,0.49929999999999
2020-04-21,-27.5252
2020-04-22,11.7806
2020-04-23,6.91050000000001
2020-04-24,32.4975
2020-04-27,39.3859
2020-04-28,10.3669
2020-05-06,11.4035
2020-05-07,-31.4842
2020-05-08,48.6505
2020-05-11,26.4756
2020-05-12,17.4994
2020-05-13,-2.04639999999999
2020-05-14,-13.2481
2020-05-15,11.9438
2020-05-18,34.0387
2020-05-19,36.9905
2020-05-20,20.3856
2020-05-21,21.3103
2020-05-22,-33.2551
2020-05-25,21.4531
2020-05-26,38.8548
2020-05-27,12.8847
2020-05-28,28.1829
2020-05-29,51.0717
2020-06-01,104.8564
2020-06-02,19.2868
2020-06-03,44.142
2020-06-04,28.8347
2020-06-05,43.3946
2020-06-08,6.1424
2020-06-09,46.285
2020-06-10,4.2241
2020-06-11,1.4518
2020-06-12,-8.95009999999998
2020-06-15,-40.7018
2020-06-16,39.7039
2020-06-17,-27.2142
2020-06-18,49.5657
2020-06-19,182.3336
2020-06-22,21.8237
2020-06-23,7.5247999999999795
2020-06-24,18.5582
2020-06-29,-14.469
2020-07-02,171.1509
2020-07-03,131.9388
2020-07-06,136.5222
2020-07-07,98.4385
2020-07-08,11.5329
2020-07-09,79.5141
2020-07-10,-43.9312
2020-07-13,68.5035000000001
2020-07-14,-173.84150000000002
2020-07-15,-27.0562
2020-07-16,-69.2036
2020-07-17,10.4342
2020-07-20,-58.9896
2020-07-21,-30.1124
2020-07-22,41.7026
2020-07-23,-36.536100000000005
2020-07-24,-163.57389999999998
2020-07-27,-15.1432
2020-07-28,-22.328000000000003
2020-07-29,77.3135
2020-07-30,-63.3808
2020-07-31,-19.0316
2020-08-03,-1.95279999999999
2020-08-04,21.3665
2020-08-05,-19.8107
2020-08-06,-25.4751000000001
2020-08-07,-18.6227
2020-08-10,0.07369999999999
2020-08-11,39.4822
2020-08-12,-16.3774
2020-08-13,-20.8217
2020-08-14,64.2907
2020-08-17,57.1343
2020-08-18,-20.3772
2020-08-19,-61.3363
2020-08-20,-28.3248
2020-08-21,11.2679
2020-08-24,19.4732
2020-08-25,17.3802
2020-08-26,-11.7728
2020-08-27,-10.0498
2020-08-28,64.42779999999999
2020-08-31,-80.2601999999999
2020-09-01,-2.99930000000004
2020-09-02,-66.1426
2020-09-03,-10.0382
2020-09-04,-63.1761
2020-09-07,-54.6539
2020-09-08,63.5066
2020-09-09,-37.5816
2020-09-10,9.988699999999987
2020-09-11,12.9093
2020-09-14,-31.4333
2020-09-15,33.2117
2020-09-16,7.420099999999979
2020-09-17,4.39010000000002
2020-09-18,94.7356
2020-09-21,-64.9577
2020-09-22,-20.0179
2020-09-23,-27.5282
2020-09-24,-121.6786
2020-09-25,-12.9201
2020-09-28,-10.7894
2020-09-29,-0.93939999999999
2020-09-30,-29.0391
2020-10-09,112.6684
2020-10-12,135.0999
2020-10-14,-15.5468
2020-10-15,-3.33139999999996
2020-10-16,-5.02889999999999
2020-10-19,-32.4304
2020-10-20,-11.1252
2020-10-21,-69.22399999999999
2020-10-22,-27.4781
2020-10-27,-46.3691
2020-10-28,1.8637000000000297
2020-10-29,17.8639
2020-10-30,-56.7344
2020-11-02,30.8047
2020-11-03,31.213800000000003
2020-11-04,2.35970000000001
2020-11-05,109.9714
2020-11-06,39.8098
2020-11-09,196.9918
2020-11-10,-41.0979
2020-11-11,-9.29809999999998
2020-11-12,-5.06800000000003
2020-11-13,-49.3973
2020-11-16,25.8949
2020-11-17,0.53330000000002
2020-11-18,-0.1418
2020-11-19,4.384799999999959
2020-11-20,24.433200000000003
2020-11-23,100.5118
2020-11-24,-1.375
2020-11-25,-15.6883
2020-11-26,60.28939999999999
2020-11-27,24.7648
2020-11-30,49.3945
2020-12-01,162.9281
2020-12-02,-40.2484
2020-12-03,35.9442000000001
2020-12-04,37.3851
2020-12-07,-11.6012
2020-12-08,66.7565
2020-12-09,38.899
2020-12-10,15.2161
2020-12-11,-39.6782
2020-12-14,2.2282
2020-12-15,-3.50110000000001
2020-12-16,19.1542
2020-12-17,80.578
2020-12-18,-13.6241
2020-12-21,78.6074
2020-12-22,-35.8569
2020-12-23,43.3861
2020-12-28,-4.08140000000003
2020-12-29,44.712
2020-12-30,64.4008
2020-12-31,30.7843
2021-01-04,-5.4191000000000304
2021-01-05,-44.4437000000001
2021-01-06,2.35919999999998
2021-01-07,32.630700000000004
2021-01-08,206.1462
2021-01-11,8.935800000000091
2021-01-12,84.4484
2021-01-13,27.1215
2021-01-14,51.0704
2021-01-15,8.013399999999969
2021-01-18,16.3659
2021-01-19,9.18460000000003
2021-01-20,33.9425
2021-01-21,56.7791
2021-01-22,-20.1978
2021-01-25,19.31
2021-01-26,-35.412
2021-01-27,-12.5473
2021-01-28,-64.0457
2021-01-29,25.3283
2021-02-01,34.592
2021-02-02,32.8087
2021-02-03,34.2298999999999
2021-02-04,67.7057
2021-02-05,83.92530000000001
2021-02-08,79.297
2021-02-09,26.2361
2021-02-10,-17.8018
2021-02-18,50.73479999999999
2021-02-19,95.5262000000001
2021-02-22,-11.1395
2021-02-23,6.5076999999999705
2021-02-24,-6.73239999999998
2021-02-25,-7.324500000000009
2021-02-26,-56.320600000000006
2021-03-01,37.8646000000001
2021-03-02,-67.9062
2021-03-03,90.103
2021-03-04,-73.6914
2021-03-05,5.26699999999997
2021-03-08,-85.88850000000001
2021-03-09,24.3104
2021-03-10,52.25020000000001
2021-03-11,67.194
2021-03-12,8.27149999999998
2021-03-15,36.8698
2021-03-16,55.7237
2021-03-17,1.64730000000003
2021-03-18,33.1541
2021-03-19,-40.3157
2021-03-22,71.63119999999999
2021-03-23,-71.8391
2021-03-24,50.0575
2021-03-25,27.485100000000003
2021-03-26,64.3014
2021-03-29,-58.4246
2021-03-30,38.0722
2021-03-31,-79.0316
2021-04-07,-28.1583
2021-04-08,-17.0292
2021-04-09,-8.07149999999998
2021-04-12,43.0422
2021-04-13,84.7105
2021-04-14,57.3138
2021-04-15,-9.50110000000001
2021-04-16,71.5256
2021-04-19,163.1568
2021-04-20,-4.97479999999996
2021-04-21,-10.5671
2021-04-22,-15.9668
2021-04-23,78.5946
2021-04-26,32.041
2021-04-27,35.1235
2021-04-28,20.0792
2021-04-29,50.8764
2021-04-30,-16.122
2021-05-06,1.84290000000001
2021-05-07,3.80440000000002
2021-05-10,45.2668
2021-05-11,-47.8075
2021-05-12,-4.2811999999999895
2021-05-13,-56.3952
2021-05-14,90.3354
2021-05-17,25.7803
2021-05-20,-15.2457
2021-05-21,-5.78310000000005
2021-05-24,18.8623
2021-05-25,217.2333
2021-05-26,91.0324
2021-05-27,146.2735
2021-05-28,-5.26250000000004
2021-05-31,52.108
2021-06-01,11.0267
2021-06-02,-20.1384
2021-06-03,15.2114
2021-06-04,30.6697
2021-06-07,-39.7177
2021-06-08,3.0082
2021-06-09,28.1373
2021-06-10,68.203
2021-06-11,-30.3207
2021-06-15,-51.5369
2021-06-16,-4.05169999999998
2021-06-17,15.9371
2021-06-18,-10.3981
2021-06-21,-20.0913
2021-06-22,-24.1295
2021-06-23,81.98479999999999
2021-06-24,30.9718
2021-06-25,141.0305
2021-06-28,-40.5531
2021-06-29,-31.3922
2021-07-02,-86.0252
2021-07-05,59.1895
2021-07-06,-0.60160000000004
2021-07-07,43.7267
2021-07-08,-17.0106
2021-07-09,-2.11239999999998
2021-07-12,16.4204
2021-07-13,25.7879
2021-07-14,-108.0585
2021-07-15,123.9817
2021-07-16,-41.4444
2021-07-19,43.741400000000006
2021-07-20,30.6383
2021-07-21,31.1718
2021-07-22,59.2664000000001
2021-07-23,-46.5949
2021-07-26,-128.0173
2021-07-27,-41.718900000000005
2021-07-28,80.5282
2021-07-29,42.2796000000001
2021-07-30,22.4716
2021-08-02,51.8385999999999
2021-08-03,17.991499999999903
2021-08-04,55.4574
2021-08-05,-19.6531999999999
2021-08-06,-4.74400000000001
2021-08-09,44.6613
2021-08-10,10.4171
2021-08-11,-28.152600000000003
2021-08-12,-1.7832
2021-08-13,-12.3809
2021-08-16,62.0161
2021-08-17,14.7411
2021-08-18,34.3250000000001
2021-08-19,-107.8313
2021-08-20,-108.1602
2021-08-23,18.3131
2021-08-24,53.1504
2021-08-25,34.1864999999999
2021-08-26,12.2906
2021-08-27,62.0304
2021-08-30,18.8674
2021-08-31,61.46979999999999
2021-09-01,76.88
2021-09-02,51.369
2021-09-03,70.6805
2021-09-06,33.8064999999999
2021-09-07,60.6861
2021-09-08,-16.1795
2021-09-09,26.1515000000001
2021-09-10,36.189299999999896
2021-09-13,-38.2436
2021-09-14,-41.282700000000006
2021-09-15,21.395100000000003
2021-09-16,-30.1416
2021-09-23,-43.0912
2021-09-24,27.3049
2021-09-27,14.7705
2021-09-28,47.8591
2021-09-29,-2.6682
2021-09-30,9.70459999999999
2021-10-08,-25.7175999999999
2021-10-11,1.87239999999998
2021-10-12,-13.7851
2021-10-15,26.9263
2021-10-18,-80.1845
2021-10-19,39.0648
2021-10-20,40.7945
2021-10-21,101.5399
2021-10-22,131.8158
2021-10-25,8.94189999999999
2021-10-26,8.4534
2021-10-27,-30.4237
2021-10-28,71.7185
2021-10-29,47.3798
2021-11-01,7.111899999999991
2021-11-02,23.6503000000001
2021-11-03,7.31459999999996
2021-11-04,12.0539
2021-11-05,-5.989599999999991
2021-11-08,-10.0252
2021-11-09,-21.1564
2021-11-10,-118.0978
2021-11-11,86.0974
2021-11-12,36.2705
2021-11-15,33.8242
2021-11-16,41.993100000000005
2021-11-17,-2.37870000000003
2021-11-18,-44.5279
2021-11-19,82.9251
2021-11-22,14.3527
2021-11-23,52.2268
2021-11-24,23.6967
2021-11-25,11.7155
2021-11-26,-44.88890000000001
2021-11-29,32.8422
2021-11-30,-34.1064
2021-12-01,30.0093
2021-12-02,30.2125
2021-12-03,92.2104
2021-12-06,3.9513999999999903
2021-12-07,79.4946
2021-12-08,96.8476
2021-12-09,216.5631
2021-12-10,91.4836
2021-12-13,53.656400000000005
2021-12-14,60.2593
2021-12-15,7.51689999999999
2021-12-16,58.8455
2021-12-17,-65.612
2021-12-20,-9.70760000000002
2021-12-21,-9.97009999999998
2021-12-22,-17.4491
2021-12-23,24.9186
2021-12-28,12.9255
2021-12-29,6.61899999999998
2021-12-30,81.4141
2021-12-31,45.7302
2022-01-04,4.60160000000003
2022-01-05,30.4631
2022-01-06,-66.3795
2022-01-07,93.3463
2022-01-10,47.5756
2022-01-11,-40.2641
2022-01-12,70.1779
2022-01-13,-5.85459999999999
2022-01-14,2.81970000000001
2022-01-17,17.0662
2022-01-18,23.3508
2022-01-19,38.212
2022-01-20,125.7647
2022-01-21,87.57809999999999
2022-01-24,34.5233
2022-01-25,-35.7358
2022-01-26,11.3936
2022-01-27,-146.2353
2022-01-28,-124.6586
2022-02-07,55.517
2022-02-08,-8.1718
2022-02-09,4.84289999999997
2022-02-10,45.2049
2022-02-11,10.0494
2022-02-14,-37.884
2022-02-15,-35.4439
2022-02-16,-16.2341
2022-02-17,17.2003
2022-02-18,48.375
2022-02-21,-35.2141
2022-02-22,-73.3974
2022-02-23,14.2172
2022-02-24,-33.5795
2022-02-25,63.8465
2022-02-28,20.4715
2022-03-01,32.7626
2022-03-02,-7.755700000000001
2022-03-03,-7.30849999999999
2022-03-04,4.57390000000003
2022-03-07,-82.712
2022-03-08,-86.9896
2022-03-09,-109.3445
2022-03-10,-33.7396
2022-03-11,-50.4177
2022-03-14,-144.0822
2022-03-15,-160.2449
2022-03-16,-0.82300000000007
2022-03-17,53.653
2022-03-18,84.57420000000009
2022-03-21,-84.18610000000001
2022-03-22,-9.21780000000003
2022-03-23,-1.93609999999997
2022-03-24,-1.2748999999999802
2022-03-25,-31.1743
2022-03-28,50.30350000000001
2022-03-29,-3.28099999999999
2022-03-30,127.2561
2022-03-31,10.5345
2022-04-01,44.2089
2022-04-06,-53.2101
2022-04-07,-6.085499999999991
2022-04-08,-6.27420000000002
2022-04-11,-57.6163
2022-04-12,91.3704
2022-04-13,-4.97619999999999
2022-04-19,-19.4362
2022-04-20,-52.8772
2022-04-21,9.1098
2022-04-22,67.6497
2022-04-25,-43.9732
2022-04-26,15.4291
2022-04-27,43.59479999999999
2022-04-28,-6.365600000000049
2022-04-29,42.4556
2022-05-05,-23.6228
2022-05-10,-89.2581000000001
2022-05-11,22.2772
2022-05-12,-27.027600000000003
2022-05-13,20.7861
2022-05-16,-78.26060000000001
2022-05-17,59.6005
2022-05-18,-22.7744
2022-05-19,51.2504
2022-05-20,142.3606
2022-05-23,-57.4384
2022-05-24,-95.4914
2022-05-25,34.0941
2022-05-26,-15.9727
2022-05-27,39.0061
2022-05-30,70.4874
2022-05-31,138.6548
2022-06-01,12.474
2022-06-02,31.8261
2022-06-06,112.5469
2022-06-07,46.07020000000001
2022-06-08,57.671800000000005
2022-06-09,35.7941
2022-06-10,116.2203
2022-06-13,-135.1919
2022-06-14,39.4444
2022-06-15,133.592
2022-06-16,44.5203
2022-06-17,91.6752
2022-06-20,-97.0329
2022-06-21,-10.6227
2022-06-22,-68.20020000000001
2022-06-23,120.3274
2022-06-24,96.1729
2022-06-27,72.6547
2022-06-28,46.4815
2022-06-29,-16.8253
2022-07-04,45.015
2022-07-05,-13.4847
2022-07-06,-13.8260000000001
2022-07-07,5.54099999999999
2022-07-08,12.3585
2022-07-11,-10.6843
2022-07-12,-42.5097
2022-07-13,-68.741
2022-07-14,-9.16809999999998
2022-07-15,-89.3053
2022-07-18,35.5158
2022-07-19,-98.5852
2022-07-20,36.7802
2022-07-21,-27.5217
2022-07-22,16.445999999999998
2022-07-25,-33.850500000000004
2022-07-26,72.5675
2022-07-27,-37.3815
2022-07-28,27.3335
2022-07-29,-17.1896
2022-08-01,23.9824
2022-08-02,-23.1121
2022-08-03,-10.4936
2022-08-04,-32.0489
2022-08-05,29.3393
2022-08-08,-10.7492
2022-08-09,-22.1222
2022-08-10,-62.3649
2022-08-11,132.9533
2022-08-12,38.782
2022-08-15,10.8675
2022-08-16,8.67490000000002
2022-08-17,68.72
2022-08-18,-46.1275
2022-08-19,17.127
2022-08-22,43.2477
2022-08-23,-92.2806
2022-08-24,-66.1469
2022-08-25,16.7051
2022-08-26,51.5133
2022-08-29,21.4523
2022-08-30,-49.798100000000005
2022-08-31,79.0047000000001
2022-09-01,-8.41760000000002
2022-09-02,-37.8291
2022-09-05,-76.1499
2022-09-06,-38.9912
2022-09-07,-33.7362
2022-09-08,-0.86590000000004
2022-09-09,147.5323
2022-09-13,39.7118
2022-09-14,-14.1425
2022-09-15,-41.3303
2022-09-16,-45.1234
2022-09-19,16.0271
2022-09-20,-5.22730000000003
2022-09-21,-30.5981
2022-09-22,-36.4856
2022-09-23,-5.05590000000004
2022-09-26,42.7658
2022-09-27,32.7247
2022-09-28,-38.3956
2022-09-29,34.2908
2022-09-30,-13.01
2022-10-10,14.3069
2022-10-11,-12.4416
2022-10-12,-58.7558
2022-10-13,-80.3494
2022-10-14,74.7199
2022-10-17,-44.2467
2022-10-18,-37.5658
2022-10-19,-60.0228
2022-10-20,-62.233900000000006
2022-10-21,-89.2272
2022-10-24,-179.11520000000002
2022-10-25,28.4492
2022-10-26,34.3271
2022-10-27,9.59010000000002
2022-10-28,-20.3151
2022-10-31,-90.1209
2022-11-01,61.5457
2022-11-02,-75.81729999999999
2022-11-03,-45.6491
2022-11-04,99.9271999999999
2022-11-07,-40.3161
2022-11-08,-37.9371
2022-11-09,-6.8382000000000005
2022-11-10,-7.572599999999979
2022-11-11,146.6607
2022-11-14,166.01930000000002
2022-11-15,81.5423
2022-11-16,9.98349999999995
2022-11-17,14.0872
2022-11-18,51.1998
2022-11-21,-20.4554
2022-11-22,-7.590800000000019
2022-11-23,15.6522
2022-11-24,12.358
2022-11-25,74.5146
2022-11-28,-37.5961
2022-11-29,98.0569
2022-11-30,49.1738
2022-12-01,114.4957
2022-12-02,40.9406
2022-12-05,58.9344
2022-12-06,5.4091
2022-12-07,2.73479999999996
2022-12-08,1.13620000000003
2022-12-09,-2.7149000000000503
2022-12-12,-43.3764
2022-12-13,-9.46540000000001
2022-12-14,16.5171
2022-12-15,49.358900000000006
2022-12-16,43.6153
2022-12-19,-14.9145
2022-12-20,11.5601
2022-12-21,18.7393
2022-12-22,28.1454
2022-12-28,39.1833
2022-12-29,-11.0987
2022-12-30,0.93110000000001
2023-01-03,-6.45
2023-01-04,18.442
2023-01-05,127.5333
2023-01-06,60.662600000000005
2023-01-09,77.003
2023-01-10,58.0124
2023-01-11,76.1421
2023-01-12,95.4478
2023-01-13,133.3612
2023-01-16,158.42690000000002
2023-01-17,92.8797
2023-01-18,47.3539
2023-01-19,93.9331
2023-01-20,92.56459999999998
2023-01-30,186.1432
2023-01-31,101.4415
2023-02-01,69.7374
2023-02-02,26.9348
2023-02-03,-42.463
2023-02-06,-5.433999999999981
2023-02-07,-38.6092
2023-02-08,-13.8891
2023-02-09,121.0055
2023-02-10,-33.7427
2023-02-13,6.92299999999999
2023-02-14,5.98760000000002
2023-02-15,-18.6351
2023-02-16,67.943
2023-02-17,20.294
2023-02-20,60.0328
2023-02-21,18.5403
2023-02-22,-47.3423
2023-02-23,-21.503
2023-02-24,-50.971
2023-02-27,-19.1883
2023-02-28,-13.0403
2023-03-01,70.1031
2023-03-02,7.65489999999998
2023-03-03,20.6633
2023-03-06,0.75799999999999
2023-03-07,-1.87790000000001
2023-03-08,-10.1427
2023-03-09,-41.7604
2023-03-10,-52.9583
2023-03-13,27.7019
2023-03-14,7.547200000000011
2023-03-15,32.8614
2023-03-16,7.87360000000004
2023-03-17,71.8259
2023-03-20,16.0245
2023-03-21,42.95140000000001
2023-03-22,4.78599999999999
2023-03-23,48.083
2023-03-24,-2.34170000000002
2023-03-27,-6.941400000000031
2023-03-28,3.54469999999998
2023-03-29,43.2294
2023-03-30,48.0711
2023-03-31,16.7436
2023-04-03,5.78650000000001
2023-04-04,-36.5078000000001
2023-04-11,26.2639999999999
2023-04-12,-42.0812
2023-04-13,-0.86880000000001
2023-04-14,64.2429
2023-04-17,19.1803
2023-04-18,22.6448
2023-04-19,-9.15709999999996
2023-04-20,46.9084
2023-04-21,-76.1925
2023-04-24,-38.2772
2023-04-25,-49.1722
2023-04-26,7.51300000000003
2023-04-27,-1.66449999999997
2023-04-28,15.8538
2023-05-04,-14.3897
2023-05-05,6.33200000000004
2023-05-08,20.4939999999999
2023-05-09,9.83459999999999
2023-05-10,55.7137
2023-05-11,0.2936999999999899
2023-05-12,13.2604
2023-05-15,40.8483
2023-05-16,-34.0079
2023-05-17,16.8657
2023-05-18,-18.3592
2023-05-19,-22.2557
2023-05-22,41.3191
2023-05-23,-79.7615
2023-05-24,-44.8228
2023-05-25,-95.6153
2023-05-29,14.3687
2023-05-30,6.49480000000003
2023-05-31,-37.981
2023-06-01,-18.0156
2023-06-02,85.344
2023-06-05,-12.1482
2023-06-06,-10.7745
2023-06-07,25.1099000000001
2023-06-08,29.515
2023-06-09,-14.4091
2023-06-12,-29.296100000000003
2023-06-13,-2.31470000000001
2023-06-14,-21.9439
2023-06-15,92.0092
2023-06-16,105.4554
2023-06-19,-14.4652
2023-06-20,17.4191
2023-06-21,-6.41240000000002
2023-06-26,21.1721
2023-06-27,-25.9612
2023-06-28,-40.7163
2023-06-29,-76.0604
2023-06-30,36.7525
2023-07-03,26.8537999999999
2023-07-04,-19.4951
2023-07-05,-40.3503
2023-07-06,-13.4395
2023-07-07,-45.17229999999999
2023-07-10,12.303
2023-07-11,34.8909
2023-07-12,4.94560000000001
2023-07-13,135.8464
2023-07-14,10.4519
2023-07-18,-87.6516
2023-07-19,-49.3151
2023-07-20,3.46650000000001
2023-07-21,58.2507
2023-07-24,-51.4256000000001
2023-07-25,189.8341
2023-07-26,5.15130000000001
2023-07-27,37.4709
2023-07-28,164.0298
2023-07-31,93.4677
2023-08-01,48.5429
2023-08-02,-50.192
2023-08-03,5.43369999999999
2023-08-04,27.4204
2023-08-07,-24.9765
2023-08-08,-68.1455
2023-08-09,-13.3188
2023-08-10,-25.9863
2023-08-11,-123.375
2023-08-14,-46.6321
2023-08-15,-97.7342
2023-08-16,-46.3917
2023-08-17,-15.1854
2023-08-18,-85.21889999999999
2023-08-21,-64.1232
2023-08-22,-63.7805
2023-08-23,-104.6131
2023-08-24,32.3343
2023-08-25,-24.0129
2023-08-28,-82.4724
2023-08-29,-6.8043
2023-08-30,-24.6302000000001
2023-08-31,-42.9638
2023-09-04,68.8429
2023-09-05,-46.0912
2023-09-06,0.40790000000005
2023-09-07,-70.723
2023-09-11,22.4391
2023-09-12,-19.7953
2023-09-13,-65.9195
2023-09-14,-64.18220000000001
2023-09-15,-24.601
2023-09-18,28.2917
2023-09-19,-24.2287000000001
2023-09-20,-35.3979
2023-09-21,-43.3006
2023-09-22,74.9289
2023-09-25,-80.39359999999999
2023-09-26,-62.959
2023-09-27,18.0322
2023-09-28,-49.9512
2023-10-09,-74.6023
2023-10-10,-54.712700000000005
2023-10-11,-3.8996000000000297
2023-10-12,66.1575
2023-10-13,-64.3854
2023-10-16,-64.76939999999999
2023-10-17,-30.575
2023-10-18,-11.6064
2023-10-19,-117.0427
2023-10-20,-16.4622
2023-10-24,-50.4557
2023-10-25,-12.952
2023-10-26,12.2675
2023-10-27,46.6803
2023-10-30,-23.9761
2023-10-31,-47.5339
2023-11-01,-20.8225
2023-11-02,26.8174
2023-11-03,71.08279999999999
2023-11-06,52.73
2023-11-07,-45.8757
2023-11-08,-37.1
2023-11-09,-0.63360000000004
2023-11-10,-48.6412
2023-11-13,-14.4279
2023-11-14,-21.0929
2023-11-15,36.2565
2023-11-16,-21.9041
2023-11-17,-28.5887
2023-11-20,13.7297
2023-11-21,1.42279999999999
2023-11-22,-35.3855
2023-11-23,50.5798
2023-11-24,-61.9598
2023-11-27,3.3402
2023-11-28,28.3446
2023-11-29,-50.8
2023-11-30,85.1631
2023-12-01,-49.9727
2023-12-04,-14.4083
2023-12-05,-75.2067
2023-12-06,23.417600000000004
2023-12-07,3.73159999999996
2023-12-08,4.59960000000006
2023-12-11,-32.592600000000004
2023-12-12,-50.2393
2023-12-13,-95.8981
2023-12-14,34.6276
2023-12-15,-41.65560000000001
2023-12-18,27.2699
2023-12-19,-21.1268
2023-12-20,-15.4217
2023-12-21,12.0282
2023-12-22,-25.1098
2023-12-27,56.7795
2023-12-28,135.5843
2023-12-29,-5.66200000000001
2024-01-02,-52.693900000000006
2024-01-03,16.8905
2024-01-04,-39.3636
2024-01-05,19.9175
2024-01-08,-43.4653
2024-01-09,0.18760000000002
2024-01-10,6.89650000000001
2024-01-11,42.3051
2024-01-12,-30.3176
2024-01-15,-3.54759999999998
2024-01-16,-41.3313
2024-01-17,-130.5664
2024-01-18,-7.411200000000029
2024-01-19,-52.0861
2024-01-22,10.4739
2024-01-23,37.8997
2024-01-24,-5.38950000000001
2024-01-25,62.9353
2024-01-26,15.1004
2024-01-29,-5.923800000000011
2024-01-30,17.4237
2024-01-31,37.010999999999896
2024-02-01,27.2634
2024-02-02,23.6018
2024-02-05,12.11
2024-02-06,126.0458
2024-02-07,16.8384
2024-02-08,5.82999999999993
2024-02-19,-63.7242
2024-02-20,-1.23109999999997
2024-02-21,135.94899999999998
2024-02-22,36.8952
2024-02-23,-0.9243
2024-02-26,-13.1259
2024-02-27,122.4823
2024-02-28,13.397
2024-02-29,166.0338
2024-03-01,-53.3322
2024-03-04,-70.60679999999991
2024-03-05,15.5356
2024-03-06,-14.5966
2024-03-07,-21.405
2024-03-08,60.0025
2024-03-11,102.6123
2024-03-12,42.4407000000001
2024-03-13,15.6665
2024-03-14,64.22189999999999
2024-03-15,103.2577
2024-03-18,28.2507
2024-03-19,-70.11
2024-03-20,55.6836
2024-03-21,-60.2028
2024-03-22,-31.3847
2024-03-25,55.7112
2024-03-26,47.2505
2024-03-27,-72.4933
2024-03-28,23.3455
2024-04-02,-16.1786
2024-04-03,-22.7497
2024-04-08,-30.4468
2024-04-09,10.5503
2024-04-10,-41.1411
2024-04-11,20.2153
2024-04-12,-73.8533000000001
2024-04-15,81.0842
2024-04-16,-27.92740000000009
2024-04-17,-2.31529999999999
2024-04-18,-52.8488
2024-04-19,-64.89970000000011
2024-04-22,13.8864000000001
2024-04-23,-29.9652
2024-04-24,46.0568
2024-04-25,3.49029999999999
2024-04-26,224.4899
2024-04-29,108.924
2024-04-30,-86.1666
2024-05-06,93.15670000000009
2024-05-07,-21.399
2024-05-08,-40.4425
2024-05-09,80.1424000000001
2024-05-10,-63.0353
2024-05-13,-45.90729999999999
2024-05-14,-66.70020000000001
2024-05-16,60.674
2024-05-17,139.5577
2024-05-20,53.325500000000005
2024-05-21,-19.6729
2024-05-22,47.7598
2024-05-23,-32.6635
2024-05-24,-40.3947
2024-05-27,27.4756
2024-05-28,-50.5461
2024-05-29,33.9889
2024-05-30,10.4526
2024-05-31,-77.979
2024-06-03,15.3938
2024-06-04,33.778
2024-06-05,-56.80479999999999
2024-06-06,67.7323
2024-06-07,-7.05189999999999
2024-06-11,-74.9697
2024-06-12,-33.3530000000001
2024-06-13,-63.0579
2024-06-14,-47.3528
2024-06-17,-33.0128
2024-06-18,-23.1191
2024-06-19,-72.3561
2024-06-20,-32.7037
2024-06-21,0.03989999999991
2024-06-24,-4.0278000000000205
2024-06-25,-33.674
2024-06-26,-19.8232
2024-06-27,-109.5753
2024-06-28,49.4847
2024-07-02,-55.2771
2024-07-03,-14.0296
2024-07-04,-39.6649
2024-07-05,-30.4975
2024-07-08,-21.9992
2024-07-09,141.1068
2024-07-10,-17.8316
2024-07-11,30.4579
2024-07-12,27.3352
2024-07-15,-29.3952
2024-07-16,-28.7612
2024-07-17,-88.8032
2024-07-18,13.5173
2024-07-19,-59.7901
2024-07-22,19.7336
2024-07-23,-41.8305
2024-07-24,-22.7646
2024-07-25,-65.8177
2024-07-26,-3.48649999999998
2024-07-29,-49.85189999999999
2024-07-30,-24.4477
2024-07-31,195.7996
2024-08-01,-57.0134
2024-08-02,-32.2973
2024-08-05,2.87950000000001
2024-08-06,-62.5051
2024-08-07,-21.355100000000004
2024-08-08,11.0306
2024-08-09,-77.6493
2024-08-12,-7.72990000000002
2024-08-13,-25.2739
2024-08-14,-71.6644
2024-08-15,122.0584
2024-08-16,-67.7499
