date,m1_balance_100m,m1_yoy_pct,m2_balance_100m,m2_yoy_pct,available_date
2008-01-31,154872.59,20.54,417846.17,18.88,2008-02-20
2008-02-29,150177.88,18.95,421037.84,17.39,2008-03-20
2008-03-31,150867.47,17.97,423054.53,16.19,2008-04-20
2008-04-30,151694.91,19.05,429313.72,16.94,2008-05-20
2008-05-31,153344.75,17.93,436221.6,18.07,2008-06-20
2008-06-30,154820.15,14.19,443141.02,17.37,2008-07-20
2008-07-31,154992.44,13.96,446362.17,16.35,2008-08-20
2008-08-31,156889.92,11.48,448846.68,16.0,2008-09-20
2008-09-30,155748.97,9.43,452898.71,15.29,2008-10-20
2008-10-31,157194.36,8.85,453133.32,15.02,2008-11-20
2008-11-30,157826.63,6.8,458644.66,14.8,2008-12-20
2008-12-31,166217.13,9.06,475166.6,17.82,2009-01-20
2009-01-31,165214.3413,6.68,496135.3078,18.79,2009-02-20
2009-02-28,166149.6012,10.87,506708.07,20.48,2009-03-20
2009-03-31,176541.1313,17.04,530626.7118,25.51,2009-04-20
2009-04-30,178213.5683,17.48,540481.2137,25.95,2009-05-20
2009-05-31,182025.58,18.69,548263.51,25.74,2009-06-20
2009-06-30,193138.15,24.79,568916.2,28.46,2009-07-20
2009-07-31,195889.27,26.37,573102.8517,28.42,2009-08-20
2009-08-31,200394.8261,27.72,576698.9535,28.53,2009-09-20
2009-09-30,201708.1398,29.51,585405.3373,29.31,2009-10-20
2009-10-31,207545.7431,32.03,586643.2887,29.42,2009-11-20
2009-11-30,212493.2037,34.63,594604.7213,29.74,2009-12-20
2009-12-31,221445.8057,32.35,610224.5231,27.68,2010-01-20
2010-01-31,229588.98,38.96,625609.29,25.98,2010-02-20
2010-02-28,224286.9544,34.99,636072.2646,25.52,2010-03-20
2010-03-31,229397.9332,29.94,649947.4643,22.5,2010-04-20
2010-04-30,233909.7597,31.25,656561.217,21.48,2010-05-20
2010-05-31,236497.8831,29.9,663351.37,21.0,2010-06-20
2010-06-30,240579.9975,24.6,673921.7239,18.5,2010-07-20
2010-07-31,240664.0696,22.9,674051.4789,17.6,2010-08-20
2010-08-31,244340.6421,21.9,687506.9183,19.2,2010-09-20
2010-09-30,243821.9,20.9,696471.5,19.0,2010-10-20
2010-10-31,253313.1693,22.1,699776.7409,19.3,2010-11-20
2010-11-30,259420.32,22.1,710339.025,19.5,2010-12-20
2010-12-31,266621.54,21.2,725851.79,19.7,2011-01-20
2011-01-31,261765.006,13.6,733884.8297,17.2,2011-02-20
2011-02-28,259200.4996,14.5,736130.8633,15.7,2011-03-20
2011-03-31,266255.48,15.0,758130.88,16.6,2011-04-20
2011-04-30,266766.9145,12.9,757384.5619,15.3,2011-05-20
2011-05-31,269289.6255,12.7,763409.2151,15.1,2011-06-20
2011-06-30,274662.57,13.1,780820.85,15.9,2011-07-20
2011-07-31,270545.65,11.6,772923.65,14.7,2011-08-20
2011-08-31,273393.7738,11.2,780852.3021,13.5,2011-09-20
2011-09-30,267193.1613,8.85,787406.2038,13.04,2011-10-20
2011-10-31,276552.6711,8.4,816829.2489,12.9,2011-11-20
2011-11-30,281416.3725,7.8,825493.9445,12.7,2011-12-20
2011-12-31,289847.697,7.9,851590.9,13.6,2012-01-20
2012-01-31,270010.4,3.1,855898.89,12.4,2012-02-20
2012-02-29,270312.11,4.3,867171.42,13.0,2012-03-20
2012-03-31,277998.11,4.4,895565.5,13.4,2012-04-20
2012-04-30,274983.82,3.1,889604.04,12.8,2012-05-20
2012-05-31,278656.31,3.5,900048.77,13.2,2012-06-20
2012-06-30,287526.17,4.7,924991.2,13.6,2012-07-20
2012-07-31,283090.6809,4.6,919072.4019,13.9,2012-08-20
2012-08-31,285739.2653,4.5,924894.5865,13.5,2012-09-20
2012-09-30,286788.2061,7.3,943688.7534,14.8,2012-10-20
2012-10-31,293309.7849,6.1,936404.2792,14.1,2012-11-20
2012-11-30,296883.0,5.5,944832.4,13.9,2012-12-20
2012-12-31,308664.23,6.5,974148.8,13.8,2013-01-20
2013-01-31,311228.55,15.3,992129.25,15.9,2013-02-20
2013-02-28,296103.24,9.5,998600.83,15.2,2013-03-20
2013-03-31,310898.29,11.9,1035858.37,15.7,2013-04-20
2013-04-30,307648.4202,11.9,1032551.903,16.1,2013-05-20
2013-05-31,310204.48,11.3,1042169.16,15.8,2013-06-20
2013-06-30,313499.82,9.1,1054403.69,14.0,2013-07-20
2013-07-31,310596.46,9.7,1052212.34,14.5,2013-08-20
2013-08-31,314085.91,9.9,1061256.43,14.7,2013-09-20
2013-09-30,312330.3433,8.9,1077379.163,14.2,2013-10-20
2013-10-31,319509.38,8.9,1070242.167,14.3,2013-11-20
2013-11-30,324821.9228,9.4,1079257.055,14.2,2013-12-20
2013-12-31,337291.05,9.3,1106524.98,13.6,2014-01-20
2014-01-31,314900.5525,1.2,1123521.21,13.2,2014-02-20
2014-02-28,316625.11,6.9,1131760.83,13.3,2014-03-20
2014-03-31,327683.74,5.4,1160687.38,12.1,2014-04-20
2014-04-30,324482.52,5.5,1168812.67,13.2,2014-05-20
2014-05-31,327839.56,5.7,1182293.96,13.4,2014-06-20
2014-06-30,341487.45,8.9,1209587.2,14.7,2014-07-20
2014-07-31,331347.32,6.7,1194249.24,13.5,2014-08-20
2014-08-31,332023.23,5.7,1197499.08,12.8,2014-09-20
2014-09-30,327220.21,4.8,1202051.41,12.9,2014-10-20
2014-10-31,329617.7321,3.2,1199236.314,12.6,2014-11-20
2014-11-30,335114.13,3.2,1208605.95,12.3,2014-12-20
2014-12-31,348056.4089,3.2,1228374.807,12.2,2015-01-20
2015-01-31,348109.50224619,10.6,1242710.2185386,10.8,2015-02-20
2015-02-28,334439.22267292,5.6,1257380.4784755,12.5,2015-03-20
2015-03-31,337210.52,2.9,1275332.78,11.6,2015-04-20
2015-04-30,336388.24,3.7,1280779.14,10.1,2015-05-20
2015-05-31,343085.86,4.7,1307357.63,10.8,2015-06-20
2015-06-30,356082.85545863,4.3,1333375.36453853,11.8,2015-07-20
2015-07-31,353122.19382944,6.6,1353210.92482599,13.3,2015-08-20
2015-08-31,362793.73,9.3,1356907.98,13.3,2015-09-20
2015-09-30,364416.9,11.4,1359824.06,13.1,2015-10-20
2015-10-31,375806.44967709,14.0,1361020.70462698,13.5,2015-11-20
2015-11-30,387618.32,15.7,1373956.01,13.7,2015-12-20
2015-12-31,400953.4400483,15.2,1392278.10919881,13.3,2016-01-20
2016-01-31,412685.64,18.6,1416319.55,14.0,2016-02-20
2016-02-29,392504.69634977,17.4,1424618.67792204,13.3,2016-03-20
2016-03-31,411581.31,22.1,1446198.03,13.4,2016-04-20
2016-04-30,413504.84,22.9,1445209.59,12.8,2016-05-20
2016-05-31,424250.7,23.7,1461695.11,11.8,2016-06-20
2016-06-30,443643.7,24.6,1490491.83,11.8,2016-07-20
2016-07-31,442934.43,25.4,1491558.72,10.2,2016-08-20
2016-08-31,454543.6,25.3,1510982.91,11.4,2016-09-20
2016-09-30,454340.25,24.7,1516360.5,11.5,2016-10-20
2016-10-31,465446.65,23.9,1519485.4,11.6,2016-11-20
2016-11-30,475405.54,22.7,1530432.06,11.4,2016-12-20
2016-12-31,486557.23737089,21.4,1550066.66781086,11.3,2017-01-20
2017-01-31,472526.45,14.5,1584194.56383135,10.7032,2017-02-20
2017-02-28,476527.6,21.4,1589856.99535048,10.45,2017-03-20
2017-03-31,488770.09,18.8,1607938.98002212,10.1178,2017-04-20
2017-04-30,490180.41972742,18.5,1603918.84024284,9.8426,2017-05-20
2017-05-31,496389.78217316,17.0,1609740.77375527,9.1289,2017-06-20
2017-06-30,510228.16597674,15.0,1639497.04513491,9.1013,2017-07-20
2017-07-31,510484.57751922,15.3,1636341.10524859,8.89,2017-08-20
2017-08-31,518113.92979868,14.0,1652947.30031106,8.5633,2017-09-20
2017-09-30,517863.03732941,14.0,1663666.05438742,8.976,2017-10-20
2017-10-31,525977.19041969,13.0,1662449.96019881,8.8771,2017-11-20
2017-11-30,535565.04954123,12.7,1679156.63613009,9.1148,2017-12-20
2017-12-31,543790.14519118,11.8,1690235.31468079,8.0654,2018-01-20
2018-01-31,543247.12570164,15.0,1720814.46207142,8.6,2018-02-20
2018-02-28,517035.99284148,8.5,1729070.11807809,8.8,2018-03-20
2018-03-31,523540.0745583,7.1,1739859.47770953,8.2,2018-04-20
2018-04-30,525447.77033558,7.2,1737683.72947489,8.3,2018-05-20
2018-05-31,526276.71554375,6.0,1743063.7923233,8.3,2018-06-20
2018-06-30,543944.71230776,6.6,1770178.373,8.0,2018-07-20
2018-07-31,536624.29388092,5.1,1776196.10516409,8.5,2018-08-20
2018-08-31,538324.64434997,3.9,1788670.42970175,8.2,2018-09-20
2018-09-30,538574.08246877,4.0,1801665.58145761,8.3,2018-10-20
2018-10-31,540128.36546464,2.7,1795561.59556379,8.0,2018-11-20
2018-11-30,543498.66093155,1.5,1813175.06539151,8.0,2018-12-20
2018-12-31,551685.90754868,1.5,1826744.21571345,8.1,2019-01-20
2019-01-31,545638.46,0.4,1865935.33,8.4,2019-02-20
2019-02-28,527190.48,1.6,1867427.45,8.0,2019-03-20
2019-03-31,547575.54,4.6,1889412.14,8.6,2019-04-20
2019-04-30,540614.6,2.9,1884670.33,8.5,2019-05-20
2019-05-31,544355.64,3.4,1891153.7,8.5,2019-06-20
2019-06-30,567696.18,4.4,1921360.19,8.5,2019-07-20
2019-07-31,553043.11,3.1,1919410.82,8.1,2019-08-20
2019-08-31,556798.09,3.4,1935492.43,8.2,2019-09-20
2019-09-30,557137.95,3.4,1952250.49,8.4,2019-10-20
2019-10-31,558143.92,3.3,1945600.55,8.4,2019-11-20
2019-11-30,562486.52,3.5,1961429.56,8.2,2019-12-20
2019-12-31,576009.15,4.4,1986488.82,8.7,2020-01-20
2020-01-31,545531.7866,0.0,2023066.485,8.4,2020-02-20
2020-02-29,552700.7291,4.8,2030830.424,8.8,2020-03-20
2020-03-31,575050.2863,5.0,2080923.411,10.1,2020-04-20
2020-04-30,570150.4789,5.5,2093533.829,11.1,2020-05-20
2020-05-31,581111.0573,6.8,2100183.741,11.1,2020-06-20
2020-06-30,604317.9685,6.5,2134948.661,11.1,2020-07-20
2020-07-31,591192.6368,6.9,2125458.462,10.7,2020-08-20
2020-08-31,601289.1,8.0,2136836.91,10.4,2020-09-20
2020-09-30,602312.12,8.1,2164084.8,10.9,2020-10-20
2020-10-31,609182.41,9.1,2149720.42,10.5,2020-11-20
2020-11-30,618632.17,10.0,2172002.55,10.7,2020-12-20
2020-12-31,625580.99,8.6,2186795.89,10.1,2021-01-20
2021-01-31,625563.81,14.7,2213047.33,9.4,2021-02-20
2021-02-28,593487.46,7.4,2236030.26,10.1,2021-03-20
2021-03-31,616113.17,7.1,2276488.45,9.4,2021-04-20
2021-04-30,605421.89,6.2,2262107.12,8.1,2021-05-20
2021-05-31,616828.32,6.1,2275538.07,8.3,2021-06-20
2021-06-30,637479.36,5.5,2317788.36,8.6,2021-07-20
2021-07-31,620367.05,4.9,2302153.82,8.3,2021-08-20
2021-08-31,626658.69,4.2,2312267.68,8.2,2021-09-20
2021-09-30,624645.68,3.7,2342829.7,8.3,2021-10-20
2021-10-31,626082.12,2.8,2336160.48,8.7,2021-11-20
2021-11-30,637482.04,3.0,2356012.76,8.5,2021-12-20
2021-12-31,647443.35,3.5,2382899.56,9.0,2022-01-20
2022-01-31,613859.35,-1.9,2431022.72,9.8,2022-02-20
2022-02-28,621612.11,4.7,2441488.9,9.2,2022-03-20
2022-03-31,645063.8,4.7,2497688.34,9.7,2022-04-20
2022-04-30,636139.01,5.1,2499710.9,10.5,2022-05-20
2022-05-31,645107.52,4.6,2527026.15,11.1,2022-06-20
2022-06-30,674374.81,5.8,2581451.2,11.4,2022-07-20
2022-07-31,661832.33,6.7,2578078.57,12.0,2022-08-20
2022-08-31,664604.85,6.1,2595068.27,12.2,2022-09-20
2022-09-30,664535.17,6.4,2626600.92,12.1,2022-10-20
2022-10-31,662140.99,5.8,2612914.57,11.8,2022-11-20
2022-11-30,667042.61,4.6,2647008.48,12.4,2022-12-20
2022-12-31,671674.76,3.7,2664320.84,11.8,2023-01-20
2023-01-31,655214.16,6.7,2738072.06,12.6,2023-02-20
2023-02-28,657938.74,5.8,2755249.23,12.9,2023-03-20
2023-03-31,678059.63,5.1,2814566.31,12.7,2023-04-20
2023-04-30,669761.55,5.3,2808469.34,12.4,2023-05-20
2023-05-31,675252.98,4.7,2820504.68,11.6,2023-06-20
2023-06-30,695595.48,3.1,2873023.83,11.3,2023-07-20
2023-07-31,677218.92,2.3,2854031.56,10.7,2023-08-20
2023-08-31,679588.35,2.2,2869343.25,10.6,2023-09-20
2023-09-30,678443.65,2.1,2896659.11,10.3,2023-10-20
2023-10-31,674696.07,1.9,2882276.07,10.3,2023-11-20
2023-11-30,675903.41,1.3,2912014.22,10.0,2023-12-20
2023-12-31,680542.52,1.3,2922713.33,9.7,2024-01-20
2024-01-31,1120120.0,5.9,2976250.2,8.7,2024-02-20
2024-02-29,1093158.0,1.2,2995572.97,8.7,2024-03-20
2024-03-31,1117433.0,1.1,3047952.16,8.3,2024-04-20
2024-04-30,1075084.0,-1.4,3011941.98,7.2,2024-05-20
2024-05-31,1064391.0,-4.2,3018506.73,7.0,2024-06-20
2024-06-30,1089170.0,-5.0,3050161.54,6.2,2024-07-20
2024-07-31,1051800.0,-6.6,3033060.78,6.3,2024-08-20
2024-08-31,1049684.0,-7.3,3050461.27,6.3,2024-09-20
2024-09-30,1055410.0,-7.4,3094798.24,6.8,2024-10-20
2024-10-31,1054884.0,-6.1,3097092.01,7.5,2024-11-20
2024-11-30,1076379.0,-3.7,3119587.27,7.1,2024-12-20
2024-12-31,1113069.0,-1.4,3135322.3,7.3,2025-01-20
2025-01-31,1124457.45,0.4,3185247.18,7.0,2025-02-20
2025-02-28,1094370.01,0.1,3205173.24,7.0,2025-03-20
2025-03-31,1134863.1,1.6,3260554.57,7.0,2025-04-20
2025-04-30,1091407.33,1.5,3251739.32,8.0,2025-05-20
2025-05-31,1089147.65,2.3,3257838.11,7.9,2025-06-20
2025-06-30,1139494.08,4.6,3302868.17,8.3,2025-07-20
2025-07-31,1110586.92,5.6,3299429.06,8.8,2025-08-20
2025-08-31,1112255.7,6.0,3319831.44,8.8,2025-09-20
2025-09-30,1131455.07,7.2,3353771.03,8.4,2025-10-20
2025-10-31,1119962.73,6.2,3351312.31,8.2,2025-11-20
2025-11-30,1128866.64,4.9,3369890.52,8.0,2025-12-20
2025-12-31,1155146.5,3.8,3402948.06,8.5,2026-01-20
2026-01-31,1179680.52,4.9,3471860.39,9.0,2026-02-20
2026-02-28,1159258.82,5.9,3492159.91,9.0,2026-03-20
2026-03-31,1193202.99,5.1,3538636.53,8.5,2026-04-20
2026-04-30,1145833.73,5.0,3530425.21,8.6,2026-05-20
2026-05-31,1148891.41,5.5,3536688.92,8.6,2026-06-20
2026-06-30,1184775.53,4.0,3567108.43,8.0,2026-07-20
