date,m1_yoy,ppi_yoy,m1_ppi_spread,ma6,ma12,q10,q90,signal
2008-01-31,20.54,6.07,14.47,,,,,正常
2008-01-31,20.54,6.07,14.469999999999999,,,,,正常
2008-02-29,18.95,6.62,12.329999999999998,,,,,正常
2008-02-29,18.95,6.62,12.329999999999998,,,,,正常
2008-03-31,17.97,7.95,10.02,12.273333333333332,,,,正常
2008-03-31,17.97,7.95,10.02,12.273333333333332,,,,正常
2008-04-30,19.05,8.12,10.93,11.9375,,,,正常
2008-04-30,19.05,8.12,10.930000000000001,11.9375,,,,正常
2008-05-31,17.93,8.22,9.71,11.492,,,,正常
2008-05-31,17.93,8.22,9.709999999999999,11.491999999999999,,,,正常
2008-06-30,14.19,8.84,5.35,10.468333333333332,10.468333333333332,,,正常
2008-06-30,14.19,8.84,5.35,10.468333333333332,10.468333333333332,,,正常
2008-07-31,13.96,10.03,3.9300000000000015,8.711666666666666,9.534285714285714,,,正常
2008-07-31,13.96,10.03,3.9300000000000015,8.711666666666666,9.534285714285714,,,正常
2008-08-31,11.48,10.06,1.42,6.8933333333333335,8.52,,,正常
2008-08-31,11.48,10.06,1.42,6.8933333333333335,8.52,,,正常
2008-09-30,9.43,9.13,0.29999999999999893,5.273333333333333,7.606666666666666,,,正常
2008-09-30,9.43,9.13,0.2999999999999989,5.273333333333333,7.606666666666666,,,正常
2008-10-31,8.85,6.59,2.26,3.828333333333333,7.072,,,正常
2008-10-31,8.85,6.59,2.26,3.828333333333333,7.072,,,正常
2008-11-30,6.8,1.99,4.81,3.0116666666666667,6.866363636363636,,,正常
2008-11-30,6.8,1.99,4.81,3.0116666666666667,6.866363636363636,,,正常
2008-12-31,9.06,-1.14,10.2,3.82,7.144166666666666,,,正常
2008-12-31,9.06,-1.14,10.200000000000001,3.8200000000000003,7.144166666666666,,,正常
2009-01-31,6.68,-3.35,10.03,4.836666666666667,6.774166666666666,,,正常
2009-01-31,6.68,-3.35,10.03,4.836666666666667,6.774166666666666,,,正常
2009-02-28,10.87,-4.47,15.34,7.156666666666666,7.025,,,正常
2009-02-28,10.87,-4.47,15.34,7.156666666666666,7.0249999999999995,,,正常
2009-03-31,17.04,-5.99,23.03,10.945,8.109166666666667,,,正常
2009-03-31,17.04,-5.99,23.03,10.945,8.109166666666667,,,正常
2009-04-30,17.48,-6.6,24.08,14.581666666666665,9.205,,,正常
2009-04-30,17.48,-6.6,24.08,14.581666666666663,9.205,,,正常
2009-05-31,18.69,-7.2,25.89,18.095,10.553333333333333,,,正常
2009-05-31,18.69,-7.2,25.89,18.095,10.553333333333333,,,正常
2009-06-30,24.79,-7.8,32.589999999999996,21.826666666666668,12.823333333333332,,,正常
2009-06-30,24.79,-7.8,32.59,21.826666666666668,12.823333333333332,,,正常
2009-07-31,26.37,-8.22,34.59,25.92,15.378333333333332,,,正常
2009-07-31,26.37,-8.22,34.59,25.92,15.378333333333332,,,正常
2009-08-31,27.72,-7.86,35.58,29.293333333333333,18.224999999999998,,,正常
2009-08-31,27.72,-7.86,35.58,29.293333333333333,18.225,,,正常
2009-09-30,29.51,-6.99,36.5,31.53833333333333,21.241666666666664,,,正常
2009-09-30,29.51,-6.99,36.5,31.53833333333333,21.241666666666664,,,正常
2009-10-31,32.03,-5.85,37.88,33.83833333333333,24.209999999999997,,,正常
2009-10-31,32.03,-5.85,37.88,33.83833333333333,24.21,,,正常
2009-11-30,34.63,-2.08,36.71,35.641666666666666,26.868333333333336,,,正常
2009-11-30,34.63,-2.08,36.71,35.641666666666666,26.868333333333336,,,正常
2009-12-31,32.35,1.7,30.650000000000002,35.318333333333335,28.5725,,,正常
2009-12-31,32.35,1.7,30.65,35.318333333333335,28.5725,,,正常
2010-01-31,38.96,4.32,34.64,35.32666666666666,30.62333333333333,,,正常
2010-01-31,38.96,4.32,34.64,35.32666666666666,30.62333333333333,,,正常
2010-02-28,34.99,5.39,29.6,34.330000000000005,31.811666666666667,,,正常
2010-02-28,34.99,5.39,29.6,34.330000000000005,31.811666666666667,,,正常
2010-03-31,29.94,5.91,24.03,32.25166666666667,31.895,,,正常
2010-03-31,29.94,5.91,24.03,32.25166666666667,31.895,,,正常
2010-04-30,31.25,6.81,24.44,30.011666666666667,31.924999999999997,,,正常
2010-04-30,31.25,6.81,24.44,30.011666666666667,31.925,,,正常
2010-05-31,29.9,7.13,22.77,27.688333333333333,31.665000000000003,,,正常
2010-05-31,29.9,7.13,22.77,27.688333333333333,31.665000000000003,,,正常
2010-06-30,24.6,6.41,18.19,25.611666666666668,30.465000000000003,,,正常
2010-06-30,24.6,6.41,18.19,25.611666666666668,30.465000000000003,,,正常
2010-07-31,22.9,4.84,18.06,22.848333333333333,29.0875,,,正常
2010-07-31,22.9,4.84,18.06,22.848333333333333,29.087500000000002,,,正常
2010-08-31,21.9,4.32,17.58,20.845000000000002,27.587500000000002,,,正常
2010-08-31,21.9,4.32,17.58,20.845,27.5875,,,正常
2010-09-30,20.9,4.33,16.57,19.601666666666663,25.926666666666666,,,正常
2010-09-30,20.9,4.33,16.57,19.601666666666663,25.926666666666662,,,正常
2010-10-31,22.1,5.04,17.060000000000002,18.371666666666666,24.191666666666666,,,正常
2010-10-31,22.1,5.04,17.060000000000002,18.371666666666663,24.191666666666663,,,正常
2010-11-30,22.1,6.06,16.040000000000003,17.25,22.469166666666666,,,正常
2010-11-30,22.1,6.06,16.040000000000003,17.25,22.469166666666663,,,正常
2010-12-31,21.2,5.93,15.27,16.763333333333335,21.1875,4.370000000000001,35.11,正常
2010-12-31,21.2,5.93,15.27,16.763333333333335,21.1875,4.370000000000001,35.11,正常
2011-01-31,13.6,6.6436,6.9563999999999995,14.912733333333334,18.880533333333336,4.458,35.016,正常
2011-01-31,13.6,6.6436,6.9564,14.912733333333334,18.880533333333336,4.458,35.016,正常
2011-02-28,14.5,7.2322,7.2678,13.194033333333335,17.019516666666664,4.546,34.922000000000004,正常
2011-02-28,14.5,7.2322,7.2678,13.194033333333335,17.019516666666664,4.546,34.922000000000004,正常
2011-03-31,15.0,7.3081,7.6919,11.71435,15.658008333333331,4.634,34.828,正常
2011-03-31,15.0,7.3081,7.6919,11.714350000000001,15.658008333333333,4.634,34.828,正常
2011-04-30,12.9,6.821,6.079000000000001,9.884183333333334,14.127925,4.722,34.734,正常
2011-04-30,12.9,6.821,6.079000000000001,9.884183333333334,14.127925,4.722,34.734,正常
2011-05-31,12.7,6.7851,5.914899999999999,8.196666666666667,12.723333333333334,4.81,34.64,正常
2011-05-31,12.7,6.7851,5.914899999999999,8.196666666666667,12.723333333333334,4.81,34.64,正常
2011-06-30,13.1,7.1209,5.9791,6.648183333333333,11.705758333333334,4.864,34.635,正常
2011-06-30,13.1,7.1209,5.9791,6.648183333333333,11.705758333333334,4.864,34.635,正常
2011-07-31,11.6,7.5417,4.0583,6.165166666666667,10.53895,4.20864,34.63,信用紧缩
2011-07-31,11.6,7.5417,4.0583,6.165166666666667,10.53895,4.20864,34.63,信用紧缩
2011-08-31,11.2,7.2528,3.9472,5.6117333333333335,9.402883333333332,3.98053,34.625,信用紧缩
2011-08-31,11.2,7.2528,3.9471999999999996,5.6117333333333335,9.402883333333333,3.98053,34.625,信用紧缩
2011-09-30,8.85,6.5227,2.3272999999999997,4.717633333333333,8.215991666666666,3.936880000000001,34.620000000000005,信用紧缩
2011-09-30,8.85,6.5227,2.3272999999999993,4.717633333333333,8.215991666666666,3.936880000000001,34.620000000000005,信用紧缩
2011-10-31,8.4,5.0038,3.3962000000000003,4.270499999999999,7.077341666666668,3.663100000000001,34.615,信用紧缩
2011-10-31,8.4,5.0038,3.3962000000000003,4.270499999999999,7.077341666666668,3.663100000000001,34.615,信用紧缩
2011-11-30,7.8,2.7179,5.0821,4.1316999999999995,6.164183333333334,3.7164800000000016,34.61,正常
2011-11-30,7.8,2.7179,5.0821,4.1317,6.164183333333334,3.7164800000000016,34.61,正常
2011-12-31,7.9,1.6854,6.214600000000001,4.17095,5.409566666666667,3.769860000000001,34.605000000000004,正常
2011-12-31,7.9,1.6854,6.214600000000001,4.17095,5.409566666666667,3.7698600000000013,34.605000000000004,正常
2012-01-31,3.1,0.7347,2.3653,3.888783333333333,5.026974999999999,3.190020000000001,34.6,信用紧缩
2012-01-31,3.1,0.7347,2.3653,3.888783333333333,5.026974999999999,3.190020000000001,34.6,信用紧缩
2012-02-29,4.3,0.0284,4.271599999999999,3.94285,4.777291666666666,3.2931100000000004,34.595000000000006,正常
2012-02-29,4.3,0.0284,4.271599999999999,3.94285,4.777291666666666,3.2931100000000004,34.595000000000006,正常
2012-03-31,4.4,-0.3171,4.7171,4.34115,4.529391666666666,3.3962000000000003,34.59,正常
2012-03-31,4.4,-0.3171,4.7171,4.34115,4.529391666666666,3.3962000000000003,34.59,正常
2012-04-30,3.1,-0.6984,3.7984,4.408183333333334,4.339341666666667,3.4364200000000005,34.39,正常
2012-04-30,3.1,-0.6984,3.7984,4.408183333333334,4.339341666666667,3.4364200000000005,34.39,正常
2012-05-31,3.5,-1.3981,4.8980999999999995,4.377516666666667,4.2546083333333335,3.47664,34.19000000000001,正常
2012-05-31,3.5,-1.3981,4.8981,4.377516666666667,4.2546083333333335,3.47664,34.19000000000001,正常
2012-06-30,4.7,-2.0843,6.7843,4.472466666666667,4.3217083333333335,3.5168600000000003,33.99000000000001,正常
2012-06-30,4.7,-2.0843,6.7843,4.472466666666667,4.3217083333333335,3.5168600000000003,33.99000000000001,正常
2012-07-31,4.6,-2.8651,7.4651,5.322433333333333,4.6056083333333335,3.5570800000000005,33.790000000000006,正常
2012-07-31,4.6,-2.8651,7.4651,5.322433333333333,4.6056083333333335,3.5570800000000005,33.790000000000006,正常
2012-08-31,4.5,-3.4784,7.978400000000001,5.940233333333333,4.941541666666667,3.5973,33.59,正常
2012-08-31,4.5,-3.4784,7.978400000000001,5.940233333333333,4.941541666666667,3.5973,33.59,正常
2012-09-30,7.3,-3.5545,10.8545,6.963133333333334,5.652141666666666,3.6375200000000003,33.38999999999999,正常
2012-09-30,7.3,-3.5545,10.8545,6.963133333333334,5.652141666666666,3.63752,33.38999999999999,正常
2012-10-31,6.1,-2.7558,8.855799999999999,7.806033333333333,6.107108333333333,3.67774,33.190000000000005,正常
2012-10-31,6.1,-2.7558,8.855799999999999,7.806033333333333,6.107108333333333,3.67774,33.190000000000005,正常
2012-11-30,5.5,-2.1995,7.6995,8.272933333333333,6.325225,3.7179600000000006,32.99,正常
2012-11-30,5.5,-2.1995,7.6995000000000005,8.272933333333333,6.325225,3.7179600000000006,32.99,正常
2012-12-31,6.5,-1.9397,8.4397,8.548833333333333,6.510649999999999,3.7581800000000003,32.79,正常
2012-12-31,6.5,-1.9397,8.4397,8.548833333333333,6.510649999999999,3.75818,32.79,正常
2013-01-31,15.3,-1.6372,16.9372,10.127516666666667,7.724975000000001,3.7984,32.589999999999996,正常
2013-01-31,15.3,-1.6372,16.9372,10.127516666666668,7.724975000000001,3.7984,32.59,正常
2013-02-28,9.5,-1.6254,11.1254,10.652016666666666,8.296124999999998,3.81156,32.395999999999994,正常
2013-02-28,9.5,-1.6254,11.125399999999999,10.652016666666666,8.296124999999998,3.81156,32.395999999999994,正常
2013-03-31,11.9,-1.919,13.819,11.146099999999999,9.054616666666666,3.82472,32.202000000000005,正常
2013-03-31,11.9,-1.919,13.819,11.1461,9.054616666666666,3.82472,32.202000000000005,正常
2013-04-30,11.9,-2.6175,14.5175,12.089716666666666,9.947875000000002,3.8378800000000006,32.008,正常
2013-04-30,11.9,-2.6175,14.5175,12.089716666666666,9.947875000000002,3.8378800000000006,32.008,正常
2013-05-31,11.3,-2.8658,14.1658,13.167433333333332,10.720183333333331,3.8510400000000007,31.814,正常
2013-05-31,11.3,-2.8658,14.1658,13.167433333333333,10.720183333333333,3.8510400000000007,31.814,正常
2013-06-30,9.1,-2.6965,11.7965,13.7269,11.137866666666667,3.8642000000000007,31.62,正常
2013-06-30,9.1,-2.6965,11.7965,13.7269,11.137866666666667,3.8642000000000007,31.619999999999997,正常
2013-07-31,9.7,-2.2712,11.9712,12.899233333333335,11.513374999999998,3.877360000000001,31.426,正常
2013-07-31,9.7,-2.2712,11.9712,12.899233333333337,11.513374999999998,3.877360000000001,31.426,正常
2013-08-31,9.9,-1.625,11.525,12.965833333333336,11.808925,3.890520000000001,31.23200000000001,正常
2013-08-31,9.9,-1.625,11.525,12.965833333333336,11.808925,3.890520000000001,31.23200000000001,正常
2013-09-30,8.9,-1.3439,10.2439,12.369983333333332,11.758041666666665,3.9036800000000014,31.038000000000007,正常
2013-09-30,8.9,-1.3439,10.2439,12.369983333333332,11.758041666666664,3.903680000000002,31.038000000000007,正常
2013-10-31,8.9,-1.5071,10.4071,11.684916666666666,11.887316666666669,3.9168400000000014,30.844000000000005,正常
2013-10-31,8.9,-1.5071,10.4071,11.684916666666666,11.887316666666669,3.9168400000000014,30.844000000000005,正常
2013-11-30,9.4,-1.4242,10.8242,11.127983333333331,12.147708333333334,3.9300000000000015,30.65,正常
2013-11-30,9.4,-1.4242,10.824200000000001,11.127983333333333,12.147708333333334,3.9300000000000015,30.650000000000002,正常
2013-12-31,9.3,-1.3557,10.6557,10.93785,12.332375,3.931720000000001,30.545,正常
2013-12-31,9.3,-1.3557,10.655700000000001,10.93785,12.332374999999999,3.931720000000001,30.545,正常
2014-01-31,1.2,-1.6394,2.8394,9.415883333333332,11.157558333333334,3.82472,30.44,信用紧缩
2014-01-31,1.2,-1.6394,2.8394,9.415883333333333,11.157558333333334,3.82472,30.439999999999998,信用紧缩
2014-02-28,6.9,-2.0182,8.9182,8.981416666666666,10.973625,3.8378800000000006,30.335000000000004,正常
2014-02-28,6.9,-2.0182,8.9182,8.981416666666666,10.973625,3.8378800000000006,30.335000000000004,正常
2014-03-31,5.4,-2.3022,7.7022,8.5578,10.463891666666667,3.8510400000000007,30.23000000000001,正常
2014-03-31,5.4,-2.3022,7.7022,8.5578,10.463891666666669,3.8510400000000007,30.23000000000001,正常
2014-04-30,5.5,-2.0042,7.5042,8.073983333333333,9.87945,3.8642000000000007,30.125,正常
2014-04-30,5.5,-2.0042,7.5042,8.073983333333333,9.87945,3.8642000000000007,30.125,正常
2014-05-31,5.7,-1.4464,7.1464,7.461016666666667,9.294500000000001,3.877360000000001,30.020000000000007,正常
2014-05-31,5.7,-1.4464,7.1464,7.461016666666667,9.2945,3.877360000000001,30.020000000000007,正常
2014-06-30,8.9,-1.1086,10.008600000000001,7.353166666666667,9.145508333333334,3.890520000000001,29.915,正常
2014-06-30,8.9,-1.1086,10.0086,7.353166666666667,9.145508333333334,3.890520000000001,29.915,正常
2014-07-31,6.7,-0.8688,7.5688,8.1414,8.778641666666667,3.9036800000000014,29.810000000000006,正常
2014-07-31,6.7,-0.8688,7.5688,8.1414,8.778641666666667,3.903680000000002,29.81000000000001,正常
2014-08-31,5.7,-1.2038,6.9038,7.805666666666667,8.393541666666668,3.9168400000000014,29.70500000000001,正常
2014-08-31,5.7,-1.2038,6.9038,7.805666666666667,8.393541666666668,3.9168400000000014,29.70500000000001,正常
2014-09-30,4.8,-1.7996,6.5996,7.6219,8.08985,3.9300000000000015,29.6,正常
2014-09-30,4.8,-1.7996,6.5996,7.6219,8.08985,3.9300000000000015,29.6,正常
2014-10-31,3.2,-2.2428,5.4428,7.278333333333333,7.676158333333333,3.931720000000001,29.22900000000002,正常
2014-10-31,3.2,-2.2428,5.4428,7.278333333333333,7.676158333333333,3.931720000000001,29.22900000000002,正常
2014-11-30,3.2,-2.6928,5.8928,7.069400000000001,7.265208333333334,3.933440000000001,28.85799999999999,正常
2014-11-30,3.2,-2.6928,5.8928,7.069400000000001,7.265208333333334,3.933440000000001,28.85799999999999,正常
2014-12-31,3.2,-3.3152,6.5152,6.487166666666667,6.920166666666667,3.935160000000001,28.487000000000013,正常
2014-12-31,3.2,-3.3152,6.5152,6.487166666666667,6.920166666666667,3.935160000000001,28.487000000000013,正常
2015-01-31,10.6,-4.3202,14.9202,7.7124,7.9269,3.936880000000001,28.11600000000003,正常
2015-01-31,10.6,-4.3202,14.9202,7.7124,7.9269,3.936880000000001,28.11600000000003,正常
2015-02-28,5.6,-4.7976,10.3976,8.294699999999999,8.050183333333335,3.9386000000000005,27.745,正常
2015-02-28,5.6,-4.7976,10.3976,8.294699999999999,8.050183333333335,3.938600000000001,27.745,正常
2015-03-31,2.9,-4.5603,7.4603,8.43815,8.030025,3.94032,27.374000000000024,正常
2015-03-31,2.9,-4.5603,7.4603,8.43815,8.030025,3.9403200000000003,27.374000000000024,正常
2015-04-30,3.7,-4.5725,8.2725,8.909766666666666,8.094050000000001,3.94204,27.00299999999999,正常
2015-04-30,3.7,-4.5725,8.2725,8.909766666666666,8.094050000000001,3.94204,27.00299999999999,正常
2015-05-31,4.7,-4.607,9.307,9.478800000000001,8.2741,3.94376,26.632000000000012,正常
2015-05-31,4.7,-4.607,9.307,9.4788,8.2741,3.94376,26.63200000000001,正常
2015-06-30,4.3,-4.8135,9.1135,9.911850000000001,8.199508333333334,3.94548,26.26100000000003,正常
2015-06-30,4.3,-4.8135,9.1135,9.91185,8.199508333333334,3.94548,26.26100000000003,正常
2015-07-31,6.6,-5.3692,11.9692,9.420016666666667,8.566208333333334,3.9471999999999996,25.89,正常
2015-07-31,6.6,-5.3692,11.9692,9.420016666666667,8.566208333333334,3.9472,25.89,正常
2015-08-31,9.3,-5.9227,15.2227,10.224200000000002,9.25945,3.95831,25.745000000000008,正常
2015-08-31,9.3,-5.9227,15.2227,10.224200000000002,9.25945,3.9583099999999996,25.745000000000008,正常
2015-09-30,11.4,-5.945,17.345,11.87165,10.1549,3.96942,25.599999999999998,正常
2015-09-30,11.4,-5.945,17.345,11.87165,10.1549,3.96942,25.6,正常
2015-10-31,14.0,-5.9,19.9,13.809566666666667,11.359666666666667,3.98053,25.455000000000005,正常
2015-10-31,14.0,-5.9,19.9,13.809566666666669,11.359666666666667,3.98053,25.455000000000005,正常
2015-11-30,15.7,-5.9,21.6,15.858399999999998,12.6686,3.99164,25.310000000000013,正常
2015-11-30,15.7,-5.9,21.6,15.858399999999998,12.6686,3.99164,25.310000000000013,正常
2015-12-31,15.2,-5.9,21.1,17.85615,13.884,4.00275,25.165,正常
2015-12-31,15.2,-5.9,21.1,17.85615,13.884,4.00275,25.165,正常
2016-01-31,18.6,-5.3,23.9,19.844616666666667,14.632316666666666,4.01386,25.02000000000001,正常
2016-01-31,18.6,-5.3,23.900000000000002,19.844616666666667,14.632316666666666,4.01386,25.02000000000001,正常
2016-02-29,17.4,-4.9,22.3,21.024166666666662,15.624183333333336,4.02497,24.875,正常
2016-02-29,17.4,-4.9,22.299999999999997,21.024166666666666,15.624183333333335,4.02497,24.874999999999996,正常
2016-03-31,22.1,-4.3,26.4,22.53333333333333,17.202491666666667,4.03608,25.992,信用扩张
2016-03-31,22.1,-4.3,26.400000000000002,22.533333333333335,17.202491666666667,4.03608,25.992,信用扩张
2016-04-30,22.9,-3.4,26.299999999999997,23.599999999999998,18.704783333333335,4.04719,26.31,正常
2016-04-30,22.9,-3.4,26.3,23.6,18.70478333333333,4.04719,26.31,正常
2016-05-31,23.7,-2.8,26.5,24.416666666666668,20.137533333333334,4.0583,26.400000000000002,信用扩张
2016-05-31,23.7,-2.8,26.5,24.416666666666668,20.137533333333334,4.0583,26.4,信用扩张
2016-06-30,24.6,-2.6,27.200000000000003,25.433333333333334,21.644741666666665,4.07963,26.49,信用扩张
2016-06-30,24.6,-2.6,27.200000000000003,25.433333333333334,21.644741666666665,4.07963,26.490000000000002,信用扩张
2016-07-31,25.4,-1.7,27.1,25.966666666666665,22.905641666666668,4.10096,26.98,信用扩张
2016-07-31,25.4,-1.7,27.099999999999998,25.966666666666665,22.905641666666668,4.10096,26.979999999999997,信用扩张
2016-08-31,25.3,-0.8,26.1,26.600000000000005,23.812083333333334,4.12229,26.92,正常
2016-08-31,25.3,-0.8,26.1,26.600000000000005,23.812083333333334,4.12229,26.92,正常
2016-09-30,24.7,0.1,24.6,26.3,24.416666666666668,4.143619999999999,26.860000000000003,正常
2016-09-30,24.7,0.1,24.599999999999998,26.3,24.416666666666668,4.143619999999999,26.860000000000003,正常
2016-10-31,23.9,1.2,22.7,25.7,24.650000000000002,4.164949999999999,26.799999999999997,正常
2016-10-31,23.9,1.2,22.7,25.7,24.65,4.164949999999999,26.8,正常
2016-11-30,22.7,3.3,19.4,24.516666666666666,24.46666666666667,4.18628,26.740000000000002,正常
2016-11-30,22.7,3.3,19.4,24.516666666666666,24.46666666666667,4.18628,26.74,正常
2016-12-31,21.4,5.5,15.899999999999999,22.633333333333336,24.03333333333333,4.20761,26.679999999999996,正常
2016-12-31,21.4,5.5,15.9,22.633333333333336,24.03333333333333,4.20761,26.68,正常
2017-01-31,14.5,6.9,7.6,19.383333333333333,22.675,4.22894,26.62,正常
2017-01-31,14.5,6.9,7.6,19.383333333333333,22.675,4.22894,26.62,正常
2017-02-28,21.4,7.8,13.599999999999998,17.3,21.95,4.2502699999999995,26.560000000000006,正常
2017-02-28,21.4,7.8,13.599999999999998,17.3,21.95,4.25027,26.56000000000001,正常
2017-03-31,18.8,7.6,11.200000000000001,15.066666666666665,20.683333333333334,4.271599999999999,26.5,正常
2017-03-31,18.8,7.6,11.2,15.066666666666665,20.683333333333334,4.271599999999999,26.5,正常
2017-04-30,18.5,6.4,12.1,13.299999999999999,19.5,4.31615,26.490000000000002,正常
2017-04-30,18.5,6.4,12.1,13.3,19.5,4.31615,26.49,正常
2017-05-31,17.0,5.5,11.5,11.983333333333333,18.25,4.3607000000000005,26.48,正常
2017-05-31,17.0,5.5,11.5,11.983333333333333,18.25,4.3607000000000005,26.48,正常
2017-06-30,15.0,5.5,9.5,10.916666666666666,16.775,4.40525,26.470000000000002,正常
2017-06-30,15.0,5.5,9.5,10.916666666666666,16.775,4.40525,26.47,正常
2017-07-31,15.3,5.5,9.8,11.283333333333333,15.333333333333334,4.4498,26.46,正常
2017-07-31,15.3,5.5,9.8,11.283333333333331,15.333333333333334,4.4498,26.46,正常
2017-08-31,14.0,6.3,7.7,10.299999999999999,13.799999999999999,4.49435,26.450000000000003,正常
2017-08-31,14.0,6.3,7.7,10.3,13.8,4.49435,26.450000000000003,正常
2017-09-30,14.0,6.9,7.1,9.616666666666664,12.341666666666669,4.538900000000001,26.44,正常
2017-09-30,14.0,6.9,7.1,9.616666666666665,12.341666666666667,4.538900000000001,26.44,正常
2017-10-31,13.0,6.9,6.1,8.616666666666667,10.958333333333334,4.583450000000001,26.43,正常
2017-10-31,13.0,6.9,6.1,8.616666666666667,10.958333333333334,4.583450000000001,26.43,正常
2017-11-30,12.7,5.8,6.9,7.85,9.916666666666666,4.628,26.42,正常
2017-11-30,12.7,5.8,6.8999999999999995,7.8500000000000005,9.916666666666666,4.628,26.42,正常
2017-12-31,11.8,4.9,6.9,7.416666666666667,9.166666666666666,4.67255,26.410000000000004,正常
2017-12-31,11.8,4.9,6.9,7.416666666666667,9.166666666666666,4.67255,26.410000000000004,正常
2018-01-31,15.0,4.3,10.7,7.566666666666666,9.425,4.7171,26.400000000000002,正常
2018-01-31,15.0,4.3,10.7,7.566666666666666,9.425,4.7171,26.4,正常
2018-02-28,8.5,3.7,4.8,7.083333333333333,8.691666666666666,4.72539,26.39,正常
2018-02-28,8.5,3.7,4.8,7.083333333333333,8.691666666666666,4.72539,26.39,正常
2018-03-31,7.1,3.1,4.0,6.566666666666666,8.091666666666667,4.3607000000000005,26.380000000000003,信用紧缩
2018-03-31,7.1,3.1,3.9999999999999996,6.566666666666666,8.091666666666667,4.3607000000000005,26.380000000000003,信用紧缩
2018-04-30,7.2,3.4,3.8,6.183333333333333,7.399999999999999,4.12229,26.37,信用紧缩
2018-04-30,7.2,3.4,3.8000000000000003,6.183333333333333,7.3999999999999995,4.12229,26.37,信用紧缩
2018-05-31,6.0,4.1,1.9000000000000004,5.3500000000000005,6.6000000000000005,4.02332,26.36,信用紧缩
2018-05-31,6.0,4.1,1.9000000000000004,5.3500000000000005,6.6000000000000005,4.02332,26.36,信用紧缩
2018-06-30,6.6,4.7,1.8999999999999995,4.516666666666667,5.966666666666666,3.9735999999999994,26.35,信用紧缩
2018-06-30,6.6,4.7,1.9,4.516666666666667,5.966666666666666,3.9736,26.35,信用紧缩
2018-07-31,5.1,4.6,0.5,2.8166666666666664,5.191666666666666,3.94032,26.34,信用紧缩
2018-07-31,5.1,4.6,0.5,2.8166666666666664,5.191666666666666,3.9403200000000003,26.34,信用紧缩
2018-08-31,3.9,4.1,-0.1999999999999997,1.9833333333333332,4.533333333333333,3.891000000000001,26.33,信用紧缩
2018-08-31,3.9,4.1,-0.19999999999999973,1.9833333333333334,4.533333333333333,3.8910000000000013,26.33,信用紧缩
2018-09-30,4.0,3.6,0.3999999999999999,1.3833333333333335,3.975,3.79968,26.32,信用紧缩
2018-09-30,4.0,3.6,0.3999999999999999,1.3833333333333335,3.9749999999999996,3.7996800000000004,26.319999999999997,信用紧缩
2018-10-31,2.7,3.3,-0.5999999999999996,0.65,3.4166666666666665,3.75818,26.31,信用紧缩
2018-10-31,2.7,3.3,-0.5999999999999996,0.65,3.4166666666666665,3.7581800000000003,26.31,信用紧缩
2018-11-30,1.5,2.7,-1.2000000000000002,0.1333333333333333,2.7416666666666667,3.3962000000000003,26.3,信用紧缩
2018-11-30,1.5,2.7,-1.2000000000000002,0.1333333333333333,2.7416666666666667,3.3962000000000003,26.299999999999997,信用紧缩
2018-12-31,1.5,0.9,0.6,-0.08333333333333327,2.2166666666666663,2.8950800000000005,26.279999999999998,信用紧缩
2018-12-31,1.5,0.9,0.6,-0.0833333333333332,2.2166666666666663,2.8950800000000005,26.28,信用紧缩
2019-01-31,0.4,0.1,0.30000000000000004,-0.1166666666666666,1.3499999999999999,2.4601200000000003,26.259999999999998,信用紧缩
2019-01-31,0.4,0.1,0.3,-0.1166666666666666,1.35,2.4601200000000003,26.26,信用紧缩
2019-02-28,1.6,0.1,1.5,0.1666666666666666,1.075,2.3387,26.24,信用紧缩
2019-02-28,1.6,0.1,1.5,0.16666666666666666,1.075,2.3386999999999993,26.24,信用紧缩
2019-03-31,4.6,0.4,4.199999999999999,0.7999999999999998,1.0916666666666666,2.3424999999999994,26.22,正常
2019-03-31,4.6,0.4,4.199999999999999,0.7999999999999998,1.0916666666666666,2.3425,26.22,正常
2019-04-30,2.9,0.9,2.0,1.2333333333333332,0.9416666666666665,2.2936499999999995,26.2,信用紧缩
2019-04-30,2.9,0.9,2.0,1.2333333333333332,0.9416666666666664,2.2936499999999995,26.2,信用紧缩
2019-05-31,3.4,0.6,2.8,1.8999999999999997,1.0166666666666666,2.3003799999999996,26.18,正常
2019-05-31,3.4,0.6,2.8,1.9,1.0166666666666666,2.30038,26.18,正常
2019-06-30,4.4,0.0,4.4,2.533333333333333,1.2249999999999999,2.3071099999999993,26.16,正常
2019-06-30,4.4,0.0,4.4,2.533333333333333,1.225,2.30711,26.16,正常
2019-07-31,3.1,-0.3,3.4,3.0500000000000003,1.4666666666666668,2.3138399999999995,26.14,正常
2019-07-31,3.1,-0.3,3.4,3.0500000000000003,1.4666666666666668,2.3138399999999995,26.14,正常
2019-08-31,3.4,-0.8,4.2,3.5,1.8333333333333333,2.320569999999999,26.12,正常
2019-08-31,3.4,-0.8,4.2,3.5,1.8333333333333333,2.320569999999999,26.12,正常
2019-09-30,3.4,-1.2,4.6,3.5666666666666664,2.1833333333333336,2.3272999999999993,26.1,正常
2019-09-30,3.4,-1.2,4.6,3.5666666666666664,2.1833333333333336,2.3273,26.1,正常
2019-10-31,3.3,-1.6,4.9,4.05,2.6416666666666666,2.3310999999999993,26.079000000000004,正常
2019-10-31,3.3,-1.6,4.9,4.05,2.6416666666666666,2.3311,26.079000000000004,正常
2019-11-30,3.5,-1.4,4.9,4.3999999999999995,3.15,2.3348999999999993,26.058,正常
2019-11-30,3.5,-1.4,4.9,4.4,3.15,2.3349,26.058,正常
2019-12-31,4.4,-0.5,4.9,4.483333333333333,3.508333333333333,2.3387,26.03700000000001,正常
2019-12-31,4.4,-0.5,4.9,4.483333333333333,3.508333333333333,2.3386999999999993,26.037000000000006,正常
2020-01-31,0.0,0.1,-0.1,3.9,3.475,2.2869199999999994,26.016,信用紧缩
2020-01-31,0.0,0.1,-0.1,3.9,3.475,2.2869199999999994,26.016,信用紧缩
2020-02-29,4.8,-0.4,5.2,4.066666666666667,3.783333333333333,2.2936499999999995,25.995,正常
2020-02-29,4.8,-0.4,5.2,4.066666666666667,3.783333333333333,2.2936499999999995,25.995,正常
2020-03-31,5.0,-1.5,6.5,4.383333333333334,3.975,2.30038,25.974000000000004,正常
2020-03-31,5.0,-1.5,6.5,4.383333333333334,3.975,2.3003799999999996,25.974000000000004,正常
2020-04-30,5.5,-3.1,8.6,5.0,4.525,2.3071099999999993,25.953000000000003,正常
2020-04-30,5.5,-3.1,8.6,5.0,4.525,2.30711,25.953000000000003,正常
2020-05-31,6.8,-3.7,10.5,5.933333333333334,5.166666666666667,2.3138399999999995,25.932000000000006,正常
2020-05-31,6.8,-3.7,10.5,5.933333333333334,5.166666666666667,2.3138399999999995,25.93200000000001,正常
2020-06-30,6.5,-3.0,9.5,6.7,5.591666666666666,2.320569999999999,25.910999999999998,正常
2020-06-30,6.5,-3.0,9.5,6.7,5.591666666666666,2.320569999999999,25.911,正常
2020-07-31,6.9,-2.4,9.3,8.266666666666667,6.083333333333333,2.3272999999999997,25.89,正常
2020-07-31,6.9,-2.4,9.3,8.266666666666667,6.083333333333333,2.3272999999999993,25.89,正常
2020-08-31,8.0,-2.0,10.0,9.066666666666666,6.566666666666666,2.3310999999999993,25.761000000000006,正常
2020-08-31,8.0,-2.0,10.0,9.066666666666666,6.566666666666666,2.3311,25.761000000000006,正常
2020-09-30,8.1,-2.1,10.2,9.683333333333332,7.033333333333334,2.3348999999999993,25.632000000000016,正常
2020-09-30,8.1,-2.1,10.2,9.683333333333332,7.033333333333334,2.3349,25.632000000000016,正常
2020-10-31,9.1,-2.1,11.2,10.116666666666667,7.558333333333334,2.3387,25.50300000000002,正常
2020-10-31,9.1,-2.1,11.2,10.116666666666667,7.558333333333334,2.3386999999999993,25.50300000000002,正常
2020-11-30,10.0,-1.5,11.5,10.283333333333333,8.108333333333333,2.3424999999999994,25.37399999999999,正常
2020-11-30,10.0,-1.5,11.5,10.283333333333331,8.108333333333333,2.3425,25.37399999999999,正常
2020-12-31,8.6,-0.4,9.0,10.200000000000001,8.450000000000001,2.3462999999999994,25.244999999999997,正常
2020-12-31,8.6,-0.4,9.0,10.2,8.450000000000001,2.3462999999999994,25.245,正常
2021-01-31,14.7,0.3,14.4,11.05,9.658333333333331,2.3501,25.116000000000007,正常
2021-01-31,14.7,0.3,14.399999999999999,11.049999999999999,9.658333333333333,2.3501,25.116000000000007,正常
2021-02-28,7.4,1.7,5.7,10.333333333333334,9.7,2.3539,24.987000000000013,正常
2021-02-28,7.4,1.7,5.7,10.333333333333334,9.7,2.3539,24.987000000000013,正常
2021-03-31,7.1,4.4,2.6999999999999993,9.083333333333332,9.383333333333333,2.3577,24.858000000000022,正常
2021-03-31,7.1,4.4,2.7,9.083333333333332,9.383333333333333,2.3577,24.858000000000025,正常
2021-04-30,6.2,6.8,-0.5999999999999996,7.116666666666666,8.616666666666665,2.320569999999999,24.728999999999992,信用紧缩
2021-04-30,6.2,6.8,-0.5999999999999996,7.116666666666666,8.616666666666665,2.320569999999999,24.728999999999992,信用紧缩
2021-05-31,6.1,9.0,-2.9000000000000004,4.716666666666666,7.5,2.26,24.6,信用紧缩
2021-05-31,6.1,9.0,-2.9000000000000004,4.716666666666666,7.5,2.26,24.599999999999998,信用紧缩
2021-06-30,5.5,8.8,-3.3000000000000007,2.666666666666666,6.433333333333334,2.026,24.584,信用紧缩
2021-06-30,5.5,8.8,-3.3000000000000007,2.666666666666666,6.433333333333334,2.0260000000000002,24.584,信用紧缩
2021-07-31,4.9,9.0,-4.1,-0.4166666666666668,5.316666666666666,1.92,24.568,信用紧缩
2021-07-31,4.9,9.0,-4.1,-0.4166666666666668,5.316666666666666,1.9200000000000002,24.568,信用紧缩
2021-08-31,4.2,9.5,-5.3,-2.25,4.041666666666667,1.8999999999999997,24.552000000000003,信用紧缩
2021-08-31,4.2,9.5,-5.3,-2.25,4.041666666666667,1.9,24.552000000000003,信用紧缩
2021-09-30,3.7,10.7,-6.999999999999999,-3.8666666666666667,2.608333333333333,1.6600000000000006,24.535999999999998,信用紧缩
2021-09-30,3.7,10.7,-6.999999999999999,-3.866666666666666,2.608333333333333,1.6600000000000006,24.536,信用紧缩
2021-10-31,2.8,13.5,-10.7,-5.55,0.7833333333333332,1.46,24.52,信用紧缩
2021-10-31,2.8,13.5,-10.7,-5.55,0.7833333333333332,1.46,24.52,信用紧缩
2021-11-30,3.0,12.9,-9.9,-6.716666666666666,-1.0000000000000002,1.0920000000000012,24.504,信用紧缩
2021-11-30,3.0,12.9,-9.9,-6.716666666666666,-1.0000000000000002,1.0920000000000012,24.504,信用紧缩
2021-12-31,3.5,10.3,-6.800000000000001,-7.300000000000001,-2.316666666666667,0.57,24.488000000000003,信用紧缩
2021-12-31,3.5,10.3,-6.800000000000001,-7.300000000000001,-2.316666666666667,0.57,24.488000000000003,信用紧缩
2022-01-31,-1.9,9.1,-11.0,-8.450000000000001,-4.433333333333334,0.48,24.472000000000005,信用紧缩
2022-01-31,-1.9,9.1,-11.0,-8.450000000000001,-4.433333333333334,0.48000000000000004,24.472000000000005,信用紧缩
2022-02-28,4.7,8.8,-4.1000000000000005,-8.25,-5.25,0.3900000000000001,24.456,信用紧缩
2022-02-28,4.7,8.8,-4.1000000000000005,-8.25,-5.25,0.3900000000000001,24.456,信用紧缩
2022-03-31,4.7,8.3,-3.6000000000000005,-7.683333333333333,-5.775,0.3,24.44,信用紧缩
2022-03-31,4.7,8.3,-3.6000000000000005,-7.683333333333333,-5.7749999999999995,0.30000000000000004,24.44,信用紧缩
2022-04-30,5.1,8.0,-2.9000000000000004,-6.383333333333334,-5.966666666666668,0.29999999999999905,24.404000000000003,信用紧缩
2022-04-30,5.1,8.0,-2.9000000000000004,-6.383333333333334,-5.966666666666668,0.299999999999999,24.404000000000003,信用紧缩
2022-05-31,4.6,6.4,-1.8000000000000007,-5.033333333333334,-5.875,-0.020000000000000503,24.368000000000006,信用紧缩
2022-05-31,4.6,6.4,-1.8000000000000007,-5.033333333333334,-5.875,-0.0200000000000005,24.36800000000001,信用紧缩
2022-06-30,5.8,6.1,-0.2999999999999998,-3.95,-5.625,-0.1699999999999997,24.332000000000008,信用紧缩
2022-06-30,5.8,6.1,-0.2999999999999998,-3.9499999999999997,-5.625,-0.16999999999999973,24.332000000000008,信用紧缩
2022-07-31,6.7,4.2,2.5,-1.7000000000000004,-5.075,-0.15999999999999964,24.296,正常
2022-07-31,6.7,4.2,2.5,-1.7000000000000004,-5.075,-0.1599999999999996,24.296,正常
2022-08-31,6.1,2.3,3.8,-0.3833333333333336,-4.316666666666666,-0.1499999999999998,24.26,正常
2022-08-31,6.1,2.3,3.8,-0.3833333333333336,-4.316666666666666,-0.14999999999999986,24.259999999999998,正常
2022-09-30,6.4,0.9,5.5,1.133333333333333,-3.275,-0.1399999999999997,24.224,正常
2022-09-30,6.4,0.9,5.5,1.133333333333333,-3.275,-0.13999999999999976,24.224,正常
2022-10-31,5.8,-1.3,7.1,2.7999999999999994,-1.7916666666666672,-0.13,24.188,正常
2022-10-31,5.8,-1.3,7.1,2.7999999999999994,-1.7916666666666672,-0.13,24.188000000000002,正常
2022-11-30,4.6,-1.3,5.8999999999999995,4.083333333333333,-0.4750000000000005,-0.11999999999999988,24.152000000000005,正常
2022-11-30,4.6,-1.3,5.9,4.083333333333333,-0.4750000000000005,-0.1199999999999998,24.152000000000005,正常
2022-12-31,3.7,-0.7,4.4,4.866666666666666,0.458333333333333,-0.10999999999999976,24.115999999999996,正常
2022-12-31,3.7,-0.7,4.4,4.866666666666666,0.458333333333333,-0.1099999999999997,24.116,正常
2023-01-31,6.7,-0.8,7.5,5.7,1.9999999999999998,-0.1,24.08,正常
2023-01-31,6.7,-0.8,7.5,5.7,2.0,-0.1,24.08,正常
2023-02-28,5.8,-1.4,7.199999999999999,6.266666666666667,2.9416666666666664,-0.0599999999999995,24.075,正常
2023-02-28,5.8,-1.4,7.199999999999999,6.266666666666667,2.9416666666666664,-0.05999999999999955,24.075,正常
2023-03-31,5.1,-2.5,7.6,6.616666666666666,3.875,-0.0200000000000005,24.07,正常
2023-03-31,5.1,-2.5,7.6,6.616666666666666,3.875,-0.020000000000000503,24.07,正常
2023-04-30,5.3,-3.6,8.9,6.916666666666667,4.858333333333333,0.01999999999999995,24.065,正常
2023-04-30,5.3,-3.6,8.9,6.916666666666667,4.858333333333333,0.0199999999999999,24.065,正常
2023-05-31,4.7,-4.6,9.3,7.483333333333333,5.783333333333332,0.0600000000000004,24.06,正常
2023-05-31,4.7,-4.6,9.3,7.483333333333333,5.783333333333332,0.060000000000000414,24.06,正常
2023-06-30,3.1,-5.4,8.5,8.166666666666666,6.516666666666666,0.0999999999999994,24.055,正常
2023-06-30,3.1,-5.4,8.5,8.166666666666666,6.516666666666666,0.09999999999999945,24.055,正常
2023-07-31,2.3,-4.4,6.7,8.033333333333333,6.866666666666666,0.1399999999999999,24.05,正常
2023-07-31,2.3,-4.4,6.7,8.033333333333333,6.866666666666666,0.1399999999999999,24.05,正常
2023-08-31,2.2,-3.0,5.2,7.699999999999999,6.983333333333333,0.17999999999999897,24.045,正常
2023-08-31,2.2,-3.0,5.2,7.699999999999999,6.983333333333333,0.1799999999999989,24.045,正常
2023-09-30,2.1,-2.5,4.6,7.2,6.908333333333332,0.2199999999999994,24.040000000000003,正常
2023-09-30,2.1,-2.5,4.6,7.2,6.908333333333332,0.2199999999999994,24.040000000000003,正常
2023-10-31,1.9,-2.6,4.5,6.466666666666666,6.691666666666666,0.2599999999999999,24.035,正常
2023-10-31,1.9,-2.6,4.5,6.466666666666666,6.691666666666666,0.2599999999999999,24.035,正常
2023-11-30,1.3,-3.0,4.3,5.633333333333333,6.558333333333333,0.29999999999999893,24.03,正常
2023-11-30,1.3,-3.0,4.3,5.633333333333333,6.558333333333333,0.2999999999999989,24.03,正常
2023-12-31,1.3,-2.7,4.0,4.883333333333334,6.5249999999999995,0.29999999999999905,24.017000000000003,正常
2023-12-31,1.3,-2.7,4.0,4.883333333333334,6.525,0.299999999999999,24.017000000000003,正常
2024-01-31,5.9,-2.5,8.4,5.166666666666667,6.6000000000000005,0.2999999999999991,24.004,正常
2024-01-31,5.9,-2.5,8.4,5.166666666666667,6.6000000000000005,0.29999999999999916,24.004,正常
2024-02-29,1.2,-2.7,3.9,4.949999999999999,6.325,0.2999999999999992,23.991000000000003,正常
2024-02-29,1.2,-2.7,3.9000000000000004,4.949999999999999,6.325,0.29999999999999927,23.991000000000003,正常
2024-03-31,1.1,-2.8,3.9,4.833333333333333,6.016666666666667,0.2999999999999994,23.978,正常
2024-03-31,1.1,-2.8,3.9,4.833333333333333,6.016666666666667,0.2999999999999994,23.978,正常
2024-04-30,-1.4,-2.5,1.1,4.266666666666667,5.366666666666667,0.2999999999999995,23.965000000000003,正常
2024-04-30,-1.4,-2.5,1.1,4.266666666666667,5.366666666666667,0.2999999999999995,23.965000000000003,正常
2024-05-31,-4.2,-1.4,-2.8000000000000003,3.083333333333333,4.358333333333333,0.1399999999999999,23.952,信用紧缩
2024-05-31,-4.2,-1.4,-2.8000000000000003,3.0833333333333335,4.358333333333333,0.1399999999999999,23.952,信用紧缩
2024-06-30,-5.0,-0.8,-4.2,1.7166666666666666,3.2999999999999994,-0.12999999999999964,23.939000000000004,信用紧缩
2024-06-30,-5.0,-0.8,-4.2,1.7166666666666666,3.2999999999999994,-0.1299999999999996,23.939000000000004,信用紧缩
2024-07-31,-6.6,-0.8,-5.8,-0.6499999999999999,2.2583333333333333,-0.2199999999999997,23.926000000000005,信用紧缩
2024-07-31,-6.6,-0.8,-5.8,-0.6499999999999999,2.2583333333333333,-0.2199999999999997,23.926000000000005,信用紧缩
2024-08-31,-7.3,-1.8,-5.5,-2.216666666666667,1.3666666666666665,-0.3299999999999992,23.913,信用紧缩
2024-08-31,-7.3,-1.8,-5.5,-2.216666666666667,1.3666666666666665,-0.3299999999999992,23.913,信用紧缩
2024-09-30,-7.4,-2.8,-4.6000000000000005,-3.633333333333333,0.6,-0.5999999999999996,23.9,信用紧缩
2024-09-30,-7.4,-2.8,-4.6000000000000005,-3.633333333333333,0.6,-0.5999999999999996,23.900000000000002,信用紧缩
2024-10-31,-6.1,-2.9,-3.1999999999999997,-4.3500000000000005,-0.041666666666666706,-0.5999999999999996,23.813000000000006,信用紧缩
2024-10-31,-6.1,-2.9,-3.2,-4.3500000000000005,-0.0416666666666667,-0.5999999999999996,23.81300000000001,信用紧缩
2024-11-30,-3.7,-2.5,-1.2000000000000002,-4.083333333333333,-0.5000000000000001,-1.0799999999999983,23.726000000000013,信用紧缩
2024-11-30,-3.7,-2.5,-1.2000000000000002,-4.083333333333333,-0.5000000000000001,-1.0799999999999983,23.726000000000013,信用紧缩
2024-12-31,-1.4,-2.3,0.8999999999999999,-3.233333333333333,-0.7583333333333333,-1.0199999999999996,23.639000000000017,正常
2024-12-31,-1.4,-2.3,0.8999999999999999,-3.233333333333333,-0.7583333333333333,-1.0199999999999996,23.639000000000017,正常
2025-01-31,0.4,-2.3,2.7,-1.8166666666666669,-1.2333333333333334,-0.9599999999999986,23.552,正常
2025-01-31,0.4,-2.3,2.6999999999999997,-1.8166666666666667,-1.2333333333333334,-0.9599999999999986,23.551999999999996,正常
2025-02-28,0.1,-2.2,2.3000000000000003,-0.5166666666666667,-1.366666666666667,-0.8999999999999999,23.465000000000003,正常
2025-02-28,0.1,-2.2,2.3000000000000003,-0.5166666666666667,-1.366666666666667,-0.8999999999999999,23.465000000000003,正常
2025-03-31,1.6,-2.5,4.1,0.9333333333333332,-1.3500000000000003,-0.839999999999999,23.378000000000007,正常
2025-03-31,1.6,-2.5,4.1,0.9333333333333332,-1.3500000000000003,-0.839999999999999,23.378000000000007,正常
2025-04-30,1.5,-2.7,4.2,2.1666666666666665,-1.0916666666666668,-0.779999999999998,23.29100000000001,正常
2025-04-30,1.5,-2.7,4.2,2.1666666666666665,-1.0916666666666668,-0.779999999999998,23.29100000000001,正常
2025-05-31,2.3,-3.3,5.6,3.3000000000000003,-0.3916666666666666,-0.7199999999999993,23.20400000000001,正常
2025-05-31,2.3,-3.3,5.6,3.3000000000000003,-0.39166666666666666,-0.7199999999999993,23.204000000000015,正常
2025-06-30,4.6,-3.6,8.2,4.516666666666667,0.6416666666666665,-0.6599999999999984,23.116999999999997,正常
2025-06-30,4.6,-3.6,8.2,4.516666666666667,0.6416666666666665,-0.6599999999999984,23.117,正常
2025-07-31,5.6,-3.6,9.2,5.599999999999999,1.8916666666666664,-0.5999999999999996,23.03,正常
2025-07-31,5.6,-3.6,9.2,5.599999999999999,1.8916666666666664,-0.5999999999999996,23.03,正常
2025-08-31,6.0,-2.9,8.9,6.7,3.0916666666666663,-0.5999999999999996,23.004,正常
2025-08-31,6.0,-2.9,8.9,6.7,3.0916666666666663,-0.5999999999999996,23.004,正常
2025-09-30,7.2,-2.3,9.5,7.6000000000000005,4.266666666666667,-0.5999999999999996,22.978000000000005,正常
2025-09-30,7.2,-2.3,9.5,7.6,4.266666666666667,-0.5999999999999996,22.978000000000005,正常
2025-10-31,6.2,-2.1,8.3,8.283333333333333,5.225,-0.5999999999999996,22.952000000000005,正常
2025-10-31,6.2,-2.1,8.3,8.283333333333333,5.225,-0.5999999999999996,22.952000000000005,正常
2025-11-30,4.9,-2.2,7.1000000000000005,8.533333333333333,5.916666666666667,-0.5999999999999996,22.926,正常
2025-11-30,4.9,-2.2,7.1000000000000005,8.533333333333333,5.916666666666667,-0.5999999999999996,22.926,正常
2025-12-31,3.8,-1.9,5.699999999999999,8.116666666666667,6.316666666666666,-0.5999999999999996,22.9,正常
2025-12-31,3.8,-1.9,5.699999999999999,8.116666666666667,6.316666666666666,-0.5999999999999996,22.9,正常
2026-01-31,4.9,-1.4,6.300000000000001,7.633333333333333,6.616666666666667,-0.5999999999999996,22.874,正常
2026-01-31,4.9,-1.4,6.300000000000001,7.633333333333333,6.616666666666667,-0.5999999999999996,22.874000000000002,正常
2026-02-28,5.9,-0.9,6.800000000000001,7.283333333333334,6.991666666666666,-0.5999999999999996,22.848000000000003,正常
2026-02-28,5.9,-0.9,6.800000000000001,7.283333333333334,6.991666666666666,-0.5999999999999996,22.848000000000003,正常
2026-03-31,5.1,0.5,4.6,6.466666666666666,7.033333333333334,-0.5999999999999996,22.822000000000003,正常
2026-03-31,5.1,0.5,4.6,6.466666666666666,7.033333333333334,-0.5999999999999996,22.822000000000003,正常
2026-04-30,5.0,2.8,2.2,5.45,6.866666666666666,-0.5999999999999996,22.796,正常
2026-04-30,5.0,2.8,2.2,5.45,6.866666666666666,-0.5999999999999996,22.796,正常
2026-05-31,5.5,3.9,1.6,4.533333333333334,6.533333333333334,-0.5999999999999996,22.77,正常
2026-05-31,5.5,3.9,1.6,4.533333333333334,6.533333333333334,-0.5999999999999996,22.77,正常
2026-06-30,4.0,4.1,-0.0999999999999996,3.566666666666667,5.841666666666666,-0.5699999999999993,22.763,正常
2026-06-30,4.0,4.1,-0.09999999999999964,3.566666666666667,5.841666666666666,-0.5699999999999993,22.763,正常
