date,m2_yoy,gdp_yoy,m2_gdp_spread,ma6,q10,q90,signal
2008-01-31,18.88,14.3,4.579999999999998,,,,正常
2008-01-31,18.88,14.3,4.579999999999998,,,,正常
2008-02-29,17.39,14.3,3.09,,,,正常
2008-02-29,17.39,14.3,3.09,,,,正常
2008-03-31,16.19,14.3,1.8900000000000008,3.186666666666666,,,正常
2008-03-31,16.19,14.3,1.8900000000000006,3.186666666666666,,,正常
2008-04-30,16.94,14.3,2.640000000000001,3.05,,,正常
2008-04-30,16.94,14.3,2.6400000000000006,3.05,,,正常
2008-05-31,18.07,14.3,3.77,3.194,,,正常
2008-05-31,18.07,14.3,3.7699999999999996,3.194,,,正常
2008-06-30,17.37,14.3,3.0700000000000003,3.1733333333333333,,,正常
2008-06-30,17.37,14.3,3.0700000000000003,3.1733333333333333,,,正常
2008-07-31,16.35,14.3,2.0500000000000007,2.751666666666667,,,正常
2008-07-31,16.35,14.3,2.0500000000000007,2.751666666666667,,,正常
2008-08-31,16.0,14.3,1.6999999999999993,2.52,,,正常
2008-08-31,16.0,14.3,1.6999999999999993,2.52,,,正常
2008-09-30,15.29,14.3,0.9899999999999984,2.3699999999999997,,,正常
2008-09-30,15.29,14.3,0.9899999999999984,2.37,,,正常
2008-10-31,15.02,14.3,0.7199999999999989,2.0499999999999994,,,正常
2008-10-31,15.02,14.3,0.7199999999999989,2.0499999999999994,,,正常
2008-11-30,14.8,14.3,0.5,1.5049999999999997,,,正常
2008-11-30,14.8,14.3,0.5,1.5049999999999997,,,正常
2008-12-31,17.82,9.7,8.120000000000001,2.3466666666666662,,,正常
2008-12-31,17.82,9.7,8.120000000000001,2.3466666666666662,,,正常
2009-01-31,18.79,9.7,9.09,3.52,,,正常
2009-01-31,18.79,9.7,9.09,3.5199999999999996,,,正常
2009-02-28,20.48,9.7,10.78,5.033333333333333,,,正常
2009-02-28,20.48,9.7,10.780000000000001,5.033333333333333,,,正常
2009-03-31,25.51,9.7,15.810000000000002,7.503333333333334,,,正常
2009-03-31,25.51,9.7,15.810000000000002,7.503333333333334,,,正常
2009-04-30,25.95,9.7,16.25,10.091666666666667,,,正常
2009-04-30,25.95,9.7,16.25,10.091666666666669,,,正常
2009-05-31,25.74,9.7,16.04,12.681666666666668,,,正常
2009-05-31,25.74,9.7,16.04,12.681666666666667,,,正常
2009-06-30,28.46,9.7,18.76,14.455,,,正常
2009-06-30,28.46,9.7,18.76,14.455,,,正常
2009-07-31,28.42,9.7,18.72,16.060000000000002,,,正常
2009-07-31,28.42,9.7,18.720000000000002,16.060000000000002,,,正常
2009-08-31,28.53,9.7,18.830000000000002,17.401666666666667,,,正常
2009-08-31,28.53,9.7,18.83,17.401666666666667,,,正常
2009-09-30,29.31,9.7,19.61,18.035,,,正常
2009-09-30,29.31,9.7,19.61,18.035,,,正常
2009-10-31,29.42,9.7,19.720000000000002,18.613333333333333,,,正常
2009-10-31,29.42,9.7,19.72,18.613333333333333,,,正常
2009-11-30,29.74,9.7,20.04,19.28,,,正常
2009-11-30,29.74,9.7,20.04,19.28,,,正常
2009-12-31,27.68,6.4,21.28,19.7,1.202999999999999,19.687,宽松
2009-12-31,27.68,6.4,21.28,19.7,1.202999999999999,19.687,宽松
2010-01-31,25.98,6.4,19.58,19.843333333333334,1.2739999999999991,19.676,正常
2010-01-31,25.98,6.4,19.58,19.843333333333334,1.2739999999999991,19.676000000000002,正常
2010-02-28,25.52,6.4,19.119999999999997,19.891666666666666,1.3449999999999989,19.665,正常
2010-02-28,25.52,6.4,19.12,19.891666666666666,1.3449999999999989,19.665,正常
2010-03-31,22.5,6.4,16.1,19.30666666666667,1.415999999999999,19.654,正常
2010-03-31,22.5,6.4,16.1,19.30666666666667,1.415999999999999,19.654,正常
2010-04-30,21.48,6.4,15.08,18.533333333333335,1.4869999999999992,19.643,正常
2010-04-30,21.48,6.4,15.08,18.53333333333333,1.4869999999999992,19.643,正常
2010-05-31,21.0,6.4,14.6,17.626666666666665,1.5579999999999994,19.632,正常
2010-05-31,21.0,6.4,14.6,17.626666666666665,1.5579999999999994,19.632,正常
2010-06-30,18.5,6.4,12.1,16.096666666666668,1.6289999999999996,19.621,正常
2010-06-30,18.5,6.4,12.1,16.096666666666668,1.6289999999999996,19.621,正常
2010-07-31,17.6,6.4,11.2,14.7,1.6999999999999993,19.61,正常
2010-07-31,17.6,6.4,11.200000000000001,14.700000000000001,1.6999999999999993,19.61,正常
2010-08-31,19.2,6.4,12.799999999999999,13.646666666666668,1.7189999999999994,19.607,正常
2010-08-31,19.2,6.4,12.8,13.646666666666668,1.7189999999999994,19.607,正常
2010-09-30,19.0,6.4,12.6,13.063333333333333,1.7379999999999995,19.604,正常
2010-09-30,19.0,6.4,12.6,13.063333333333333,1.7379999999999995,19.604,正常
2010-10-31,19.3,6.4,12.9,12.700000000000001,1.7569999999999997,19.601,正常
2010-10-31,19.3,6.4,12.9,12.7,1.7569999999999997,19.601,正常
2010-11-30,19.5,6.4,13.1,12.450000000000001,1.7759999999999998,19.598,正常
2010-11-30,19.5,6.4,13.1,12.45,1.7759999999999998,19.598,正常
2010-12-31,19.7,10.6,9.1,11.95,1.795,19.595,正常
2010-12-31,19.7,10.6,9.1,11.950000000000001,1.795,19.595,正常
2011-01-31,17.2,10.6,6.6,11.183333333333332,1.814,19.592,正常
2011-01-31,17.2,10.6,6.6,11.183333333333332,1.814,19.592,正常
2011-02-28,15.7,10.6,5.1,9.9,1.833,19.589,正常
2011-02-28,15.7,10.6,5.1,9.9,1.8330000000000002,19.589,正常
2011-03-31,16.6,10.6,6.000000000000002,8.799999999999999,1.8520000000000003,19.586,正常
2011-03-31,16.6,10.6,6.000000000000002,8.799999999999999,1.8520000000000003,19.586,正常
2011-04-30,15.3,10.6,4.700000000000001,7.433333333333334,1.8710000000000004,19.583,正常
2011-04-30,15.3,10.6,4.700000000000001,7.433333333333334,1.8710000000000004,19.583,正常
2011-05-31,15.1,10.6,4.5,6.0,1.8900000000000008,19.58,正常
2011-05-31,15.1,10.6,4.5,6.0,1.8900000000000006,19.58,正常
2011-06-30,15.9,10.6,5.300000000000001,5.366666666666667,1.9060000000000008,19.534,正常
2011-06-30,15.9,10.6,5.300000000000001,5.366666666666667,1.9060000000000006,19.534,正常
2011-07-31,14.7,10.6,4.1,4.95,1.9220000000000006,19.488,正常
2011-07-31,14.7,10.6,4.1,4.95,1.9220000000000008,19.488,正常
2011-08-31,13.5,10.6,2.9000000000000004,4.583333333333333,1.9380000000000008,19.442,正常
2011-08-31,13.5,10.6,2.9000000000000004,4.583333333333333,1.9380000000000006,19.442,正常
2011-09-30,13.04,10.6,2.4399999999999995,3.99,1.9540000000000008,19.396,正常
2011-09-30,13.04,10.6,2.4399999999999995,3.99,1.9540000000000006,19.395999999999997,正常
2011-10-31,12.9,10.6,2.3000000000000007,3.5900000000000003,1.9700000000000006,19.349999999999998,正常
2011-10-31,12.9,10.6,2.3000000000000007,3.5900000000000003,1.9700000000000009,19.35,正常
2011-11-30,12.7,10.6,2.0999999999999996,3.19,1.9860000000000007,19.304,正常
2011-11-30,12.7,10.6,2.1,3.19,1.9860000000000009,19.304,正常
2011-12-31,13.6,10.0,3.6,2.9066666666666663,2.0020000000000007,19.258,正常
2011-12-31,13.6,10.0,3.5999999999999996,2.9066666666666663,2.0020000000000007,19.258,正常
2012-01-31,12.4,10.0,2.4000000000000004,2.6233333333333335,2.0180000000000007,19.212,正常
2012-01-31,12.4,10.0,2.4000000000000004,2.623333333333333,2.0180000000000007,19.212,正常
2012-02-29,13.0,10.0,3.0,2.64,2.0340000000000007,19.166,正常
2012-02-29,13.0,10.0,3.0,2.64,2.0340000000000007,19.165999999999997,正常
2012-03-31,13.4,10.0,3.4000000000000004,2.8000000000000003,2.0500000000000007,19.119999999999997,正常
2012-03-31,13.4,10.0,3.4000000000000004,2.8000000000000003,2.0500000000000007,19.12,正常
2012-04-30,12.8,10.0,2.8000000000000007,2.8833333333333333,2.0550000000000006,19.091,正常
2012-04-30,12.8,10.0,2.8000000000000007,2.8833333333333333,2.0550000000000006,19.090999999999998,正常
2012-05-31,13.2,10.0,3.1999999999999993,3.0666666666666664,2.0600000000000005,19.062,正常
2012-05-31,13.2,10.0,3.2,3.0666666666666664,2.0600000000000005,19.062,正常
2012-06-30,13.6,10.0,3.5999999999999996,3.0666666666666664,2.0650000000000004,19.033,正常
2012-06-30,13.6,10.0,3.6,3.0666666666666664,2.0650000000000004,19.033,正常
2012-07-31,13.9,10.0,3.9,3.3166666666666664,2.0700000000000003,19.004,正常
2012-07-31,13.9,10.0,3.9000000000000004,3.3166666666666664,2.0700000000000003,19.004,正常
2012-08-31,13.5,10.0,3.5,3.4,2.075,18.975,正常
2012-08-31,13.5,10.0,3.5,3.4,2.075,18.975,正常
2012-09-30,14.8,10.0,4.800000000000001,3.633333333333334,2.08,18.945999999999998,正常
2012-09-30,14.8,10.0,4.800000000000001,3.633333333333334,2.08,18.946,正常
2012-10-31,14.1,10.0,4.1,3.8499999999999996,2.085,18.917,正常
2012-10-31,14.1,10.0,4.1,3.85,2.085,18.917,正常
2012-11-30,13.9,10.0,3.9,3.9666666666666655,2.09,18.888,正常
2012-11-30,13.9,10.0,3.9000000000000004,3.9666666666666663,2.09,18.888,正常
2012-12-31,13.8,8.1,5.700000000000001,4.316666666666667,2.0949999999999998,18.859,正常
2012-12-31,13.8,8.1,5.700000000000001,4.316666666666667,2.095,18.859,正常
2013-01-31,15.9,8.1,7.800000000000001,4.966666666666667,2.0999999999999996,18.830000000000002,正常
2013-01-31,15.9,8.1,7.800000000000001,4.966666666666667,2.1,18.83,正常
2013-02-28,15.2,8.1,7.1,5.566666666666667,2.12,18.823,正常
2013-02-28,15.2,8.1,7.1,5.566666666666667,2.1199999999999997,18.823,正常
2013-03-31,15.7,8.1,7.6,6.033333333333334,2.1399999999999997,18.816000000000003,正常
2013-03-31,15.7,8.1,7.6,6.033333333333334,2.14,18.816000000000003,正常
2013-04-30,16.1,8.1,8.000000000000002,6.683333333333335,2.16,18.809,正常
2013-04-30,16.1,8.1,8.000000000000002,6.6833333333333345,2.16,18.809,正常
2013-05-31,15.8,8.1,7.700000000000001,7.316666666666667,2.18,18.802000000000003,正常
2013-05-31,15.8,8.1,7.700000000000001,7.316666666666667,2.18,18.802000000000003,正常
2013-06-30,14.0,8.1,5.9,7.35,2.2,18.795,正常
2013-06-30,14.0,8.1,5.9,7.3500000000000005,2.2,18.795,正常
2013-07-31,14.5,8.1,6.4,7.116666666666667,2.22,18.788,正常
2013-07-31,14.5,8.1,6.4,7.116666666666667,2.22,18.788,正常
2013-08-31,14.7,8.1,6.6,7.033333333333334,2.24,18.781,正常
2013-08-31,14.7,8.1,6.6,7.033333333333334,2.24,18.781000000000002,正常
2013-09-30,14.2,8.1,6.1,6.783333333333334,2.2600000000000007,18.774,正常
2013-09-30,14.2,8.1,6.1,6.783333333333334,2.2600000000000007,18.774,正常
2013-10-31,14.3,8.1,6.200000000000001,6.483333333333333,2.2800000000000007,18.767000000000003,正常
2013-10-31,14.3,8.1,6.200000000000001,6.483333333333333,2.2800000000000007,18.767000000000003,正常
2013-11-30,14.2,8.1,6.1,6.216666666666666,2.3000000000000007,18.76,正常
2013-11-30,14.2,8.1,6.1,6.216666666666666,2.3000000000000007,18.76,正常
2013-12-31,13.6,7.8,5.8,6.2,2.310000000000001,18.756,正常
2013-12-31,13.6,7.8,5.8,6.2,2.310000000000001,18.756,正常
2014-01-31,13.2,7.8,5.4,6.033333333333334,2.3200000000000007,18.752,正常
2014-01-31,13.2,7.8,5.3999999999999995,6.033333333333334,2.3200000000000007,18.752000000000002,正常
2014-02-28,13.3,7.8,5.500000000000001,5.8500000000000005,2.3300000000000005,18.748,正常
2014-02-28,13.3,7.8,5.500000000000001,5.8500000000000005,2.3300000000000005,18.748,正常
2014-03-31,12.1,7.8,4.3,5.55,2.3400000000000007,18.744000000000003,正常
2014-03-31,12.1,7.8,4.3,5.55,2.3400000000000007,18.744000000000003,正常
2014-04-30,13.2,7.8,5.3999999999999995,5.416666666666667,2.3500000000000005,18.740000000000002,正常
2014-04-30,13.2,7.8,5.4,5.416666666666667,2.3500000000000005,18.74,正常
2014-05-31,13.4,7.8,5.6000000000000005,5.333333333333333,2.3600000000000008,18.736,正常
2014-05-31,13.4,7.8,5.6000000000000005,5.333333333333333,2.3600000000000008,18.736,正常
2014-06-30,14.7,7.8,6.8999999999999995,5.516666666666667,2.3700000000000006,18.732000000000003,正常
2014-06-30,14.7,7.8,6.9,5.516666666666667,2.370000000000001,18.732000000000003,正常
2014-07-31,13.5,7.8,5.7,5.566666666666666,2.3800000000000003,18.728,正常
2014-07-31,13.5,7.8,5.7,5.566666666666666,2.3800000000000003,18.728,正常
2014-08-31,12.8,7.8,5.000000000000001,5.483333333333333,2.390000000000001,18.724000000000004,正常
2014-08-31,12.8,7.8,5.000000000000001,5.483333333333333,2.3900000000000006,18.724000000000004,正常
2014-09-30,12.9,7.8,5.1000000000000005,5.616666666666667,2.4000000000000004,18.72,正常
2014-09-30,12.9,7.8,5.1000000000000005,5.616666666666667,2.4000000000000004,18.720000000000002,正常
2014-10-31,12.6,7.8,4.8,5.516666666666667,2.4040000000000004,18.473000000000017,正常
2014-10-31,12.6,7.8,4.8,5.516666666666667,2.4040000000000004,18.473000000000017,正常
2014-11-30,12.3,7.8,4.500000000000001,5.333333333333333,2.4080000000000004,18.226,正常
2014-11-30,12.3,7.8,4.500000000000001,5.333333333333333,2.4080000000000004,18.225999999999996,正常
2014-12-31,12.2,7.6,4.6,4.95,2.412,17.97900000000001,正常
2014-12-31,12.2,7.6,4.6,4.95,2.412,17.97900000000001,正常
2015-01-31,10.8,7.6,3.200000000000001,4.533333333333334,2.416,17.73200000000002,正常
2015-01-31,10.8,7.6,3.200000000000001,4.533333333333334,2.416,17.73200000000002,正常
2015-02-28,12.5,7.6,4.9,4.516666666666667,2.42,17.485,正常
2015-02-28,12.5,7.6,4.9,4.516666666666667,2.42,17.485,正常
2015-03-31,11.6,7.6,4.0,4.333333333333333,2.424,17.238000000000014,正常
2015-03-31,11.6,7.6,4.0,4.333333333333333,2.424,17.238000000000014,正常
2015-04-30,10.1,7.6,2.5,3.9500000000000006,2.428,16.990999999999993,正常
2015-04-30,10.1,7.6,2.5,3.9500000000000006,2.428,16.990999999999993,正常
2015-05-31,10.8,7.6,3.200000000000001,3.7333333333333343,2.4319999999999995,16.744000000000007,正常
2015-05-31,10.8,7.6,3.200000000000001,3.7333333333333343,2.4319999999999995,16.744000000000007,正常
2015-06-30,11.8,7.6,4.200000000000001,3.6666666666666674,2.4359999999999995,16.49700000000002,正常
2015-06-30,11.8,7.6,4.200000000000001,3.6666666666666674,2.4359999999999995,16.49700000000002,正常
2015-07-31,13.3,7.6,5.700000000000001,4.083333333333335,2.4399999999999995,16.25,正常
2015-07-31,13.3,7.6,5.700000000000001,4.083333333333335,2.4399999999999995,16.25,正常
2015-08-31,13.3,7.6,5.700000000000001,4.216666666666668,2.446,16.235,正常
2015-08-31,13.3,7.6,5.700000000000001,4.216666666666668,2.4459999999999997,16.235,正常
2015-09-30,13.1,7.6,5.5,4.466666666666668,2.4519999999999995,16.22,正常
2015-09-30,13.1,7.6,5.5,4.466666666666668,2.4519999999999995,16.22,正常
2015-10-31,13.5,7.6,5.9,5.033333333333334,2.4579999999999997,16.205000000000002,正常
2015-10-31,13.5,7.6,5.9,5.033333333333334,2.458,16.205000000000002,正常
2015-11-30,13.7,7.6,6.1,5.516666666666667,2.4639999999999995,16.19,正常
2015-11-30,13.7,7.6,6.1,5.516666666666667,2.4639999999999995,16.19,正常
2015-12-31,13.3,7.0,6.300000000000001,5.866666666666667,2.4699999999999998,16.175,正常
2015-12-31,13.3,7.0,6.300000000000001,5.866666666666667,2.47,16.175,正常
2016-01-31,14.0,7.0,7.0,6.083333333333333,2.476,16.16,正常
2016-01-31,14.0,7.0,7.0,6.083333333333333,2.476,16.16,正常
2016-02-29,13.3,7.0,6.300000000000001,6.183333333333334,2.482,16.145,正常
2016-02-29,13.3,7.0,6.300000000000001,6.183333333333334,2.4819999999999998,16.145,正常
2016-03-31,13.4,7.0,6.4,6.333333333333333,2.488,16.130000000000003,正常
2016-03-31,13.4,7.0,6.4,6.333333333333333,2.488,16.130000000000003,正常
2016-04-30,12.8,7.0,5.800000000000001,6.316666666666667,2.4939999999999998,16.115000000000002,正常
2016-04-30,12.8,7.0,5.800000000000001,6.316666666666667,2.494,16.115000000000002,正常
2016-05-31,11.8,7.0,4.800000000000001,6.1000000000000005,2.5,16.1,正常
2016-05-31,11.8,7.0,4.800000000000001,6.1000000000000005,2.5,16.1,正常
2016-06-30,11.8,7.0,4.800000000000001,5.8500000000000005,2.514,16.094,正常
2016-06-30,11.8,7.0,4.800000000000001,5.8500000000000005,2.5140000000000002,16.094,正常
2016-07-31,10.2,7.0,3.1999999999999997,5.216666666666668,2.5280000000000005,16.088,正常
2016-07-31,10.2,7.0,3.1999999999999993,5.216666666666668,2.5280000000000005,16.088,正常
2016-08-31,11.4,7.0,4.4,4.9,2.5420000000000003,16.082,正常
2016-08-31,11.4,7.0,4.4,4.9,2.5420000000000003,16.082,正常
2016-09-30,11.5,7.0,4.5,4.583333333333333,2.5560000000000005,16.076,正常
2016-09-30,11.5,7.0,4.5,4.583333333333333,2.5560000000000005,16.076,正常
2016-10-31,11.6,7.0,4.6,4.383333333333334,2.5700000000000003,16.07,正常
2016-10-31,11.6,7.0,4.6,4.383333333333334,2.5700000000000003,16.07,正常
2016-11-30,11.4,7.0,4.4,4.316666666666666,2.5840000000000005,16.064,正常
2016-11-30,11.4,7.0,4.4,4.316666666666666,2.5840000000000005,16.064,正常
2016-12-31,11.3,6.8,4.500000000000001,4.266666666666667,2.5980000000000008,16.058,正常
2016-12-31,11.3,6.8,4.500000000000001,4.266666666666667,2.5980000000000008,16.058,正常
2017-01-31,10.7032,6.8,3.903200000000001,4.383866666666667,2.6120000000000005,16.052,正常
2017-01-31,10.7032,6.8,3.903200000000001,4.383866666666667,2.6120000000000005,16.052,正常
2017-02-28,10.45,6.8,3.6499999999999995,4.258866666666667,2.6260000000000003,16.046,正常
2017-02-28,10.45,6.8,3.65,4.258866666666667,2.6260000000000003,16.046,正常
2017-03-31,10.1178,6.8,3.317800000000001,4.061833333333333,2.6400000000000006,16.04,正常
2017-03-31,10.1178,6.8,3.317800000000001,4.061833333333333,2.640000000000001,16.04,正常
2017-04-30,9.8426,6.8,3.0425999999999993,3.8022666666666667,2.656000000000001,16.017,正常
2017-04-30,9.8426,6.8,3.0426,3.802266666666666,2.656000000000001,16.017,正常
2017-05-31,9.1289,6.8,2.3289,3.4570833333333333,2.5280000000000005,15.994,紧缩
2017-05-31,9.1289,6.8,2.3289,3.4570833333333333,2.5280000000000005,15.994,紧缩
2017-06-30,9.1013,6.8,2.3013000000000003,3.0906333333333333,2.4579999999999997,15.971,紧缩
2017-06-30,9.1013,6.8,2.3013000000000003,3.0906333333333333,2.458,15.971,紧缩
2017-07-31,8.89,6.8,2.0900000000000007,2.7884333333333338,2.416,15.948000000000002,紧缩
2017-07-31,8.89,6.8,2.0900000000000007,2.7884333333333338,2.416,15.948000000000002,紧缩
2017-08-31,8.5633,6.8,1.7633,2.4739833333333334,2.36445,15.925,紧缩
2017-08-31,8.5633,6.8,1.7633,2.473983333333333,2.36445,15.925,紧缩
2017-09-30,8.976,6.8,2.176000000000001,2.2836833333333337,2.31786,15.902000000000005,紧缩
2017-09-30,8.976,6.8,2.176000000000001,2.2836833333333337,2.31786,15.902000000000003,紧缩
2017-10-31,8.8771,6.8,2.0771000000000006,2.122766666666667,2.3009100000000005,15.879,紧缩
2017-10-31,8.8771,6.8,2.0771000000000006,2.122766666666667,2.3009100000000005,15.879000000000001,紧缩
2017-11-30,9.1148,6.8,2.314800000000001,2.1204166666666677,2.3010400000000004,15.856000000000002,正常
2017-11-30,9.1148,6.8,2.314800000000001,2.1204166666666673,2.3010400000000004,15.856000000000002,正常
2017-12-31,8.0654,7.0,1.0654000000000003,1.9144333333333339,2.2876000000000007,15.833000000000004,紧缩
2017-12-31,8.0654,7.0,1.0654000000000003,1.9144333333333337,2.2876000000000007,15.833000000000004,紧缩
2018-01-31,8.6,7.0,1.5999999999999996,1.832766666666667,2.176000000000001,15.810000000000002,紧缩
2018-01-31,8.6,7.0,1.5999999999999996,1.832766666666667,2.176000000000001,15.810000000000002,紧缩
2018-02-28,8.8,7.0,1.8000000000000007,1.838883333333334,2.1075999999999997,15.737000000000005,紧缩
2018-02-28,8.8,7.0,1.8000000000000007,1.838883333333334,2.1076,15.737000000000004,紧缩
2018-03-31,8.2,7.0,1.1999999999999993,1.676216666666667,2.0920000000000005,15.664,紧缩
2018-03-31,8.2,7.0,1.1999999999999993,1.676216666666667,2.0920000000000005,15.664,紧缩
2018-04-30,8.3,7.0,1.3000000000000007,1.5467000000000002,2.0809700000000007,15.591000000000005,紧缩
2018-04-30,8.3,7.0,1.3000000000000007,1.5467000000000002,2.0809700000000007,15.591000000000003,紧缩
2018-05-31,8.3,7.0,1.3000000000000007,1.3775666666666668,2.0608400000000007,15.518000000000008,紧缩
2018-05-31,8.3,7.0,1.3000000000000007,1.3775666666666668,2.0608400000000007,15.518000000000008,紧缩
2018-06-30,8.0,7.0,1.0,1.366666666666667,1.9700000000000006,15.445,紧缩
2018-06-30,8.0,7.0,1.0,1.366666666666667,1.9700000000000009,15.445,紧缩
2018-07-31,8.5,7.0,1.5,1.3500000000000003,1.8540000000000008,15.372000000000003,紧缩
2018-07-31,8.5,7.0,1.5,1.3500000000000003,1.8540000000000008,15.372000000000005,紧缩
2018-08-31,8.2,7.0,1.1999999999999993,1.25,1.7889900000000003,15.299,紧缩
2018-08-31,8.2,7.0,1.1999999999999993,1.25,1.7889900000000005,15.299,紧缩
2018-09-30,8.3,7.0,1.3000000000000007,1.2666666666666668,1.75064,15.226000000000004,紧缩
2018-09-30,8.3,7.0,1.3000000000000007,1.2666666666666668,1.75064,15.226000000000003,紧缩
2018-10-31,8.0,7.0,1.0,1.2166666666666668,1.6899999999999993,15.153000000000006,紧缩
2018-10-31,8.0,7.0,1.0,1.2166666666666668,1.6899999999999993,15.153000000000006,紧缩
2018-11-30,8.0,7.0,1.0,1.1666666666666667,1.5999999999999996,15.08,紧缩
2018-11-30,8.0,7.0,1.0,1.1666666666666667,1.5999999999999996,15.08,紧缩
2018-12-31,8.1,6.8,1.2999999999999998,1.2166666666666666,1.51,15.032000000000004,紧缩
2018-12-31,8.1,6.8,1.2999999999999998,1.2166666666666666,1.51,15.032000000000004,紧缩
2019-01-31,8.4,6.8,1.6000000000000005,1.2333333333333334,1.52,14.983999999999998,正常
2019-01-31,8.4,6.8,1.6000000000000003,1.2333333333333334,1.52,14.983999999999998,正常
2019-02-28,8.0,6.8,1.2000000000000002,1.2333333333333336,1.3600000000000003,14.936000000000002,紧缩
2019-02-28,8.0,6.8,1.2000000000000002,1.2333333333333336,1.3600000000000005,14.936000000000002,紧缩
2019-03-31,8.6,6.8,1.7999999999999998,1.3166666666666667,1.3800000000000006,14.888000000000003,正常
2019-03-31,8.6,6.8,1.7999999999999998,1.3166666666666669,1.3800000000000006,14.888000000000003,正常
2019-04-30,8.5,6.8,1.7000000000000002,1.4333333333333336,1.4000000000000004,14.84,正常
2019-04-30,8.5,6.8,1.7000000000000002,1.4333333333333336,1.4000000000000004,14.84,正常
2019-05-31,8.5,6.8,1.7000000000000002,1.55,1.4200000000000006,14.792000000000003,正常
2019-05-31,8.5,6.8,1.7000000000000002,1.55,1.4200000000000006,14.792000000000003,正常
2019-06-30,8.5,6.8,1.7000000000000002,1.6166666666666665,1.4400000000000004,14.743999999999998,正常
2019-06-30,8.5,6.8,1.7000000000000002,1.6166666666666665,1.4400000000000004,14.743999999999998,正常
2019-07-31,8.1,6.8,1.2999999999999998,1.5666666666666667,1.3000000000000007,14.696000000000002,紧缩
2019-07-31,8.1,6.8,1.2999999999999998,1.5666666666666669,1.3000000000000007,14.696000000000002,紧缩
2019-08-31,8.2,6.8,1.3999999999999995,1.5999999999999996,1.3000000000000007,14.648000000000003,正常
2019-08-31,8.2,6.8,1.3999999999999997,1.5999999999999996,1.3000000000000007,14.648000000000003,正常
2019-09-30,8.4,6.8,1.6000000000000005,1.5666666666666667,1.3000000000000007,14.6,正常
2019-09-30,8.4,6.8,1.6000000000000003,1.5666666666666669,1.3000000000000007,14.6,正常
2019-10-31,8.4,6.8,1.6000000000000005,1.55,1.3100000000000007,14.450000000000008,正常
2019-10-31,8.4,6.8,1.6000000000000003,1.55,1.3100000000000007,14.450000000000008,正常
2019-11-30,8.2,6.8,1.3999999999999995,1.5,1.3200000000000005,14.299999999999995,正常
2019-11-30,8.2,6.8,1.3999999999999997,1.5,1.3200000000000005,14.299999999999995,正常
2019-12-31,8.7,6.4,2.299999999999999,1.5999999999999996,1.3300000000000003,14.150000000000023,正常
2019-12-31,8.7,6.4,2.299999999999999,1.5999999999999996,1.3300000000000005,14.150000000000025,正常
2020-01-31,8.4,6.4,2.0,1.7166666666666661,1.3400000000000003,13.999999999999991,正常
2020-01-31,8.4,6.4,2.0,1.716666666666666,1.3400000000000003,13.999999999999991,正常
2020-02-29,8.8,6.4,2.4000000000000004,1.8833333333333333,1.35,13.85,正常
2020-02-29,8.8,6.4,2.4000000000000004,1.8833333333333335,1.35,13.85,正常
2020-03-31,10.1,6.4,3.6999999999999993,2.233333333333333,1.36,13.700000000000008,正常
2020-03-31,10.1,6.4,3.6999999999999993,2.233333333333333,1.36,13.700000000000008,正常
2020-04-30,11.1,6.4,4.699999999999999,2.7499999999999996,1.3699999999999999,13.550000000000017,正常
2020-04-30,11.1,6.4,4.699999999999999,2.75,1.37,13.550000000000017,正常
2020-05-31,11.1,6.4,4.699999999999999,3.2999999999999994,1.38,13.400000000000025,正常
2020-05-31,11.1,6.4,4.699999999999999,3.2999999999999994,1.38,13.400000000000023,正常
2020-06-30,11.1,6.4,4.699999999999999,3.6999999999999993,1.3899999999999997,13.249999999999991,正常
2020-06-30,11.1,6.4,4.699999999999999,3.6999999999999993,1.3899999999999997,13.249999999999991,正常
2020-07-31,10.7,6.4,4.299999999999999,4.083333333333333,1.3999999999999997,13.1,正常
2020-07-31,10.7,6.4,4.299999999999999,4.083333333333333,1.3999999999999995,13.1,正常
2020-08-31,10.4,6.4,4.0,4.35,1.3999999999999995,13.08,正常
2020-08-31,10.4,6.4,4.0,4.35,1.3999999999999997,13.08,正常
2020-09-30,10.9,6.4,4.5,4.483333333333333,1.3999999999999995,13.060000000000002,正常
2020-09-30,10.9,6.4,4.5,4.483333333333333,1.3999999999999997,13.060000000000002,正常
2020-10-31,10.5,6.4,4.1,4.383333333333333,1.3999999999999997,13.040000000000004,正常
2020-10-31,10.5,6.4,4.1,4.383333333333333,1.3999999999999995,13.040000000000003,正常
2020-11-30,10.7,6.4,4.299999999999999,4.316666666666666,1.3999999999999995,13.02,正常
2020-11-30,10.7,6.4,4.299999999999999,4.316666666666666,1.3999999999999997,13.02,正常
2020-12-31,10.1,2.3,7.8,4.833333333333333,1.3999999999999995,13.0,正常
2020-12-31,10.1,2.3,7.8,4.833333333333333,1.3999999999999997,13.0,正常
2021-01-31,9.4,2.3,7.1000000000000005,5.3,1.3999999999999997,12.98,正常
2021-01-31,9.4,2.3,7.1000000000000005,5.3,1.3999999999999995,12.98,正常
2021-02-28,10.1,2.3,7.8,5.933333333333333,1.3999999999999997,12.960000000000004,正常
2021-02-28,10.1,2.3,7.8,5.933333333333333,1.3999999999999995,12.960000000000003,正常
2021-03-31,9.4,2.3,7.1000000000000005,6.366666666666666,1.3999999999999995,12.940000000000003,正常
2021-03-31,9.4,2.3,7.1000000000000005,6.366666666666666,1.3999999999999997,12.940000000000005,正常
2021-04-30,8.1,2.3,5.8,6.6499999999999995,1.3999999999999995,12.92,正常
2021-04-30,8.1,2.3,5.8,6.65,1.3999999999999997,12.92,正常
2021-05-31,8.3,2.3,6.000000000000001,6.933333333333334,1.3999999999999997,12.9,正常
2021-05-31,8.3,2.3,6.000000000000001,6.933333333333334,1.3999999999999995,12.9,正常
2021-06-30,8.6,2.3,6.3,6.683333333333334,1.4099999999999997,12.89,正常
2021-06-30,8.6,2.3,6.3,6.683333333333334,1.4099999999999997,12.89,正常
2021-07-31,8.3,2.3,6.000000000000001,6.5,1.4199999999999997,12.88,正常
2021-07-31,8.3,2.3,6.000000000000001,6.5,1.4199999999999995,12.88,正常
2021-08-31,8.2,2.3,5.8999999999999995,6.183333333333334,1.4299999999999997,12.870000000000001,正常
2021-08-31,8.2,2.3,5.9,6.183333333333334,1.4299999999999995,12.87,正常
2021-09-30,8.3,2.3,6.000000000000001,6.0,1.44,12.86,正常
2021-09-30,8.3,2.3,6.000000000000001,6.0,1.44,12.86,正常
2021-10-31,8.7,2.3,6.4,6.1000000000000005,1.4499999999999995,12.85,正常
2021-10-31,8.7,2.3,6.3999999999999995,6.1000000000000005,1.4499999999999997,12.85,正常
2021-11-30,8.5,2.3,6.2,6.133333333333333,1.46,12.84,正常
2021-11-30,8.5,2.3,6.2,6.133333333333333,1.46,12.84,正常
2021-12-31,9.0,13.0,-4.0,4.416666666666667,1.3999999999999997,12.83,紧缩
2021-12-31,9.0,13.0,-4.0,4.416666666666667,1.3999999999999995,12.83,紧缩
2022-01-31,9.8,13.0,-3.1999999999999997,2.8833333333333333,1.38,12.82,紧缩
2022-01-31,9.8,13.0,-3.1999999999999993,2.8833333333333333,1.38,12.82,紧缩
2022-02-28,9.2,13.0,-3.8000000000000007,1.2666666666666668,1.3000000000000007,12.81,紧缩
2022-02-28,9.2,13.0,-3.8000000000000007,1.2666666666666668,1.3000000000000007,12.809999999999999,紧缩
2022-03-31,9.7,13.0,-3.3000000000000007,-0.2833333333333335,1.3000000000000007,12.8,紧缩
2022-03-31,9.7,13.0,-3.3000000000000007,-0.2833333333333335,1.3000000000000007,12.799999999999999,紧缩
2022-04-30,10.5,13.0,-2.5,-1.7666666666666668,1.3000000000000007,12.78,紧缩
2022-04-30,10.5,13.0,-2.5,-1.7666666666666668,1.3000000000000007,12.78,紧缩
2022-05-31,11.1,13.0,-1.9000000000000004,-3.116666666666667,1.3,12.760000000000002,紧缩
2022-05-31,11.1,13.0,-1.9000000000000004,-3.116666666666667,1.3,12.760000000000002,紧缩
2022-06-30,11.4,13.0,-1.5999999999999996,-2.716666666666667,1.2999999999999998,12.740000000000002,紧缩
2022-06-30,11.4,13.0,-1.5999999999999996,-2.716666666666667,1.2999999999999998,12.740000000000002,紧缩
2022-07-31,12.0,13.0,-1.0,-2.35,1.2400000000000002,12.719999999999999,紧缩
2022-07-31,12.0,13.0,-1.0,-2.35,1.2400000000000002,12.72,紧缩
2022-08-31,12.2,13.0,-0.8000000000000007,-1.8500000000000003,1.1999999999999995,12.7,紧缩
2022-08-31,12.2,13.0,-0.8000000000000007,-1.8500000000000003,1.1999999999999997,12.7,紧缩
2022-09-30,12.1,13.0,-0.9000000000000004,-1.4500000000000002,1.1999999999999993,12.68,紧缩
2022-09-30,12.1,13.0,-0.9000000000000004,-1.4500000000000002,1.1999999999999993,12.68,紧缩
2022-10-31,11.8,13.0,-1.1999999999999993,-1.2333333333333334,1.1596199999999994,12.660000000000002,紧缩
2022-10-31,11.8,13.0,-1.1999999999999993,-1.2333333333333334,1.1596199999999994,12.660000000000002,紧缩
2022-11-30,12.4,13.0,-0.5999999999999996,-1.0166666666666666,1.0523200000000004,12.640000000000002,紧缩
2022-11-30,12.4,13.0,-0.5999999999999996,-1.0166666666666666,1.0523200000000004,12.640000000000002,紧缩
2022-12-31,11.8,3.1,8.700000000000001,0.7000000000000002,1.0588600000000004,12.62,正常
2022-12-31,11.8,3.1,8.700000000000001,0.7000000000000002,1.0588600000000004,12.62,正常
2023-01-31,12.6,3.1,9.5,2.45,1.0654000000000003,12.6,正常
2023-01-31,12.6,3.1,9.5,2.45,1.0654000000000003,12.6,正常
2023-02-28,12.9,3.1,9.8,4.216666666666668,1.0788600000000004,12.550000000000002,正常
2023-02-28,12.9,3.1,9.8,4.216666666666668,1.0788600000000004,12.550000000000002,正常
2023-03-31,12.7,3.1,9.6,5.966666666666666,1.09232,12.500000000000004,正常
2023-03-31,12.7,3.1,9.6,5.966666666666666,1.09232,12.500000000000005,正常
2023-04-30,12.4,3.1,9.3,7.716666666666668,1.1057800000000002,12.450000000000008,正常
2023-04-30,12.4,3.1,9.3,7.716666666666668,1.1057800000000002,12.450000000000008,正常
2023-05-31,11.6,3.1,8.5,9.233333333333334,1.1192400000000002,12.399999999999997,正常
2023-05-31,11.6,3.1,8.5,9.233333333333334,1.1192400000000002,12.399999999999997,正常
2023-06-30,11.3,3.1,8.200000000000001,9.15,1.1326999999999998,12.35,正常
2023-06-30,11.3,3.1,8.200000000000001,9.15,1.1326999999999998,12.35,正常
2023-07-31,10.7,3.1,7.6,8.833333333333334,1.1461599999999998,12.300000000000002,正常
2023-07-31,10.7,3.1,7.6,8.833333333333334,1.1461599999999998,12.300000000000002,正常
2023-08-31,10.6,3.1,7.5,8.450000000000001,1.1596199999999994,12.250000000000005,正常
2023-08-31,10.6,3.1,7.5,8.450000000000001,1.1596199999999994,12.250000000000004,正常
2023-09-30,10.3,3.1,7.200000000000001,8.05,1.1730799999999997,12.200000000000008,正常
2023-09-30,10.3,3.1,7.200000000000001,8.05,1.1730799999999997,12.200000000000008,正常
2023-10-31,10.3,3.1,7.200000000000001,7.7,1.1865399999999997,12.149999999999997,正常
2023-10-31,10.3,3.1,7.200000000000001,7.7,1.1865399999999997,12.149999999999997,正常
2023-11-30,10.0,3.1,6.9,7.433333333333334,1.1999999999999993,12.1,正常
2023-11-30,10.0,3.1,6.9,7.433333333333334,1.1999999999999993,12.1,正常
2023-12-31,9.7,5.4,4.299999999999999,6.783333333333334,1.1999999999999993,12.010000000000005,正常
2023-12-31,9.7,5.4,4.299999999999999,6.783333333333334,1.1999999999999993,12.010000000000003,正常
2024-01-31,8.7,5.4,3.299999999999999,6.066666666666667,1.1999999999999993,11.92000000000001,正常
2024-01-31,8.7,5.4,3.299999999999999,6.066666666666667,1.1999999999999993,11.92000000000001,正常
2024-02-29,8.7,5.4,3.299999999999999,5.366666666666667,1.1999999999999993,11.830000000000016,正常
2024-02-29,8.7,5.4,3.299999999999999,5.366666666666667,1.1999999999999993,11.830000000000016,正常
2024-03-31,8.3,5.4,2.9000000000000004,4.65,1.1999999999999993,11.739999999999997,正常
2024-03-31,8.3,5.4,2.9000000000000004,4.6499999999999995,1.1999999999999993,11.739999999999995,正常
2024-04-30,7.2,5.4,1.7999999999999998,3.7499999999999996,1.1999999999999993,11.65,正常
2024-04-30,7.2,5.4,1.7999999999999998,3.75,1.1999999999999993,11.65,正常
2024-05-31,7.0,5.4,1.5999999999999996,2.866666666666666,1.1999999999999993,11.560000000000006,正常
2024-05-31,7.0,5.4,1.5999999999999996,2.866666666666666,1.1999999999999993,11.560000000000006,正常
2024-06-30,6.2,5.4,0.7999999999999998,2.2833333333333328,1.1596199999999999,11.470000000000011,紧缩
2024-06-30,6.2,5.4,0.7999999999999998,2.2833333333333328,1.15962,11.470000000000011,紧缩
2024-07-31,6.3,5.4,0.8999999999999995,1.8833333333333329,1.0523200000000004,11.380000000000017,紧缩
2024-07-31,6.3,5.4,0.8999999999999995,1.8833333333333329,1.0523200000000004,11.380000000000017,紧缩
2024-08-31,6.3,5.4,0.8999999999999995,1.4833333333333332,1.0,11.289999999999996,紧缩
2024-08-31,6.3,5.4,0.8999999999999995,1.4833333333333332,1.0,11.289999999999996,紧缩
2024-09-30,6.8,5.4,1.3999999999999997,1.233333333333333,1.0,11.2,正常
2024-09-30,6.8,5.4,1.3999999999999995,1.233333333333333,1.0,11.200000000000001,正常
2024-10-31,7.5,5.4,2.0999999999999996,1.283333333333333,1.0065400000000002,11.158000000000003,正常
2024-10-31,7.5,5.4,2.1,1.283333333333333,1.0065400000000002,11.158000000000005,正常
2024-11-30,7.1,5.4,1.6999999999999993,1.2999999999999996,1.0130800000000002,11.116000000000007,正常
2024-11-30,7.1,5.4,1.6999999999999993,1.2999999999999996,1.0130800000000002,11.116000000000009,正常
2024-12-31,7.3,4.8,2.5,1.5833333333333328,1.0196200000000002,11.074000000000009,正常
2024-12-31,7.3,4.8,2.5,1.5833333333333328,1.0196200000000002,11.074000000000009,正常
2025-01-31,7.0,4.8,2.2,1.7999999999999998,1.0261600000000002,11.031999999999998,正常
2025-01-31,7.0,4.8,2.2,1.7999999999999998,1.0261600000000002,11.031999999999998,正常
2025-02-28,7.0,4.8,2.2,2.016666666666666,1.0327000000000002,10.990000000000002,正常
2025-02-28,7.0,4.8,2.2,2.016666666666666,1.0327000000000002,10.990000000000002,正常
2025-03-31,7.0,4.8,2.2,2.15,1.0392400000000004,10.948000000000004,正常
2025-03-31,7.0,4.8,2.2,2.15,1.0392400000000004,10.948000000000004,正常
2025-04-30,8.0,4.8,3.2,2.3333333333333335,1.0457800000000004,10.906000000000006,正常
2025-04-30,8.0,4.8,3.2,2.333333333333333,1.0457800000000004,10.906000000000006,正常
2025-05-31,7.9,4.8,3.1000000000000005,2.566666666666667,1.0523200000000004,10.864000000000008,正常
2025-05-31,7.9,4.8,3.1000000000000005,2.566666666666667,1.0523200000000004,10.864000000000008,正常
2025-06-30,8.3,4.8,3.500000000000001,2.733333333333334,1.0588600000000004,10.822,正常
2025-06-30,8.3,4.8,3.500000000000001,2.733333333333334,1.0588600000000004,10.822,正常
2025-07-31,8.8,4.8,4.000000000000001,3.0333333333333337,1.0654000000000003,10.780000000000001,正常
2025-07-31,8.8,4.8,4.000000000000001,3.0333333333333337,1.0654000000000003,10.78,正常
2025-08-31,8.8,4.8,4.000000000000001,3.333333333333334,1.0788600000000004,10.682000000000007,正常
2025-08-31,8.8,4.8,4.000000000000001,3.333333333333334,1.0788600000000004,10.682000000000007,正常
2025-09-30,8.4,4.8,3.6000000000000005,3.5666666666666678,1.0923200000000006,10.584000000000012,正常
2025-09-30,8.4,4.8,3.6000000000000005,3.566666666666668,1.0923200000000006,10.584000000000012,正常
2025-10-31,8.2,4.8,3.3999999999999995,3.6,1.1057800000000002,10.486000000000018,正常
2025-10-31,8.2,4.8,3.3999999999999995,3.6,1.1057800000000002,10.486000000000018,正常
2025-11-30,8.0,4.8,3.2,3.616666666666667,1.1192400000000002,10.387999999999995,正常
2025-11-30,8.0,4.8,3.2,3.616666666666667,1.1192400000000002,10.387999999999996,正常
2025-12-31,8.5,5.0,3.5,3.616666666666667,1.1326999999999998,10.290000000000001,正常
2025-12-31,8.5,5.0,3.5,3.616666666666667,1.1326999999999998,10.29,正常
2026-01-31,9.0,5.0,4.0,3.616666666666667,1.1461599999999998,10.192000000000007,正常
2026-01-31,9.0,5.0,4.0,3.616666666666667,1.1461599999999998,10.192000000000007,正常
2026-02-28,9.0,5.0,4.0,3.616666666666667,1.1596199999999999,10.094000000000012,正常
2026-02-28,9.0,5.0,4.0,3.616666666666667,1.15962,10.094000000000012,正常
2026-03-31,8.5,5.0,3.5,3.6,1.1730799999999997,9.996000000000018,正常
2026-03-31,8.5,5.0,3.5,3.6,1.1730799999999997,9.996000000000018,正常
2026-04-30,8.6,5.0,3.5999999999999996,3.6333333333333333,1.1865399999999997,9.897999999999994,正常
2026-04-30,8.6,5.0,3.6,3.633333333333333,1.1865399999999997,9.897999999999994,正常
2026-05-31,8.6,5.0,3.5999999999999996,3.7000000000000006,1.1999999999999993,9.8,正常
2026-05-31,8.6,5.0,3.6,3.7000000000000006,1.1999999999999993,9.8,正常
2026-06-30,8.0,5.0,3.0,3.616666666666667,1.1999999999999993,9.78,正常
2026-06-30,8.0,5.0,3.0,3.616666666666667,1.1999999999999993,9.780000000000001,正常
