date,social_financing,sf_12m_sum,credit_impulse,ma6,signal
2008-01-31,8058.0,,,,正常
2008-01-31,8058.0,,,,正常
2008-02-29,2434.0,,,,正常
2008-02-29,2434.0,,,,正常
2008-03-31,2834.0,,,,正常
2008-03-31,2834.0,,,,正常
2008-04-30,4690.0,,,,正常
2008-04-30,4690.0,,,,正常
2008-05-31,3185.0,,,,正常
2008-05-31,3185.0,,,,正常
2008-06-30,3324.0,24525.0,,,正常
2008-06-30,3324.0,24525.0,,,正常
2008-07-31,3818.0,28343.0,,,正常
2008-07-31,3818.0,28343.0,,,正常
2008-08-31,2715.0,31058.0,,,正常
2008-08-31,2715.0,31058.0,,,正常
2008-09-30,3745.0,34803.0,,,正常
2008-09-30,3745.0,34803.0,,,正常
2008-10-31,1819.0,36622.0,,,正常
2008-10-31,1819.0,36622.0,,,正常
2008-11-30,4775.0,41397.0,,,正常
2008-11-30,4775.0,41397.0,,,正常
2008-12-31,7645.0,49042.0,,,正常
2008-12-31,7645.0,49042.0,,,正常
2009-01-31,16177.0,57161.0,,,正常
2009-01-31,16177.0,57161.0,,,正常
2009-02-28,10715.0,65442.0,,,正常
2009-02-28,10715.0,65442.0,,,正常
2009-03-31,18920.0,81528.0,,,正常
2009-03-31,18920.0,81528.0,,,正常
2009-04-30,5918.0,82756.0,,,正常
2009-04-30,5918.0,82756.0,,,正常
2009-05-31,6669.0,86240.0,,,正常
2009-05-31,6669.0,86240.0,,,正常
2009-06-30,15304.0,98220.0,300.4892966360856,,信贷扩张
2009-06-30,15304.0,98220.0,300.4892966360856,,信贷扩张
2009-07-31,3691.0,98093.0,246.0925096143669,,信贷扩张
2009-07-31,3691.0,98093.0,246.09250961436686,,信贷扩张
2009-08-31,4104.0,99482.0,220.3103870178376,255.63073108943001,信贷扩张
2009-08-31,4104.0,99482.0,220.3103870178376,255.63073108943,信贷扩张
2009-09-30,5167.0,100904.0,189.9290291066862,239.20530559374407,信贷扩张
2009-09-30,5167.0,100904.0,189.9290291066862,239.20530559374407,信贷扩张
2009-10-31,2530.0,101615.0,177.46982688001748,226.85820985099878,信贷扩张
2009-10-31,2530.0,101615.0,177.46982688001748,226.8582098509988,信贷扩张
2009-11-30,2948.0,99788.0,141.05128390946203,212.5570555274093,信贷扩张
2009-11-30,2948.0,99788.0,141.05128390946203,212.5570555274093,信贷扩张
2009-12-31,3800.0,95943.0,95.63435422698912,178.4145651258932,信贷扩张
2009-12-31,3800.0,95943.0,95.63435422698912,178.4145651258932,信贷扩张
2010-01-31,13934.0,93700.0,63.92295446195833,148.05297260049178,信贷扩张
2010-01-31,13934.0,93700.0,63.92295446195833,148.05297260049178,信贷扩张
2010-02-28,6999.0,89984.0,37.50191008832249,117.58489311223927,信贷扩张
2010-02-28,6999.0,89984.0,37.50191008832249,117.58489311223929,信贷扩张
2010-03-31,5107.0,76171.0,-6.570748699833184,84.83493014448604,信贷收缩
2010-03-31,5107.0,76171.0,-6.570748699833184,84.83493014448604,信贷收缩
2010-04-30,7740.0,77993.0,-5.755473923340904,54.297380010592974,信贷收缩
2010-04-30,7740.0,77993.0,-5.755473923340904,54.297380010592974,信贷收缩
2010-05-31,6493.0,77817.0,-9.766929499072353,29.161011109170584,信贷收缩
2010-05-31,6493.0,77817.0,-9.766929499072353,29.161011109170584,信贷收缩
2010-06-30,6027.0,68540.0,-30.2178782325392,8.18563903258253,信贷收缩
2010-06-30,6027.0,68540.0,-30.217878232539196,8.18563903258253,信贷收缩
2010-07-31,5327.0,70176.0,-28.459726993771216,-7.211474543372394,信贷收缩
2010-07-31,5327.0,70176.0,-28.459726993771216,-7.211474543372394,信贷收缩
2010-08-31,5446.0,71518.0,-28.109607768239474,-18.146727519466054,信贷收缩
2010-08-31,5446.0,71518.0,-28.109607768239474,-18.14672751946605,信贷收缩
2010-09-30,6004.0,72355.0,-28.293229207960046,-21.7671409374872,信贷收缩
2010-09-30,6004.0,72355.0,-28.29322920796005,-21.7671409374872,信贷收缩
2010-10-31,5877.0,75702.0,-25.501156325345665,-25.05808800448799,信贷收缩
2010-10-31,5877.0,75702.0,-25.501156325345665,-25.05808800448799,信贷收缩
2010-11-30,5689.0,78443.0,-21.390347536777966,-26.995324344105594,信贷收缩
2010-11-30,5689.0,78443.0,-21.390347536777966,-26.9953243441056,信贷收缩
2010-12-31,4807.0,79450.0,-17.19041514232409,-24.82408049573641,信贷收缩
2010-12-31,4807.0,79450.0,-17.19041514232409,-24.82408049573641,信贷收缩
2011-01-31,10263.0,75779.0,-19.125933831376727,-23.268448302003993,信贷收缩
2011-01-31,10263.0,75779.0,-19.125933831376727,-23.268448302004,信贷收缩
2011-02-28,5377.0,74157.0,-17.588682432432435,-21.51496074603616,信贷收缩
2011-02-28,5377.0,74157.0,-17.588682432432435,-21.514960746036156,信贷收缩
2011-03-31,6794.0,75844.0,-0.4292972391067517,-16.870972084560602,信贷收缩
2011-03-31,6794.0,75844.0,-0.42929723910675177,-16.870972084560602,信贷收缩
2011-04-30,7430.0,75534.0,-3.1528470503763173,-13.146253872065714,信贷收缩
2011-04-30,7430.0,75534.0,-3.1528470503763173,-13.146253872065714,信贷收缩
2011-05-31,5516.0,74557.0,-4.189315959237694,-10.279415275809002,信贷收缩
2011-05-31,5516.0,74557.0,-4.189315959237694,-10.279415275809002,信贷收缩
2011-06-30,6339.0,74869.0,9.234023927633505,-5.875342097482736,信贷扩张
2011-06-30,6339.0,74869.0,9.234023927633505,-5.875342097482736,信贷扩张
2011-07-31,4916.0,74458.0,6.101801185590516,-1.670719594654863,信贷扩张
2011-07-31,4916.0,74458.0,6.101801185590516,-1.670719594654863,信贷扩张
2011-08-31,5484.0,74496.0,4.1639866886658,1.9547252588615087,信贷扩张
2011-08-31,5484.0,74496.0,4.1639866886657995,1.9547252588615092,信贷扩张
2011-09-30,4693.0,73185.0,1.1471218298666264,2.2174617703570725,信贷扩张
2011-09-30,4693.0,73185.0,1.1471218298666264,2.2174617703570725,信贷扩张
2011-10-31,5868.0,73176.0,-3.3367678528968825,2.1868083032703116,信贷收缩
2011-10-31,5868.0,73176.0,-3.3367678528968825,2.186808303270312,信贷收缩
2011-11-30,5629.0,73116.0,-6.79091824636997,1.7532079220815986,信贷收缩
2011-11-30,5629.0,73116.0,-6.79091824636997,1.7532079220815986,信贷收缩
2011-12-31,6406.0,74715.0,-5.959723096286973,-0.7790832485718143,信贷收缩
2011-12-31,6406.0,74715.0,-5.959723096286973,-0.7790832485718143,信贷收缩
2012-01-31,7381.0,71833.0,-5.207247390437986,-2.663924677909898,信贷收缩
2012-01-31,7381.0,71833.0,-5.207247390437986,-2.663924677909898,信贷收缩
2012-02-29,7107.0,73563.0,-0.8010032768315911,-3.491423005492796,信贷收缩
2012-02-29,7107.0,73563.0,-0.8010032768315911,-3.491423005492796,信贷收缩
2012-03-31,10114.42,76883.42,1.37047096672116,-3.454198149350374,信贷扩张
2012-03-31,10114.42,76883.42,1.37047096672116,-3.454198149350374,信贷扩张
2012-04-30,6817.79,76271.21,0.975997564010922,-2.735403913199073,信贷扩张
2012-04-30,6817.79,76271.21,0.975997564010922,-2.735403913199073,信贷扩张
2012-05-31,7932.32,78687.53,5.540096838660347,-0.6802347323606872,信贷扩张
2012-05-31,7932.32,78687.53,5.540096838660347,-0.6802347323606872,信贷扩张
2012-06-30,9198.17,81546.7,8.919178832360508,1.7995822557472263,信贷扩张
2012-06-30,9198.17,81546.7,8.919178832360508,1.7995822557472263,信贷扩张
2012-07-31,5401.21,82031.91,10.17205672996857,4.362799609148319,信贷扩张
2012-07-31,5401.21,82031.91,10.17205672996857,4.362799609148319,信贷扩张
2012-08-31,7039.45,83587.36,12.203823024054984,6.5302706592960815,信贷扩张
2012-08-31,7039.45,83587.36,12.203823024054984,6.5302706592960815,信贷扩张
2012-09-30,6226.23,85120.59,16.308792785406844,9.019990962410363,信贷扩张
2012-09-30,6226.23,85120.59,16.308792785406844,9.019990962410365,信贷扩张
2012-10-31,5053.71,84306.3,15.210314857330287,11.392377177963589,信贷扩张
2012-10-31,5053.71,84306.3,15.210314857330289,11.392377177963589,信贷扩张
2012-11-30,5220.37,83897.67,14.745978992286224,12.926690870234568,信贷扩张
2012-11-30,5220.37,83897.67,14.745978992286224,12.926690870234568,信贷扩张
2012-12-31,4546.08,82037.75,9.800910125142215,13.073646085698188,信贷扩张
2012-12-31,4546.08,82037.75,9.800910125142217,13.073646085698188,信贷扩张
2013-01-31,10721.0,85377.75,18.85588796235713,14.520951291096281,信贷扩张
2013-01-31,10721.0,85377.75,18.85588796235713,14.52095129109628,信贷扩张
2013-02-28,6200.0,84470.75,14.82776667618233,14.958275233117504,信贷扩张
2013-02-28,6200.0,84470.75,14.82776667618233,14.958275233117504,信贷扩张
2013-03-31,10625.0,84981.33,10.532713034878016,13.995595274696035,信贷扩张
2013-03-31,10625.0,84981.33,10.532713034878016,13.995595274696036,信贷扩张
2013-04-30,7923.0,86086.54,12.868984247135964,13.605373506330317,信贷扩张
2013-04-30,7923.0,86086.54,12.868984247135963,13.605373506330315,信贷扩张
2013-05-31,6694.0,84848.22,7.829309167539011,12.452595202205778,信贷扩张
2013-05-31,6694.0,84848.22,7.829309167539011,12.452595202205778,信贷扩张
2013-06-30,8628.0,84278.05,3.3494304490555797,11.37734858952467,信贷扩张
2013-06-30,8628.0,84278.05,3.3494304490555793,11.37734858952467,信贷扩张
2013-07-31,6997.0,85873.84,4.683457937283175,9.015276918679012,信贷扩张
2013-07-31,6997.0,85873.84,4.683457937283175,9.015276918679012,信贷扩张
2013-08-31,7128.0,85962.39,2.841374581037126,7.017544902821478,信贷扩张
2013-08-31,7128.0,85962.39,2.841374581037126,7.017544902821478,信贷扩张
2013-09-30,7870.0,87606.16,2.9200572975351946,5.748768946597675,信贷扩张
2013-09-30,7870.0,87606.16,2.9200572975351946,5.748768946597675,信贷扩张
2013-10-31,5060.0,87612.45,3.921593048206362,4.257537080109408,信贷扩张
2013-10-31,5060.0,87612.45,3.921593048206362,4.257537080109408,信贷扩张
2013-11-30,6246.0,88638.08,5.650228427082671,3.8943569567000176,信贷扩张
2013-11-30,6246.0,88638.08,5.650228427082671,3.8943569567000176,信贷扩张
2013-12-31,4825.0,88917.0,8.385468884751223,4.733696695982625,信贷扩张
2013-12-31,4825.0,88917.0,8.385468884751223,4.733696695982625,信贷扩张
2014-01-31,13190.0,91386.0,7.037255022532207,5.125996210190797,信贷扩张
2014-01-31,13190.0,91386.0,7.037255022532207,5.125996210190797,信贷扩张
2014-02-28,6448.0,91634.0,8.480154372963433,6.0657928421785146,信贷扩张
2014-02-28,6448.0,91634.0,8.480154372963433,6.0657928421785146,信贷扩张
2014-03-31,10497.0,91506.0,7.677768752265934,6.858744751300304,信贷扩张
2014-03-31,10497.0,91506.0,7.677768752265934,6.858744751300304,信贷扩张
2014-04-30,7745.0,91328.0,6.0885941054199755,7.219911594169241,信贷扩张
2014-04-30,7745.0,91328.0,6.088594105419976,7.219911594169241,信贷扩张
2014-05-31,8708.0,93342.0,10.010557675812182,7.946633135624158,信贷扩张
2014-05-31,8708.0,93342.0,10.010557675812182,7.946633135624158,信贷扩张
2014-06-30,10793.0,95507.0,13.323694603755065,8.769670755458133,信贷扩张
2014-06-30,10793.0,95507.0,13.323694603755063,8.769670755458133,信贷扩张
2014-07-31,3852.0,92362.0,7.555455770930952,8.856037546857925,信贷扩张
2014-07-31,3852.0,92362.0,7.555455770930952,8.856037546857925,信贷扩张
2014-08-31,7025.0,92259.0,7.324842876053128,8.663485630706207,信贷扩张
2014-08-31,7025.0,92259.0,7.324842876053128,8.663485630706207,信贷扩张
2014-09-30,8572.0,92961.0,6.112401228406772,8.402591043396347,信贷扩张
2014-09-30,8572.0,92961.0,6.112401228406772,8.402591043396347,信贷扩张
2014-10-31,5483.0,93384.0,6.587591147148619,8.485757217017786,信贷扩张
2014-10-31,5483.0,93384.0,6.587591147148619,8.485757217017786,信贷扩张
2014-11-30,8527.0,95665.0,7.927653667588475,8.138606548980503,信贷扩张
2014-11-30,8527.0,95665.0,7.927653667588475,8.138606548980503,信贷扩张
2014-12-31,6973.0,97813.0,10.004835970624292,7.585463443458707,信贷扩张
2014-12-31,6973.0,97813.0,10.004835970624292,7.585463443458707,信贷扩张
2015-01-31,14707.88398,99330.88398,8.6937648874007,7.7751816295369975,信贷扩张
2015-01-31,14707.88398,99330.88398,8.6937648874007,7.775181629536997,信贷扩张
2015-02-28,11436.98154,104319.86552,13.844059541218323,8.861717740397863,信贷扩张
2015-02-28,11436.98154,104319.86552,13.844059541218323,8.861717740397863,信贷扩张
2015-03-31,9919.861996,103742.727516,13.372595803553857,10.071750169589045,信贷扩张
2015-03-31,9919.861996,103742.727516,13.372595803553855,10.071750169589043,信贷扩张
2015-04-30,8045.060387,104042.787903,13.922113593859509,11.294170577374194,信贷扩张
2015-04-30,8045.060387,104042.787903,13.922113593859509,11.294170577374194,信贷扩张
2015-05-31,8510.181814,103844.969717,11.25213699835015,11.848251132501138,信贷扩张
2015-05-31,8510.181814,103844.969717,11.25213699835015,11.848251132501138,信贷扩张
2015-06-30,13239.5588,106291.528517,11.291872341294361,12.062757194279483,信贷扩张
2015-06-30,13239.5588,106291.528517,11.29187234129436,12.062757194279484,信贷扩张
2015-07-31,5890.468935,108329.997452,17.28849250990667,13.495211798030477,信贷扩张
2015-07-31,5890.468935,108329.997452,17.28849250990667,13.495211798030477,信贷扩张
2015-08-31,7755.919617,109060.917069,18.21168348778981,14.223149122459056,信贷扩张
2015-08-31,7755.919617,109060.917069,18.21168348778981,14.223149122459057,信贷扩张
2015-09-30,10417.24486,110906.161929,19.30396825442926,15.211711197604961,信贷扩张
2015-09-30,10417.24486,110906.161929,19.30396825442926,15.21171119760496,信贷扩张
2015-10-31,5573.755665,110996.917594,18.860744446586143,16.034816339726067,信贷扩张
2015-10-31,5573.755665,110996.917594,18.860744446586143,16.034816339726067,信贷扩张
2015-11-30,8872.90243,111342.820024,16.38825069147547,16.890835288580288,信贷扩张
2015-11-30,8872.90243,111342.820024,16.38825069147547,16.890835288580288,信贷扩张
2015-12-31,8323.083231,112692.903255,15.21260287998527,17.544290378362103,信贷扩张
2015-12-31,8323.083231,112692.903255,15.21260287998527,17.544290378362103,信贷扩张
2016-01-31,25370.07022,123355.089495,24.18603817100553,18.693881321878575,信贷扩张
2016-01-31,25370.07022,123355.08949500001,24.18603817100553,18.693881321878578,信贷扩张
2016-02-29,8105.442309,120023.550264,15.05339818616742,18.16750043827485,信贷扩张
2016-02-29,8105.442309,120023.55026399999,15.05339818616742,18.16750043827485,信贷扩张
2016-03-31,13175.5618,123279.250068,18.831703214075347,18.088789598215865,信贷扩张
2016-03-31,13175.5618,123279.25006800001,18.831703214075347,18.088789598215865,信贷扩张
2016-04-30,5642.052719,120876.2424,16.17935739351195,17.64189175603683,信贷扩张
2016-04-30,5642.052719,120876.2424,16.17935739351195,17.64189175603683,信贷扩张
2016-05-31,9374.267688,121740.328274,17.2327639998054,17.78264397409182,信贷扩张
2016-05-31,9374.267688,121740.328274,17.2327639998054,17.78264397409182,信贷扩张
2016-06-30,13141.10751,121641.876984,14.441742141797231,17.654167184393813,信贷扩张
2016-06-30,13141.10751,121641.876984,14.441742141797231,17.654167184393813,信贷扩张
2016-07-31,4550.223157,120301.631206,11.051079142971943,15.465007346388218,信贷扩张
2016-07-31,4550.223157,120301.631206,11.051079142971943,15.465007346388218,信贷扩张
2016-08-31,7969.196206,120514.907795,10.502378884961484,14.70650412952056,信贷扩张
2016-08-31,7969.196206,120514.907795,10.502378884961484,14.706504129520559,信贷扩张
2016-09-30,12628.06365,122725.726585,10.657265971900332,13.344097922491391,信贷扩张
2016-09-30,12628.06365,122725.726585,10.657265971900332,13.344097922491391,信贷扩张
2016-10-31,6010.330601,123162.301521,10.960109695566555,12.474223306167156,信贷扩张
2016-10-31,6010.330601,123162.301521,10.960109695566556,12.474223306167156,信贷扩张
2016-11-30,8463.262045,122752.661136,10.247487093950557,11.310010488524684,信贷扩张
2016-11-30,8463.262045,122752.661136,10.247487093950555,11.310010488524684,信贷扩张
2016-12-31,9942.78798,124372.365885,10.36397350024063,10.630382381598583,信贷扩张
2016-12-31,9942.78798,124372.365885,10.36397350024063,10.630382381598585,信贷扩张
2017-01-31,23132.85478,122135.15044499999,-0.9889653154922851,8.62370830518788,信贷收缩
2017-01-31,23132.85478,122135.150445,-0.9889653154922852,8.62370830518788,信贷收缩
2017-02-28,10317.31825,124347.02638600001,3.602189830654279,7.473676796136679,信贷扩张
2017-02-28,10317.31825,124347.026386,3.602189830654279,7.473676796136679,信贷扩张
2017-03-31,11586.05628,122757.52086599999,-0.4232092600435444,5.6269309241460315,信贷收缩
2017-03-31,11586.05628,122757.520866,-0.4232092600435444,5.626930924146032,信贷收缩
2017-04-30,10805.68806,127921.15620699999,5.828203844794566,4.7716132823507005,信贷扩张
2017-04-30,10805.68806,127921.156207,5.828203844794566,4.7716132823507005,信贷扩张
2017-05-31,11780.35896,130327.247479,7.053471373654818,4.239277328968077,信贷扩张
2017-05-31,11780.35896,130327.247479,7.053471373654818,4.239277328968077,信贷扩张
2017-06-30,14474.35431,131660.494279,8.236158092428791,3.884641427666104,信贷扩张
2017-06-30,14474.35431,131660.494279,8.236158092428791,3.884641427666104,信贷扩张
2017-07-31,9151.560003,136261.831125,13.266819210182067,6.260605515278496,信贷扩张
2017-07-31,9151.560003,136261.831125,13.266819210182067,6.260605515278496,信贷扩张
2017-08-31,11466.15297,139758.787889,15.968049468813007,8.321582121638285,信贷扩张
2017-08-31,11466.15297,139758.787889,15.968049468813009,8.321582121638285,信贷扩张
2017-09-30,11884.84372,139015.567959,13.273371303055724,10.604345548821495,信贷扩张
2017-09-30,11884.84372,139015.567959,13.273371303055725,10.604345548821497,信贷扩张
2017-10-31,6635.249415,139640.486773,13.37924433735136,11.862852297580964,信贷扩张
2017-10-31,6635.249415,139640.486773,13.37924433735136,11.862852297580963,信贷扩张
2017-11-30,11428.46132,142605.686048,16.173193092738302,13.38280591742821,信贷扩张
2017-11-30,11428.46132,142605.686048,16.173193092738302,13.38280591742821,信贷扩张
2017-12-31,5769.490608,138432.388676,11.30478035932876,13.894242961911537,信贷扩张
2017-12-31,5769.490608,138432.388676,11.30478035932876,13.894242961911536,信贷扩张
2018-01-31,26850.25463,142149.788526,16.38728736819546,14.414320988247104,信贷扩张
2018-01-31,26850.25463,142149.788526,16.38728736819546,14.414320988247104,信贷扩张
2018-02-28,10199.48584,142031.956116,14.222237751872036,14.12335236875694,信贷扩张
2018-02-28,10199.48584,142031.956116,14.222237751872036,14.12335236875694,信贷扩张
2018-03-31,11424.56835,141870.468186,15.569675230622648,14.506069690018094,信贷扩张
2018-03-31,11424.56835,141870.468186,15.569675230622648,14.506069690018094,信贷扩张
2018-04-30,10987.35054,142052.130666,11.046628155966244,14.117300326453908,信贷扩张
2018-04-30,10987.35054,142052.130666,11.046628155966243,14.117300326453908,信贷扩张
2018-05-31,11396.18357,141667.955276,8.701716652787717,12.872054253128807,信贷扩张
2018-05-31,11396.18357,141667.955276,8.701716652787717,12.872054253128809,信贷扩张
2018-06-30,16787.34188,143980.942846,9.35774138967751,12.547547758186935,信贷扩张
2018-06-30,16787.34188,143980.942846,9.35774138967751,12.547547758186935,信贷扩张
2018-07-31,12861.15205,147690.534893,8.387311159436761,11.214218390060486,信贷扩张
2018-07-31,12861.15205,147690.534893,8.387311159436761,11.214218390060486,信贷扩张
2018-08-31,13139.99871,149364.380633,6.872979430552162,9.98934200317384,信贷扩张
2018-08-31,13139.99871,149364.380633,6.872979430552162,9.98934200317384,信贷扩张
2018-09-30,14340.99924,151820.536153,9.211175684853211,8.929592078878935,信贷扩张
2018-09-30,14340.99924,151820.536153,9.211175684853213,8.929592078878935,信贷扩张
2018-10-31,7141.282611,152326.569349,9.084816924637718,8.60262354032418,信贷扩张
2018-10-31,7141.282611,152326.569349,9.084816924637718,8.60262354032418,信贷扩张
2018-11-30,12302.32894,153200.436969,7.429402862263079,8.390571241903407,信贷扩张
2018-11-30,12302.32894,153200.436969,7.429402862263079,8.390571241903407,信贷扩张
2018-12-31,9281.464384,156712.410745,13.20501816362083,9.031784037560627,信贷扩张
2018-12-31,9281.464384,156712.410745,13.20501816362083,9.031784037560628,信贷扩张
2019-01-31,35668.35953,165530.515645,16.447950687400102,10.375223958887851,信贷扩张
2019-01-31,35668.35953,165530.515645,16.447950687400102,10.375223958887853,信贷扩张
2019-02-28,7640.641862,162971.671667,14.742960755886635,11.686887513110262,信贷扩张
2019-02-28,7640.641862,162971.671667,14.742960755886635,11.686887513110262,信贷扩张
2019-03-31,19584.39553,171131.498847,20.62517381886495,13.589220535445554,信贷扩张
2019-03-31,19584.39553,171131.498847,20.62517381886495,13.589220535445554,信贷扩张
2019-04-30,8732.827504,168876.97581099998,18.88380344542093,15.222384955576088,信贷扩张
2019-04-30,8732.827504,168876.97581099998,18.88380344542093,15.222384955576088,信贷扩张
2019-05-31,11855.45876,169336.251001,19.530384038575367,17.239215151628134,信贷扩张
2019-05-31,11855.45876,169336.251001,19.530384038575367,17.239215151628134,信贷扩张
2019-06-30,16736.89983,169285.808951,17.57514960300388,17.96757039152531,信贷扩张
2019-06-30,16736.89983,169285.808951,17.57514960300388,17.96757039152531,信贷扩张
2019-07-31,8086.072901,164510.729802,11.388810339935462,17.12438033361454,信贷扩张
2019-07-31,8086.072901,164510.729802,11.388810339935462,17.12438033361454,信贷扩张
2019-08-31,13045.18199,164415.913082,10.077056112851167,16.346729559775294,信贷扩张
2019-08-31,13045.18199,164415.913082,10.077056112851167,16.346729559775294,信贷扩张
2019-09-30,17612.4407,167687.35454200002,10.451035670833054,14.651039868436643,信贷扩张
2019-09-30,17612.4407,167687.35454200002,10.451035670833054,14.651039868436644,信贷扩张
2019-10-31,5469.638534,166015.710465,8.986706110761556,13.001523645993416,信贷扩张
2019-10-31,5469.638534,166015.710465,8.986706110761556,13.001523645993416,信贷扩张
2019-11-30,13633.17324,167346.554765,9.233732015309105,11.285414975449036,信贷扩张
2019-11-30,13633.17324,167346.554765,9.233732015309103,11.285414975449036,信贷扩张
2019-12-31,10769.81577,168834.906151,7.73550438562618,9.645474105886088,信贷扩张
2019-12-31,10769.81577,168834.906151,7.73550438562618,9.645474105886088,信贷扩张
2020-01-31,34924.0,168090.546621,1.5465613491413732,8.005099274087073,信贷扩张
2020-01-31,34924.0,168090.546621,1.5465613491413732,8.005099274087073,信贷扩张
2020-02-29,7202.0,167651.904759,2.8718077467862813,6.804224546409592,信贷扩张
2020-02-29,7202.0,167651.904759,2.8718077467862813,6.804224546409592,信贷扩张
2020-03-31,30390.0,178457.509229,4.280924570496403,5.775872696353482,信贷扩张
2020-03-31,30390.0,178457.509229,4.280924570496403,5.775872696353482,信贷扩张
2020-04-30,16239.0,185963.681725,10.117842193670468,5.964395376838302,信贷扩张
2020-04-30,16239.0,185963.681725,10.117842193670468,5.964395376838302,信贷扩张
2020-05-31,15502.0,189610.222965,11.972611797033505,6.420875340459034,信贷扩张
2020-05-31,15502.0,189610.222965,11.972611797033505,6.420875340459034,信贷扩张
2020-06-30,19029.0,191902.32313499998,13.359958713696042,7.358284395137345,信贷扩张
2020-06-30,19029.0,191902.323135,13.359958713696042,7.358284395137345,信贷扩张
2020-07-31,10221.0,194037.250234,17.948081847024323,10.091871144784504,信贷扩张
2020-07-31,10221.0,194037.25023399998,17.948081847024323,10.091871144784504,信贷扩张
2020-08-31,14201.0,195193.068244,18.719085388438252,12.733084085059831,信贷扩张
2020-08-31,14201.0,195193.068244,18.71908538843825,12.733084085059833,信贷扩张
2020-09-30,19171.0,196751.627544,17.332417868587903,14.908332968075081,信贷扩张
2020-09-30,19171.0,196751.627544,17.332417868587903,14.90833296807508,信贷扩张
2020-10-31,6663.0,197944.98901,19.23268494021921,16.427473425833206,信贷扩张
2020-10-31,6663.0,197944.98901,19.232684940219215,16.427473425833206,信贷扩张
2020-11-30,15309.0,199620.81577,19.285883148488956,17.646351984409115,信贷扩张
2020-11-30,15309.0,199620.81577,19.28588314848896,17.646351984409115,信贷扩张
2020-12-31,11458.0,200309.0,18.64193522922959,18.526681403664707,信贷扩张
2020-12-31,11458.0,200309.0,18.64193522922959,18.526681403664707,信贷扩张
2021-01-31,38182.0,203567.0,21.10556131332601,19.052927981381654,信贷扩张
2021-01-31,38182.0,203567.0,21.105561313326014,19.052927981381654,信贷扩张
2021-02-28,13413.0,209778.0,25.1271199701288,20.120933744996744,信贷扩张
2021-02-28,13413.0,209778.0,25.127119970128796,20.120933744996744,信贷扩张
2021-03-31,27511.0,206899.0,15.937402070597862,19.888431111998404,信贷扩张
2021-03-31,27511.0,206899.0,15.937402070597862,19.888431111998404,信贷扩张
2021-04-30,12840.0,203500.0,9.429969396353655,18.254645188020813,信贷扩张
2021-04-30,12840.0,203500.0,9.429969396353655,18.254645188020813,信贷扩张
2021-05-31,14294.0,202292.0,6.6883403419344845,16.155054720261735,信贷扩张
2021-05-31,14294.0,202292.0,6.6883403419344845,16.155054720261735,信贷扩张
2021-06-30,23182.0,206445.0,7.578166135471687,14.311093204635418,信贷扩张
2021-06-30,23182.0,206445.0,7.578166135471687,14.311093204635418,信贷扩张
2021-07-31,8391.0,204615.0,5.451401601106864,11.702066585932224,信贷扩张
2021-07-31,8391.0,204615.0,5.4514016011068644,11.702066585932224,信贷扩张
2021-08-31,12713.0,203127.0,4.064658559535639,8.191656350833366,信贷扩张
2021-08-31,12713.0,203127.0,4.064658559535639,8.191656350833366,信贷扩张
2021-09-30,17755.0,201711.0,2.5206258865080766,5.955526986818402,信贷扩张
2021-09-30,17755.0,201711.0,2.5206258865080766,5.955526986818402,信贷扩张
2021-10-31,7752.0,202800.0,2.4527071962173963,4.792649953462358,信贷扩张
2021-10-31,7752.0,202800.0,2.4527071962173963,4.792649953462358,信贷扩张
2021-11-30,13021.0,200512.0,0.44643852724599586,3.75233298434761,信贷扩张
2021-11-30,13021.0,200512.0,0.4464385272459958,3.75233298434761,信贷扩张
2021-12-31,10350.0,199404.0,-0.4518019659625838,2.414004967441898,信贷收缩
2021-12-31,10350.0,199404.0,-0.4518019659625838,2.414004967441898,信贷收缩
2022-01-31,41988.0,203210.0,-0.1753722361679477,1.476209327896096,信贷收缩
2022-01-31,41988.0,203210.0,-0.17537223616794773,1.476209327896096,信贷收缩
2022-02-28,9084.0,198881.0,-5.194538988835817,-0.0669902634991466,信贷收缩
2022-02-28,9084.0,198881.0,-5.194538988835817,-0.06699026349914661,信贷收缩
2022-03-31,32291.0,203661.0,-1.5650148139913722,-0.7479303802490547,信贷收缩
2022-03-31,32291.0,203661.0,-1.5650148139913722,-0.7479303802490547,信贷收缩
2022-04-30,3616.0,194437.0,-4.453562653562648,-1.8989753552123956,信贷收缩
2022-04-30,3616.0,194437.0,-4.453562653562648,-1.898975355212396,信贷收缩
2022-05-31,18230.0,198373.0,-1.9372985585193625,-2.296264869506622,信贷收缩
2022-05-31,18230.0,198373.0,-1.9372985585193625,-2.296264869506622,信贷收缩
2022-06-30,30540.0,205731.0,-0.3458548281624618,-2.2786070132066016,信贷收缩
2022-06-30,30540.0,205731.0,-0.3458548281624618,-2.2786070132066016,信贷收缩
2022-07-31,4088.0,201428.0,-1.557559318720525,-2.5089715269653645,信贷收缩
2022-07-31,4088.0,201428.0,-1.557559318720525,-2.5089715269653645,信贷收缩
2022-08-31,13344.0,202059.0,-0.525779438479379,-1.7308449352392916,信贷收缩
2022-08-31,13344.0,202059.0,-0.525779438479379,-1.7308449352392916,信贷收缩
2022-09-30,25686.0,209990.0,4.104386969476126,-0.7859446379947087,信贷扩张
2022-09-30,25686.0,209990.0,4.104386969476126,-0.7859446379947087,信贷扩张
2022-10-31,4431.0,206669.0,1.9077909270216908,0.274280958769348,信贷扩张
2022-10-31,4431.0,206669.0,1.9077909270216908,0.274280958769348,信贷扩张
2022-11-30,11448.0,205096.0,2.286147462496002,0.9781886289385754,信贷扩张
2022-11-30,11448.0,205096.0,2.286147462496002,0.9781886289385754,信贷扩张
2022-12-31,14401.0,209147.0,4.886060460171304,1.8501745103275364,信贷扩张
2022-12-31,14401.0,209147.0,4.886060460171304,1.8501745103275364,信贷扩张
2023-01-31,49314.0,216473.0,6.5267457310171695,3.1975586852838185,信贷扩张
2023-01-31,49314.0,216473.0,6.5267457310171695,3.1975586852838185,信贷扩张
2023-02-28,18184.0,225573.0,13.421091004168328,5.52203709239177,信贷扩张
2023-02-28,18184.0,225573.0,13.421091004168328,5.52203709239177,信贷扩张
2023-03-31,39487.0,232769.0,14.292378020337717,7.220035600868702,信贷扩张
2023-03-31,39487.0,232769.0,14.292378020337715,7.220035600868702,信贷扩张
2023-04-30,4431.0,233584.0,20.133513683095305,10.257656060214304,信贷扩张
2023-04-30,4431.0,233584.0,20.133513683095305,10.257656060214304,信贷扩张
2023-05-31,12219.0,227573.0,14.719745126604922,12.32992233756579,信贷扩张
2023-05-31,12219.0,227573.0,14.719745126604922,12.32992233756579,信贷扩张
2023-06-30,32413.0,229446.0,11.527188415941204,13.436776996860772,信贷扩张
2023-06-30,32413.0,229446.0,11.527188415941204,13.436776996860772,信贷扩张
2023-07-31,364.0,225722.0,12.06088527910718,14.35913358820911,信贷扩张
2023-07-31,364.0,225722.0,12.06088527910718,14.35913358820911,信贷扩张
2023-08-31,13412.0,225790.0,11.744589451595822,14.079716662780358,信贷扩张
2023-08-31,13412.0,225790.0,11.744589451595822,14.079716662780358,信贷扩张
2023-09-30,25369.0,225473.0,7.37320824801182,12.926521700726042,信贷扩张
2023-09-30,25369.0,225473.0,7.37320824801182,12.926521700726042,信贷扩张
2023-10-31,4837.0,225879.0,9.295056346138031,11.120112144566496,信贷扩张
2023-10-31,4837.0,225879.0,9.295056346138033,11.120112144566496,信贷扩张
2023-11-30,11120.0,225551.0,9.973378320396309,10.329051010198393,信贷扩张
2023-11-30,11120.0,225551.0,9.973378320396307,10.329051010198391,信贷扩张
2023-12-31,11092.0,222242.0,6.261146466360978,9.451377351935022,信贷扩张
2023-12-31,11092.0,222242.0,6.261146466360978,9.451377351935022,信贷扩张
2024-01-31,48401.0,221329.0,2.2432358769915783,7.815102451582423,信贷扩张
2024-01-31,48401.0,221329.0,2.2432358769915783,7.815102451582423,信贷扩张
2024-02-29,9773.0,212918.0,-5.610157243996405,4.922644668983717,信贷收缩
2024-02-29,9773.0,212918.0,-5.610157243996405,4.922644668983717,信贷收缩
2024-03-31,32920.0,206351.0,-11.349449454179894,1.802201718618432,信贷收缩
2024-03-31,32920.0,206351.0,-11.349449454179894,1.8022017186184318,信贷收缩
2024-04-30,3349.0,205269.0,-12.121977532707717,-1.767303927855859,信贷收缩
2024-04-30,3349.0,205269.0,-12.121977532707715,-1.767303927855859,信贷收缩
2024-05-31,8197.0,201247.0,-11.568156152091856,-5.357559673270554,信贷收缩
2024-05-31,8197.0,201247.0,-11.568156152091857,-5.357559673270554,信贷收缩
2024-06-30,21927.0,190761.0,-16.860176250621063,-9.211113459434227,信贷收缩
2024-06-30,21927.0,190761.0,-16.860176250621063,-9.211113459434229,信贷收缩
2024-07-31,-808.0,189589.0,-16.00774403912778,-12.25294344545412,信贷收缩
2024-07-31,-808.0,189589.0,-16.00774403912778,-12.25294344545412,信贷收缩
2024-08-31,10411.0,186588.0,-17.36215067097746,-14.21160901661763,信贷收缩
2024-08-31,10411.0,186588.0,-17.36215067097746,-14.21160901661763,信贷收缩
2024-09-30,19742.0,180961.0,-19.74160986016064,-15.61030241761442,信贷收缩
2024-09-30,19742.0,180961.0,-19.741609860160636,-15.610302417614419,信贷收缩
2024-10-31,2965.0,179089.0,-20.714630399461655,-17.042411228740075,信贷收缩
2024-10-31,2965.0,179089.0,-20.71463039946165,-17.042411228740075,信贷收缩
2024-11-30,5216.0,173185.0,-23.21692211517572,-18.983872222587383,信贷收缩
2024-11-30,5216.0,173185.0,-23.21692211517572,-18.983872222587383,信贷收缩
2024-12-31,8402.0,170495.0,-23.284077717083186,-20.05452246699774,信贷收缩
2024-12-31,8402.0,170495.0,-23.284077717083186,-20.05452246699774,信贷收缩
2025-01-31,52194.0,174288.0,-21.25387997054159,-20.928878455566707,信贷收缩
2025-01-31,52194.0,174288.0,-21.25387997054159,-20.928878455566707,信贷收缩
2025-02-28,6528.0,171043.0,-19.66719582186569,-21.313052647381415,信贷收缩
2025-02-28,6528.0,171043.0,-19.66719582186569,-21.31305264738141,信贷收缩
2025-03-31,38234.0,176357.0,-14.535427499745579,-20.44535558731224,信贷收缩
2025-03-31,38234.0,176357.0,-14.53542749974558,-20.44535558731224,信贷收缩
2025-04-30,884.0,173892.0,-15.285795711968198,-19.54054980606333,信贷收缩
2025-04-30,884.0,173892.0,-15.285795711968198,-19.54054980606333,信贷收缩
2025-05-31,5923.0,171618.0,-14.722703940928316,-18.124846777022093,信贷收缩
2025-05-31,5923.0,171618.0,-14.722703940928316,-18.124846777022093,信贷收缩
2025-06-30,23600.0,173291.0,-9.158056416143756,-15.770509893532187,信贷收缩
2025-06-30,23600.0,173291.0,-9.158056416143756,-15.770509893532187,信贷收缩
2025-07-31,-4296.0,169803.0,-10.436259487628497,-13.967573146380005,信贷收缩
2025-07-31,-4296.0,169803.0,-10.436259487628496,-13.967573146380005,信贷收缩
2025-08-31,6253.0,165645.0,-11.224194481960259,-12.560406256395767,信贷收缩
2025-08-31,6253.0,165645.0,-11.22419448196026,-12.560406256395767,信贷收缩
2025-09-30,16081.0,161984.0,-10.486789971319787,-11.88563333499147,信贷收缩
2025-09-30,16081.0,161984.0,-10.486789971319787,-11.88563333499147,信贷收缩
2025-10-31,-154.0,158865.0,-11.292709211621032,-11.220118918266941,信贷收缩
2025-10-31,-154.0,158865.0,-11.292709211621032,-11.22011891826694,信贷收缩
2025-11-30,4096.0,157745.0,-8.915321765741835,-10.252221889069194,信贷收缩
2025-11-30,4096.0,157745.0,-8.915321765741835,-10.252221889069194,信贷收缩
2025-12-31,9804.0,159147.0,-6.655913663157276,-9.835198096904781,信贷收缩
2025-12-31,9804.0,159147.0,-6.655913663157276,-9.83519809690478,信贷收缩
2026-01-31,49016.0,155969.0,-10.510763793261724,-9.847615481176986,信贷收缩
2026-01-31,49016.0,155969.0,-10.510763793261724,-9.847615481176986,信贷收缩
2026-02-28,8458.0,157899.0,-7.68461731845208,-9.257685953925623,信贷收缩
2026-02-28,8458.0,157899.0,-7.68461731845208,-9.257685953925623,信贷收缩
2026-03-31,31522.0,151187.0,-14.27218653073028,-9.888585380494037,信贷收缩
2026-03-31,31522.0,151187.0,-14.27218653073028,-9.888585380494035,信贷收缩
2026-04-30,-4006.0,146297.0,-15.86904515446369,-10.65130803763448,信贷收缩
2026-04-30,-4006.0,146297.0,-15.86904515446369,-10.65130803763448,信贷收缩
2026-05-31,4965.0,145339.0,-15.312496358190863,-11.717503803042653,信贷收缩
2026-05-31,4965.0,145339.0,-15.312496358190865,-11.717503803042652,信贷收缩
2026-06-30,17650.0,139389.0,-19.563624192831707,-13.868788891321724,信贷收缩
2026-06-30,17650.0,139389.0,-19.563624192831707,-13.868788891321723,信贷收缩
